indicator_id,employee_id,assessment_date,assessment_type,overall_burnout_risk,emotional_exhaustion_score,depersonalization_score,reduced_accomplishment_score,burnout_category,role_ambiguity,job_control,late_hours_frequency,weekend_work_frequency,missed_breaks_count,vacation_days_unused,sick_days_taken,absence_rate,job_satisfaction,social_support_score,manager_support_score,mental_health_support_needed,burnout_trend,predicted_burnout_30days,predicted_burnout_90days,intervention_urgency,interventions_received,last_intervention_date,intervention_effectiveness,created_at,last_updated
BI0043,EMP051,2024-12-16,Weekly,18.8,3,1,1,Low Risk,4,7,3,3,1,0,0,0.0,8,8,6,False,Stable,22.1,8.8,None,0,,,2024-12-16 09:00:00,2024-12-16 14:45:00
BI0066,EMP815,2024-10-28,Daily,11.8,2,2,1,Low Risk,0,10,2,1,0,0,2,1.5,9,8,6,False,Stable,10.9,16.8,None,0,,,2024-10-28 09:00:00,2024-10-28 16:15:00
BI0227,EMP1459,2024-01-07,Daily,2.8,1,0,1,Low Risk,0,10,4,1,0,0,2,1.5,10,3,5,False,Stable,4.2,0.0,None,0,,,2024-01-07 09:00:00,2024-01-07 14:45:00
BI0268,EMP1054,2024-12-28,Monthly,18.9,2,1,0,Low Risk,3,9,3,2,0,6,1,0.8,9,6,7,False,Decreasing,13.8,3.2,None,0,,,2024-12-28 09:00:00,2024-12-28 14:15:00
BI0288,EMP815,2024-09-13,On-Demand,1.1,0,1,1,Low Risk,2,10,0,0,0,2,0,0.0,9,7,9,False,Stable,0.0,0.0,None,0,,,2024-09-13 09:00:00,2024-09-13 16:45:00
BI0371,EMP149,2024-10-23,Weekly,21.4,2,3,3,Low Risk,0,9,1,0,2,5,4,3.1,8,6,7,False,Increasing,28.8,40.4,None,0,,,2024-10-23 09:00:00,2024-10-23 13:15:00
BI0467,EMP427,2024-01-24,Daily,19.0,3,1,2,Low Risk,0,7,5,0,1,1,2,1.5,8,6,6,False,Stable,20.2,19.1,None,0,,,2024-01-24 09:00:00,2024-01-24 11:45:00
BI0570,EMP521,2024-09-25,Monthly,26.9,4,2,2,Low Risk,4,8,6,1,1,5,4,3.1,7,3,4,False,Increasing,36.1,36.6,None,0,,,2024-09-25 09:00:00,2024-09-25 13:00:00
BI0717,EMP1245,2024-05-27,Weekly,16.0,0,1,0,Low Risk,2,10,5,0,1,1,1,0.8,7,6,7,False,Stable,17.3,17.8,None,0,,,2024-05-27 09:00:00,2024-05-27 09:45:00
BI0742,EMP450,2024-05-19,Weekly,0.0,0,2,0,Low Risk,0,10,0,0,0,0,0,0.0,9,6,5,False,Stable,0.0,2.5,None,0,,,2024-05-19 09:00:00,2024-05-19 11:00:00
BI0760,EMP1184,2024-11-10,Weekly,13.4,1,1,1,Low Risk,0,9,1,0,2,2,0,0.0,9,6,3,False,Stable,7.9,8.5,None,0,,,2024-11-10 09:00:00,2024-11-10 11:15:00
BI0765,EMP050,2025-01-25,Daily,18.0,1,1,0,Low Risk,3,9,7,2,1,7,2,1.5,8,6,7,False,Stable,16.4,28.1,None,0,,,2025-01-25 09:00:00,2025-01-25 11:00:00
BI0781,EMP1041,2024-10-04,Weekly,20.7,2,2,2,Low Risk,0,9,4,0,0,1,2,1.5,6,8,7,False,Stable,19.7,10.3,None,0,,,2024-10-04 09:00:00,2024-10-04 08:00:00
BI0782,EMP815,2024-08-29,On-Demand,27.4,3,1,3,Low Risk,2,7,3,3,2,7,2,1.5,7,7,10,False,Stable,24.8,33.8,None,1,2024-08-22,4.0,2024-08-29 09:00:00,2024-08-29 12:45:00
BI0941,EMP409,2024-08-16,On-Demand,0.0,0,1,0,Low Risk,1,10,0,0,0,0,3,2.3,9,5,10,False,Decreasing,0.0,0.0,None,0,,,2024-08-16 09:00:00,2024-08-16 13:45:00
BI1020,EMP051,2024-11-20,Weekly,20.7,2,2,1,Low Risk,1,7,1,0,1,2,1,0.8,7,10,4,False,Stable,24.2,18.9,None,0,,,2024-11-20 09:00:00,2024-11-20 13:15:00
BI1086,EMP702,2024-12-13,Daily,8.7,1,0,1,Low Risk,2,10,4,0,0,3,1,0.8,9,6,8,False,Decreasing,0.0,2.2,None,0,,,2024-12-13 09:00:00,2024-12-13 15:15:00
BI1228,EMP409,2024-04-04,Monthly,0.0,1,0,0,Low Risk,0,10,0,0,1,0,0,0.0,10,5,7,False,Stable,7.5,0.0,None,0,,,2024-04-04 09:00:00,2024-04-04 13:45:00
BI1254,EMP185,2024-07-29,Weekly,9.4,0,1,2,Low Risk,2,10,0,0,1,3,0,0.0,8,7,6,False,Stable,8.7,0.0,None,0,,,2024-07-29 09:00:00,2024-07-29 12:45:00
BI1269,EMP899,2025-01-23,Weekly,40.0,6,4,5,Moderate Risk,1,9,5,1,4,3,4,3.1,5,4,7,False,Rapidly Increasing,51.6,79.9,Monitor,2,2024-12-16,6.0,2025-01-23 09:00:00,2025-01-23 13:00:00
BI1282,EMP1054,2024-09-10,Weekly,20.6,3,0,2,Low Risk,2,8,4,2,0,2,0,0.0,8,9,6,False,Stable,16.2,21.4,None,0,,,2024-09-10 09:00:00,2024-09-10 10:30:00
BI1344,EMP1092,2025-01-07,On-Demand,27.1,2,2,2,Low Risk,2,9,3,3,2,1,2,1.5,8,9,5,False,Stable,20.1,30.6,None,1,2024-11-30,4.0,2025-01-07 09:00:00,2025-01-07 17:30:00
BI1597,EMP409,2024-02-13,Weekly,0.0,0,0,0,Low Risk,0,10,0,0,1,0,2,1.5,9,6,7,False,Decreasing,0.8,0.0,None,0,,,2024-02-13 09:00:00,2024-02-13 11:45:00
BI1759,EMP162,2024-07-29,Daily,28.7,4,3,2,Low Risk,2,9,1,3,2,1,1,0.8,8,6,7,False,Decreasing,17.2,3.9,None,0,,,2024-07-29 09:00:00,2024-07-29 16:45:00
BI1876,EMP815,2024-04-23,Weekly,27.9,4,2,2,Low Risk,3,10,2,1,3,4,2,1.5,7,10,8,False,Stable,36.2,40.1,None,0,,,2024-04-23 09:00:00,2024-04-23 14:30:00
BI1922,EMP006,2024-06-02,Weekly,6.9,1,0,1,Low Risk,0,10,3,0,0,1,1,0.8,9,9,6,False,Stable,12.9,2.3,None,0,,,2024-06-02 09:00:00,2024-06-02 16:30:00
BI1925,EMP1193,2024-04-25,Weekly,6.4,1,1,0,Low Risk,0,9,0,0,2,0,0,0.0,10,5,4,False,Stable,5.6,2.9,None,0,,,2024-04-25 09:00:00,2024-04-25 10:30:00
BI1932,EMP843,2024-10-24,Weekly,14.0,2,2,1,Low Risk,2,10,1,1,0,1,3,2.3,8,6,7,False,Stable,6.1,12.8,None,0,,,2024-10-24 09:00:00,2024-10-24 16:15:00
BI1933,EMP841,2024-03-11,On-Demand,35.7,4,5,4,Moderate Risk,4,7,4,1,4,8,4,3.1,7,8,6,False,Increasing,44.5,52.1,None,0,,,2024-03-11 09:00:00,2024-03-11 12:15:00
BI1945,EMP1184,2024-12-17,Weekly,11.0,1,2,2,Low Risk,0,9,1,0,3,0,2,1.5,9,5,7,False,Increasing,15.6,31.5,None,0,,,2024-12-17 09:00:00,2024-12-17 08:30:00
BI2001,EMP391,2024-03-23,On-Demand,7.1,1,1,0,Low Risk,0,10,1,0,1,1,5,3.8,8,8,5,False,Stable,9.2,0.0,None,0,,,2024-03-23 09:00:00,2024-03-23 18:30:00
BI2011,EMP050,2024-11-09,Weekly,26.9,1,1,3,Low Risk,0,9,7,2,2,0,2,1.5,8,7,7,False,Increasing,31.7,43.5,None,0,,,2024-11-09 09:00:00,2024-11-09 08:00:00
BI2022,EMP841,2024-07-30,Weekly,27.4,4,3,2,Low Risk,1,8,0,2,2,1,3,2.3,8,7,10,False,Stable,27.8,38.1,None,0,,,2024-07-30 09:00:00,2024-07-30 08:30:00
BI2155,EMP149,2024-11-18,Monthly,1.8,0,0,1,Low Risk,0,9,0,0,1,0,0,0.0,10,7,5,False,Decreasing,0.0,0.0,None,0,,,2024-11-18 09:00:00,2024-11-18 15:15:00
BI2158,EMP521,2024-05-26,Weekly,12.8,2,2,2,Low Risk,0,10,0,1,0,3,1,0.8,8,5,6,False,Stable,12.3,11.8,None,0,,,2024-05-26 09:00:00,2024-05-26 15:00:00
BI2179,EMP1041,2024-05-27,Weekly,14.7,1,2,1,Low Risk,0,10,4,0,2,0,0,0.0,8,7,6,False,Stable,19.1,10.1,None,1,2024-04-01,8.0,2024-05-27 09:00:00,2024-05-27 15:45:00
BI2189,EMP1184,2024-06-09,Weekly,6.0,1,0,1,Low Risk,4,8,1,1,0,0,2,1.5,10,5,4,False,Stable,8.4,8.3,None,0,,,2024-06-09 09:00:00,2024-06-09 16:00:00
BI2194,EMP841,2024-04-08,Monthly,3.4,1,1,0,Low Risk,0,9,0,0,1,0,0,0.0,10,4,6,False,Stable,0.0,3.9,None,0,,,2024-04-08 09:00:00,2024-04-08 08:00:00
BI2227,EMP450,2024-07-06,Daily,2.1,0,1,1,Low Risk,2,10,0,1,0,0,0,0.0,9,8,6,False,Stable,0.0,0.0,None,0,,,2024-07-06 09:00:00,2024-07-06 16:30:00
BI2241,EMP1193,2024-07-26,Daily,6.0,1,0,0,Low Risk,0,9,0,0,1,1,0,0.0,8,5,6,False,Stable,6.5,0.0,None,1,2024-07-14,7.0,2024-07-26 09:00:00,2024-07-26 11:45:00
BI2268,EMP1054,2024-12-10,Monthly,9.9,2,1,1,Low Risk,1,7,1,0,0,0,0,0.0,8,6,8,False,Decreasing,2.3,0.0,None,0,,,2024-12-10 09:00:00,2024-12-10 15:45:00
BI2313,EMP740,2024-08-05,Monthly,11.7,1,2,0,Low Risk,0,10,1,0,1,4,0,0.0,9,6,4,False,Stable,9.3,10.4,None,0,,,2024-08-05 09:00:00,2024-08-05 16:45:00
BI2314,EMP1054,2024-11-18,Weekly,24.1,2,3,1,Low Risk,2,7,3,1,2,2,2,1.5,8,7,5,False,Stable,23.1,24.9,None,0,,,2024-11-18 09:00:00,2024-11-18 09:45:00
BI2330,EMP076,2024-08-26,Monthly,15.6,1,3,1,Low Risk,1,9,3,0,0,0,0,0.0,8,7,8,False,Decreasing,4.0,0.0,None,0,,,2024-08-26 09:00:00,2024-08-26 17:00:00
BI2378,EMP1184,2024-12-18,Weekly,5.9,2,2,1,Low Risk,2,10,0,0,2,3,0,0.0,9,8,8,False,Increasing,7.9,22.4,None,0,,,2024-12-18 09:00:00,2024-12-18 09:45:00
BI2479,EMP185,2024-08-12,On-Demand,25.8,1,2,1,Low Risk,0,8,3,0,1,3,0,0.0,9,6,8,False,Stable,29.8,35.8,None,0,,,2024-08-12 09:00:00,2024-08-12 16:00:00
BI2480,EMP1193,2024-03-02,On-Demand,10.2,1,3,1,Low Risk,3,10,0,1,2,2,0,0.0,9,7,6,False,Stable,8.4,14.8,None,0,,,2024-03-02 09:00:00,2024-03-02 10:45:00
BI2491,EMP427,2024-03-03,Weekly,22.4,2,2,0,Low Risk,1,8,2,0,1,6,2,1.5,8,7,8,False,Stable,18.9,28.7,None,0,,,2024-03-03 09:00:00,2024-03-03 12:45:00
BI2506,EMP162,2024-03-31,Monthly,15.9,2,1,2,Low Risk,2,7,2,0,2,3,0,0.0,9,6,6,False,Increasing,25.0,42.3,None,0,,,2024-03-31 09:00:00,2024-03-31 16:30:00
BI2561,EMP1193,2024-04-08,Weekly,3.7,0,1,0,Low Risk,0,10,0,0,1,3,1,0.8,9,6,6,False,Stable,2.4,6.4,None,0,,,2024-04-08 09:00:00,2024-04-08 08:15:00
BI2586,EMP936,2025-02-13,Weekly,30.8,2,5,1,Moderate Risk,2,7,2,1,3,3,2,1.5,6,6,4,False,Increasing,48.1,52.9,None,0,,,2025-02-13 09:00:00,2025-02-13 10:30:00
BI2612,EMP006,2024-12-03,Weekly,23.4,3,1,2,Low Risk,2,9,5,2,2,4,0,0.0,8,6,8,False,Increasing,26.4,40.9,None,0,,,2024-12-03 09:00:00,2024-12-03 18:45:00
BI2621,EMP1184,2024-12-25,Weekly,3.0,0,0,1,Low Risk,2,9,2,0,1,0,0,0.0,7,7,8,False,Stable,3.2,7.2,None,0,,,2024-12-25 09:00:00,2024-12-25 10:00:00
BI2640,EMP1054,2024-04-13,Weekly,25.1,1,3,2,Low Risk,0,8,5,3,2,3,1,0.8,7,9,7,False,Increasing,32.4,48.9,None,0,,,2024-04-13 09:00:00,2024-04-13 13:15:00
BI2643,EMP1174,2024-11-15,Monthly,0.1,1,0,0,Low Risk,0,8,0,0,0,0,0,0.0,8,7,6,False,Stable,7.5,1.5,None,0,,,2024-11-15 09:00:00,2024-11-15 14:30:00
BI2713,EMP521,2024-12-26,Monthly,6.6,2,1,0,Low Risk,1,9,0,0,0,2,0,0.0,9,8,7,False,Stable,1.8,8.8,None,0,,,2024-12-26 09:00:00,2024-12-26 12:30:00
BI2907,EMP1459,2025-01-20,Weekly,13.3,3,1,1,Low Risk,0,10,2,1,1,5,2,1.5,9,5,9,False,Increasing,25.6,36.3,None,0,,,2025-01-20 09:00:00,2025-01-20 15:30:00
BI2959,EMP409,2024-12-21,On-Demand,0.0,0,1,0,Low Risk,0,9,3,0,0,0,0,0.0,10,6,5,False,Stable,0.9,0.4,None,0,,,2024-12-21 09:00:00,2024-12-21 09:15:00
BI2967,EMP1092,2025-02-11,Monthly,2.4,3,1,0,Low Risk,3,10,0,1,1,1,0,0.0,9,7,7,False,Stable,2.7,2.0,None,0,,,2025-02-11 09:00:00,2025-02-11 14:00:00
BI2991,EMP267,2024-05-22,Monthly,30.3,3,5,3,Moderate Risk,0,9,7,3,1,4,0,0.0,7,7,9,False,Increasing,37.2,48.0,None,1,2024-04-16,8.0,2024-05-22 09:00:00,2024-05-22 11:00:00
BI3004,EMP936,2024-12-16,On-Demand,10.4,2,1,0,Low Risk,1,9,0,1,0,3,0,0.0,9,5,9,False,Stable,12.3,14.7,None,0,,,2024-12-16 09:00:00,2024-12-16 11:15:00
BI3021,EMP427,2024-04-17,Weekly,14.8,1,1,3,Low Risk,0,9,2,0,0,3,0,0.0,7,5,4,False,Stable,17.4,18.5,None,0,,,2024-04-17 09:00:00,2024-04-17 09:45:00
BI3041,EMP267,2024-12-13,Monthly,28.7,3,2,1,Low Risk,2,6,4,3,1,5,1,0.8,7,6,7,False,Stable,27.8,33.3,None,0,,,2024-12-13 09:00:00,2024-12-13 11:30:00
BI3165,EMP084,2024-07-11,Daily,3.6,2,0,1,Low Risk,3,10,0,0,1,1,0,0.0,9,8,3,False,Increasing,12.2,17.8,None,0,,,2024-07-11 09:00:00,2024-07-11 11:00:00
BI3213,EMP267,2024-05-07,Monthly,25.1,3,3,1,Low Risk,3,8,4,1,1,1,1,0.8,9,7,7,False,Decreasing,20.0,13.6,None,0,,,2024-05-07 09:00:00,2024-05-07 09:00:00
BI3214,EMP1041,2024-11-25,Weekly,22.8,2,3,3,Low Risk,3,9,6,3,2,3,0,0.0,8,8,6,False,Increasing,32.2,35.6,None,0,,,2024-11-25 09:00:00,2024-11-25 14:45:00
BI3245,EMP1054,2024-11-21,Daily,29.4,3,3,2,Low Risk,4,8,3,1,1,2,5,3.8,6,7,6,False,Stable,33.6,30.2,None,1,2024-10-17,6.0,2024-11-21 09:00:00,2024-11-21 13:45:00
BI3268,EMP841,2024-09-03,Monthly,29.2,3,3,3,Low Risk,0,7,7,3,3,3,1,0.8,8,7,3,False,Increasing,37.4,48.8,None,0,,,2024-09-03 09:00:00,2024-09-03 18:15:00
BI3325,EMP1174,2024-07-01,Weekly,10.9,0,1,1,Low Risk,1,10,8,0,2,4,0,0.0,8,7,5,False,Stable,8.4,12.6,None,0,,,2024-07-01 09:00:00,2024-07-01 09:15:00
BI3385,EMP050,2024-03-28,On-Demand,12.7,2,0,0,Low Risk,0,9,1,0,0,0,1,0.8,9,7,5,False,Increasing,18.4,34.5,None,0,,,2024-03-28 09:00:00,2024-03-28 13:45:00
BI3464,EMP899,2024-02-16,Weekly,31.8,3,2,3,Moderate Risk,2,8,4,1,1,5,2,1.5,8,6,10,False,Stable,39.0,26.8,None,1,2023-12-18,4.0,2024-02-16 09:00:00,2024-02-16 08:45:00
BI3465,EMP267,2024-11-25,Monthly,22.4,2,2,3,Low Risk,4,8,0,0,1,1,0,0.0,7,8,6,False,Stable,23.7,32.5,None,0,,,2024-11-25 09:00:00,2024-11-25 16:30:00
BI3524,EMP149,2024-05-17,Weekly,12.4,0,2,0,Low Risk,1,8,0,1,0,0,4,3.1,9,5,4,False,Stable,17.1,2.9,None,0,,,2024-05-17 09:00:00,2024-05-17 11:45:00
BI3527,EMP1459,2024-03-16,Weekly,1.1,1,1,1,Low Risk,0,9,1,0,0,1,0,0.0,10,5,6,False,Stable,6.4,9.8,None,0,,,2024-03-16 09:00:00,2024-03-16 15:00:00
BI3608,EMP427,2024-12-29,Weekly,29.9,5,3,1,Low Risk,0,7,3,1,2,0,0,0.0,7,10,7,False,Increasing,34.5,55.8,None,1,2024-12-10,5.0,2024-12-29 09:00:00,2024-12-29 14:15:00
BI3706,EMP1325,2024-12-13,On-Demand,6.7,1,1,1,Low Risk,2,10,1,0,0,0,1,0.8,9,5,7,False,Decreasing,10.1,0.0,None,0,,,2024-12-13 09:00:00,2024-12-13 17:00:00
BI3750,EMP1325,2024-10-19,On-Demand,0.0,1,0,0,Low Risk,2,10,0,1,0,5,0,0.0,10,5,5,False,Decreasing,0.0,0.0,None,0,,,2024-10-19 09:00:00,2024-10-19 14:00:00
BI3760,EMP1245,2024-02-24,Daily,17.7,2,2,0,Low Risk,2,9,2,1,2,0,0,0.0,7,9,8,False,Stable,9.0,20.2,None,0,,,2024-02-24 09:00:00,2024-02-24 10:30:00
BI3864,EMP382,2024-08-08,Monthly,7.3,0,0,1,Low Risk,1,8,0,0,2,2,3,2.3,10,8,6,False,Stable,10.3,8.6,None,1,2024-07-21,6.0,2024-08-08 09:00:00,2024-08-08 10:45:00
BI3877,EMP251,2024-05-21,Weekly,3.0,1,0,1,Low Risk,1,10,0,0,0,2,0,0.0,10,6,4,False,Stable,0.0,12.2,None,0,,,2024-05-21 09:00:00,2024-05-21 11:45:00
BI3959,EMP076,2025-01-14,On-Demand,11.9,0,1,0,Low Risk,2,9,1,2,0,0,1,0.8,9,9,4,False,Decreasing,12.0,0.0,None,0,,,2025-01-14 09:00:00,2025-01-14 17:00:00
BI3979,EMP076,2024-05-28,Monthly,29.2,4,4,2,Low Risk,3,7,2,1,2,5,0,0.0,7,4,5,False,Increasing,42.6,37.2,None,0,,,2024-05-28 09:00:00,2024-05-28 18:00:00
BI4043,EMP702,2025-01-01,Daily,19.6,3,1,3,Low Risk,1,7,2,2,0,5,1,0.8,7,5,7,False,Increasing,25.5,50.9,None,0,,,2025-01-01 09:00:00,2025-01-01 16:30:00
BI4239,EMP1054,2024-04-01,Daily,23.3,3,3,2,Low Risk,1,8,4,0,1,7,4,3.1,8,8,5,False,Increasing,29.0,46.2,None,1,2024-03-09,9.0,2024-04-01 09:00:00,2024-04-01 12:15:00
BI4319,EMP611,2024-06-18,Weekly,24.5,3,2,2,Low Risk,3,9,2,0,0,4,4,3.1,8,9,9,False,Increasing,34.5,28.9,None,0,,,2024-06-18 09:00:00,2024-06-18 09:00:00
BI4337,EMP899,2024-03-11,On-Demand,32.1,2,4,3,Moderate Risk,0,6,2,1,3,4,2,1.5,5,7,6,False,Decreasing,31.5,14.6,None,0,,,2024-03-11 09:00:00,2024-03-11 16:45:00
BI4373,EMP076,2024-09-21,Weekly,2.8,0,0,0,Low Risk,0,9,1,1,0,0,1,0.8,9,7,7,False,Stable,0.0,4.0,None,1,2024-09-16,6.0,2024-09-21 09:00:00,2024-09-21 18:45:00
BI4423,EMP899,2024-08-03,Daily,33.7,4,1,2,Moderate Risk,3,8,6,2,2,7,3,2.3,5,5,6,False,Increasing,51.2,54.5,None,1,2024-07-02,6.0,2024-08-03 09:00:00,2024-08-03 12:45:00
BI4429,EMP267,2024-10-25,On-Demand,17.0,2,1,1,Low Risk,2,8,5,0,3,0,2,1.5,8,8,4,False,Decreasing,10.9,12.3,None,0,,,2024-10-25 09:00:00,2024-10-25 15:45:00
BI4442,EMP1245,2024-03-06,Weekly,1.4,0,0,0,Low Risk,1,10,0,0,0,0,0,0.0,9,7,10,False,Stable,5.5,0.0,None,0,,,2024-03-06 09:00:00,2024-03-06 13:15:00
BI4501,EMP899,2024-12-21,Weekly,19.8,2,2,2,Low Risk,0,9,7,1,2,2,1,0.8,7,3,5,False,Stable,18.1,11.7,None,0,,,2024-12-21 09:00:00,2024-12-21 08:30:00
BI4506,EMP427,2024-12-13,Weekly,16.8,1,3,2,Low Risk,0,10,3,0,1,2,3,2.3,10,6,8,False,Stable,15.0,8.0,None,0,,,2024-12-13 09:00:00,2024-12-13 12:30:00
BI4583,EMP1174,2024-11-12,Daily,5.8,0,1,1,Low Risk,1,10,4,0,0,0,1,0.8,9,5,9,False,Stable,3.1,0.0,None,0,,,2024-11-12 09:00:00,2024-11-12 15:30:00
BI4614,EMP162,2024-05-05,Monthly,39.8,5,3,2,Moderate Risk,3,8,8,1,1,6,4,3.1,6,8,5,False,Stable,32.5,40.3,Monitor,0,,,2024-05-05 09:00:00,2024-05-05 12:15:00
BI4656,EMP251,2025-01-07,On-Demand,18.1,2,1,2,Low Risk,3,9,0,0,2,1,0,0.0,8,8,7,False,Stable,17.5,23.5,None,0,,,2025-01-07 09:00:00,2025-01-07 13:30:00
BI4840,EMP409,2024-12-25,Weekly,13.6,0,1,1,Low Risk,4,9,6,0,1,5,0,0.0,9,8,6,False,Decreasing,7.8,11.2,None,0,,,2024-12-25 09:00:00,2024-12-25 14:45:00
BI4845,EMP267,2024-10-30,Monthly,15.8,2,3,1,Low Risk,1,8,0,0,1,4,2,1.5,10,7,9,False,Decreasing,11.8,8.6,None,0,,,2024-10-30 09:00:00,2024-10-30 09:00:00
BI4885,EMP162,2024-04-11,Weekly,27.8,4,3,1,Low Risk,2,8,5,1,1,4,1,0.8,7,6,6,False,Stable,21.8,19.9,None,1,2024-04-01,8.0,2024-04-11 09:00:00,2024-04-11 09:45:00
BI4892,EMP084,2024-10-07,On-Demand,0.0,1,0,0,Low Risk,0,10,5,1,1,0,1,0.8,10,4,9,False,Stable,0.0,12.5,None,0,,,2024-10-07 09:00:00,2024-10-07 10:30:00
BI4911,EMP1325,2024-08-23,Weekly,22.0,3,3,1,Low Risk,0,7,7,1,0,3,3,2.3,8,8,5,False,Increasing,34.5,54.7,None,0,,,2024-08-23 09:00:00,2024-08-23 17:45:00
BI4988,EMP899,2024-04-23,On-Demand,37.2,4,3,4,Moderate Risk,4,7,3,2,2,4,2,1.5,5,8,7,False,Increasing,46.1,48.9,None,1,2024-03-04,10.0,2024-04-23 09:00:00,2024-04-23 13:00:00
BI5115,EMP427,2025-01-11,Monthly,19.0,2,3,2,Low Risk,1,7,0,1,1,3,1,0.8,9,6,5,False,Increasing,30.4,22.4,None,0,,,2025-01-11 09:00:00,2025-01-11 17:00:00
BI5123,EMP084,2024-09-07,Monthly,35.8,4,3,2,Moderate Risk,4,7,8,1,4,7,2,1.5,6,8,5,False,Stable,37.6,38.2,None,1,2024-08-15,7.0,2024-09-07 09:00:00,2024-09-07 12:00:00
BI5174,EMP051,2024-10-17,Monthly,9.6,2,1,1,Low Risk,1,10,1,0,0,1,0,0.0,10,7,6,False,Stable,11.2,22.8,None,0,,,2024-10-17 09:00:00,2024-10-17 17:15:00
BI5177,EMP1326,2024-06-21,Weekly,28.2,3,5,1,Low Risk,0,9,4,1,1,3,1,0.8,7,8,8,False,Stable,28.8,38.3,None,1,2024-06-04,6.0,2024-06-21 09:00:00,2024-06-21 08:45:00
BI5228,EMP1325,2024-06-14,Monthly,18.6,2,1,3,Low Risk,1,10,2,0,3,0,4,3.1,8,6,5,False,Stable,20.9,11.5,None,0,,,2024-06-14 09:00:00,2024-06-14 08:00:00
BI5271,EMP287,2024-07-17,Monthly,10.8,0,2,1,Low Risk,0,10,3,0,0,1,2,1.5,9,6,5,False,Decreasing,9.1,0.0,None,0,,,2024-07-17 09:00:00,2024-07-17 09:15:00
BI5283,EMP267,2024-09-05,Monthly,10.9,2,1,1,Low Risk,3,8,0,2,0,1,0,0.0,8,4,6,False,Decreasing,4.5,0.0,None,0,,,2024-09-05 09:00:00,2024-09-05 09:00:00
BI5297,EMP702,2025-01-09,Weekly,14.9,2,3,1,Low Risk,1,8,4,1,1,1,0,0.0,7,5,6,False,Stable,10.4,11.4,None,0,,,2025-01-09 09:00:00,2025-01-09 08:45:00
BI5356,EMP611,2024-01-16,On-Demand,0.4,0,2,1,Low Risk,1,9,0,0,0,1,0,0.0,9,7,4,False,Stable,0.7,10.4,None,0,,,2024-01-16 09:00:00,2024-01-16 12:45:00
BI5374,EMP1174,2025-02-20,Monthly,19.1,1,2,2,Low Risk,2,9,5,0,1,1,0,0.0,9,5,7,False,Increasing,30.3,39.8,None,0,,,2025-02-20 09:00:00,2025-02-20 10:45:00
BI5405,EMP521,2024-02-27,Weekly,23.6,3,2,1,Low Risk,3,9,3,1,2,4,3,2.3,7,5,6,False,Decreasing,17.7,10.3,None,1,2024-01-20,9.0,2024-02-27 09:00:00,2024-02-27 18:30:00
BI5484,EMP1092,2024-11-08,Monthly,9.1,0,1,0,Low Risk,0,10,1,0,2,1,0,0.0,9,8,6,False,Decreasing,0.0,0.0,None,0,,,2024-11-08 09:00:00,2024-11-08 10:15:00
BI5526,EMP051,2024-12-26,Weekly,12.3,2,0,0,Low Risk,1,9,2,1,1,2,2,1.5,10,7,5,False,Stable,18.6,7.6,None,1,2024-12-11,5.0,2024-12-26 09:00:00,2024-12-26 11:00:00
BI5594,EMP1459,2025-01-07,Daily,10.6,0,0,1,Low Risk,0,8,0,0,0,5,0,0.0,9,7,6,False,Increasing,17.0,43.2,None,0,,,2025-01-07 09:00:00,2025-01-07 15:00:00
BI5603,EMP185,2024-04-25,Monthly,6.0,1,1,1,Low Risk,1,10,0,0,0,2,0,0.0,9,7,5,False,Increasing,12.9,2.3,None,0,,,2024-04-25 09:00:00,2024-04-25 08:45:00
BI5620,EMP287,2024-09-08,Weekly,4.2,0,1,1,Low Risk,3,9,1,1,0,0,0,0.0,8,5,8,False,Decreasing,0.0,0.0,None,0,,,2024-09-08 09:00:00,2024-09-08 14:15:00
BI5646,EMP409,2024-12-21,Monthly,8.6,0,2,0,Low Risk,0,9,0,0,0,0,0,0.0,8,10,5,False,Stable,10.3,0.0,None,0,,,2024-12-21 09:00:00,2024-12-21 15:45:00
BI5666,EMP1174,2024-11-26,Weekly,14.2,1,1,3,Low Risk,3,9,1,0,1,0,0,0.0,7,6,5,False,Stable,13.6,14.0,None,0,,,2024-11-26 09:00:00,2024-11-26 15:15:00
BI5669,EMP084,2024-01-04,Weekly,3.1,0,0,0,Low Risk,0,10,2,0,1,0,0,0.0,8,6,3,False,Stable,5.7,8.0,None,0,,,2024-01-04 09:00:00,2024-01-04 10:30:00
BI5676,EMP050,2025-02-13,Weekly,1.3,0,0,0,Low Risk,0,9,1,0,1,1,2,1.5,10,7,8,False,Decreasing,0.0,0.0,None,0,,,2025-02-13 09:00:00,2025-02-13 17:30:00
BI5698,EMP611,2024-01-09,Weekly,33.0,3,1,1,Moderate Risk,6,6,6,1,1,5,2,1.5,8,3,6,False,Stable,34.2,52.4,None,0,,,2024-01-09 09:00:00,2024-01-09 16:30:00
BI5711,EMP251,2025-01-26,Weekly,14.9,1,0,1,Low Risk,1,9,5,1,0,0,0,0.0,8,8,6,False,Increasing,25.5,27.8,None,0,,,2025-01-26 09:00:00,2025-01-26 12:30:00
BI5716,EMP450,2024-02-28,Monthly,1.8,0,0,0,Low Risk,0,9,0,0,0,2,1,0.8,9,6,7,False,Increasing,9.3,34.2,None,0,,,2024-02-28 09:00:00,2024-02-28 15:30:00
BI5919,EMP427,2024-05-27,Weekly,0.0,1,1,0,Low Risk,2,9,0,0,0,0,0,0.0,10,7,6,False,Decreasing,0.0,0.0,None,0,,,2024-05-27 09:00:00,2024-05-27 15:00:00
BI5921,EMP162,2024-09-13,Weekly,35.2,5,5,3,Moderate Risk,3,6,6,3,2,5,2,1.5,7,6,7,False,Increasing,35.8,51.5,None,1,2024-07-31,6.0,2024-09-13 09:00:00,2024-09-13 08:30:00
BI6033,EMP1184,2024-05-28,On-Demand,9.1,2,0,1,Low Risk,1,10,0,0,0,0,0,0.0,10,8,5,False,Decreasing,7.2,2.1,None,0,,,2024-05-28 09:00:00,2024-05-28 08:00:00
BI6056,EMP740,2024-05-30,Weekly,10.8,2,1,1,Low Risk,0,8,3,0,1,4,0,0.0,9,7,8,False,Stable,19.6,17.8,None,0,,,2024-05-30 09:00:00,2024-05-30 08:30:00
BI6107,EMP740,2024-05-18,Daily,3.5,1,0,0,Low Risk,0,10,3,0,0,0,0,0.0,10,8,8,False,Stable,5.6,3.5,None,0,,,2024-05-18 09:00:00,2024-05-18 08:45:00
BI6116,EMP1054,2025-01-01,Weekly,17.5,4,1,0,Low Risk,4,8,8,2,0,5,0,0.0,7,7,8,False,Stable,17.3,16.4,None,0,,,2025-01-01 09:00:00,2025-01-01 17:00:00
BI6149,EMP936,2025-02-01,Monthly,10.8,1,2,2,Low Risk,0,9,3,2,0,4,1,0.8,8,7,7,False,Stable,8.9,19.2,None,0,,,2025-02-01 09:00:00,2025-02-01 15:45:00
BI6162,EMP450,2024-02-13,Weekly,6.0,0,1,0,Low Risk,1,9,1,2,1,0,0,0.0,9,4,6,False,Stable,10.6,11.3,None,0,,,2024-02-13 09:00:00,2024-02-13 18:15:00
BI6169,EMP084,2024-09-24,Weekly,1.9,1,2,0,Low Risk,1,10,1,0,0,1,1,0.8,8,7,6,False,Stable,4.3,18.7,None,0,,,2024-09-24 09:00:00,2024-09-24 18:15:00
BI6177,EMP843,2024-06-18,Daily,21.5,2,2,1,Low Risk,1,9,1,2,2,3,0,0.0,8,7,9,False,Stable,24.7,18.2,None,0,,,2024-06-18 09:00:00,2024-06-18 08:15:00
BI6277,EMP382,2024-09-24,Weekly,9.8,2,0,0,Low Risk,2,10,0,0,1,6,1,0.8,9,9,7,False,Stable,6.2,0.0,None,0,,,2024-09-24 09:00:00,2024-09-24 11:45:00
BI6337,EMP251,2025-01-23,Weekly,5.7,1,0,1,Low Risk,1,9,0,0,0,0,1,0.8,8,3,5,False,Stable,12.7,10.8,None,0,,,2025-01-23 09:00:00,2025-01-23 16:45:00
BI6347,EMP409,2024-11-06,Weekly,0.0,0,0,1,Low Risk,0,9,0,1,0,0,0,0.0,10,5,5,False,Stable,3.8,0.0,None,0,,,2024-11-06 09:00:00,2024-11-06 18:45:00
BI6458,EMP611,2024-06-29,Monthly,23.6,2,3,1,Low Risk,3,7,4,0,2,3,3,2.3,8,5,9,False,Stable,22.1,14.8,None,0,,,2024-06-29 09:00:00,2024-06-29 17:00:00
BI6518,EMP1092,2024-10-13,Weekly,26.9,2,2,2,Low Risk,2,9,7,1,0,3,4,3.1,8,6,6,False,Increasing,34.3,53.2,None,0,,,2024-10-13 09:00:00,2024-10-13 16:15:00
BI6568,EMP841,2025-01-30,Weekly,19.8,0,2,2,Low Risk,2,9,1,0,1,1,0,0.0,8,6,6,False,Stable,19.9,28.9,None,0,,,2025-01-30 09:00:00,2025-01-30 16:15:00
BI6592,EMP450,2024-07-29,Monthly,10.3,1,0,0,Low Risk,2,9,2,0,0,0,3,2.3,8,7,4,False,Stable,20.2,24.3,None,0,,,2024-07-29 09:00:00,2024-07-29 18:15:00
BI6642,EMP1193,2024-08-24,Weekly,6.8,1,0,1,Low Risk,1,9,2,1,0,2,0,0.0,10,6,6,False,Decreasing,4.0,0.0,None,0,,,2024-08-24 09:00:00,2024-08-24 16:30:00
BI6685,EMP1041,2024-03-16,Weekly,19.5,3,3,2,Low Risk,2,8,3,1,0,3,2,1.5,7,3,7,False,Increasing,26.5,52.2,None,0,,,2024-03-16 09:00:00,2024-03-16 16:45:00
BI6695,EMP843,2024-12-29,Daily,22.2,2,3,2,Low Risk,1,9,6,2,2,1,3,2.3,8,8,4,False,Increasing,35.5,31.3,None,1,2024-12-08,5.0,2024-12-29 09:00:00,2024-12-29 10:30:00
BI6738,EMP006,2024-09-10,Weekly,14.2,2,0,3,Low Risk,0,9,2,0,1,5,0,0.0,10,8,8,False,Stable,10.8,17.1,None,1,2024-08-10,8.0,2024-09-10 09:00:00,2024-09-10 16:15:00
BI6764,EMP427,2024-03-11,Daily,16.6,2,1,1,Low Risk,3,8,6,0,1,4,2,1.5,9,3,6,False,Stable,15.7,29.1,None,0,,,2024-03-11 09:00:00,2024-03-11 14:30:00
BI6796,EMP427,2024-02-11,Weekly,6.9,0,0,1,Low Risk,1,10,1,0,0,0,0,0.0,9,5,6,False,Increasing,16.4,28.2,None,0,,,2024-02-11 09:00:00,2024-02-11 08:30:00
BI6868,EMP267,2024-10-03,Monthly,27.5,4,4,0,Low Risk,3,9,7,2,2,3,2,1.5,7,7,6,False,Stable,21.7,21.2,None,0,,,2024-10-03 09:00:00,2024-10-03 08:15:00
BI6877,EMP287,2025-01-24,On-Demand,9.7,0,0,1,Low Risk,0,9,2,1,0,3,0,0.0,10,5,8,False,Stable,13.8,27.4,None,0,,,2025-01-24 09:00:00,2025-01-24 11:30:00
BI6898,EMP006,2024-07-12,Weekly,7.2,1,2,1,Low Risk,2,9,0,0,0,2,0,0.0,9,6,5,False,Increasing,19.3,16.1,None,0,,,2024-07-12 09:00:00,2024-07-12 12:15:00
BI6959,EMP1054,2025-02-02,Daily,11.3,2,2,0,Low Risk,3,9,3,0,0,0,0,0.0,9,6,5,False,Stable,6.2,20.0,None,0,,,2025-02-02 09:00:00,2025-02-02 08:15:00
BI7026,EMP740,2025-01-04,Weekly,14.9,2,0,1,Low Risk,0,9,4,0,1,2,0,0.0,7,8,4,False,Stable,14.7,15.2,None,0,,,2025-01-04 09:00:00,2025-01-04 18:30:00
BI7067,EMP051,2025-02-03,Weekly,1.8,0,1,1,Low Risk,2,10,0,0,0,0,0,0.0,10,5,8,False,Decreasing,0.0,0.0,None,0,,,2025-02-03 09:00:00,2025-02-03 14:45:00
BI7105,EMP391,2024-07-18,Weekly,1.1,0,1,2,Low Risk,0,10,0,0,0,1,0,0.0,10,8,6,False,Stable,2.0,0.0,None,0,,,2024-07-18 09:00:00,2024-07-18 17:45:00
BI7210,EMP1193,2024-09-25,Weekly,10.4,1,3,0,Low Risk,4,9,1,0,2,0,1,0.8,9,6,8,False,Stable,4.7,12.7,None,0,,,2024-09-25 09:00:00,2024-09-25 17:30:00
BI7277,EMP450,2024-08-17,Weekly,8.4,3,0,0,Low Risk,3,9,1,0,0,0,1,0.8,7,7,9,False,Stable,6.6,0.4,None,0,,,2024-08-17 09:00:00,2024-08-17 13:15:00
BI7343,EMP1041,2024-12-20,Weekly,30.4,4,2,2,Moderate Risk,1,6,3,2,2,5,0,0.0,7,10,8,False,Stable,35.5,34.4,None,0,,,2024-12-20 09:00:00,2024-12-20 16:15:00
BI7355,EMP251,2024-03-22,Weekly,0.2,2,0,0,Low Risk,4,9,0,0,0,0,0,0.0,10,6,6,False,Decreasing,0.0,0.0,None,0,,,2024-03-22 09:00:00,2024-03-22 17:30:00
BI7367,EMP740,2024-10-29,Weekly,17.4,3,2,1,Low Risk,0,8,0,0,0,3,3,2.3,8,5,9,False,Stable,24.2,13.7,None,1,2024-10-04,6.0,2024-10-29 09:00:00,2024-10-29 13:45:00
BI7427,EMP149,2025-02-18,Weekly,16.0,3,1,1,Low Risk,0,9,3,0,2,2,0,0.0,8,8,7,False,Increasing,22.5,33.4,None,0,,,2025-02-18 09:00:00,2025-02-18 17:15:00
BI7489,EMP899,2024-05-15,Monthly,28.2,3,3,3,Low Risk,1,8,7,1,4,5,4,3.1,7,6,6,False,Decreasing,26.4,12.5,None,0,,,2024-05-15 09:00:00,2024-05-15 12:30:00
BI7491,EMP162,2024-12-05,Weekly,32.2,4,2,2,Moderate Risk,1,7,5,2,2,5,2,1.5,7,7,6,False,Stable,32.5,36.4,None,0,,,2024-12-05 09:00:00,2024-12-05 18:45:00
BI7503,EMP185,2024-09-04,Weekly,16.9,1,2,2,Low Risk,3,9,5,1,2,2,0,0.0,8,6,9,False,Stable,18.4,21.6,None,0,,,2024-09-04 09:00:00,2024-09-04 12:15:00
BI7517,EMP427,2024-08-09,Weekly,29.2,3,3,1,Low Risk,2,7,5,1,3,7,1,0.8,7,6,7,False,Increasing,41.2,43.5,None,0,,,2024-08-09 09:00:00,2024-08-09 15:00:00
BI7523,EMP841,2024-01-25,Monthly,11.6,1,2,1,Low Risk,0,9,3,1,1,6,1,0.8,8,6,8,False,Decreasing,8.1,0.0,None,0,,,2024-01-25 09:00:00,2024-01-25 11:30:00
BI7572,EMP815,2024-12-25,On-Demand,18.4,3,2,1,Low Risk,0,8,2,1,2,3,0,0.0,8,7,8,False,Stable,21.4,2.4,None,0,,,2024-12-25 09:00:00,2024-12-25 17:45:00
BI7576,EMP251,2024-09-18,Monthly,11.3,1,1,1,Low Risk,2,9,3,1,1,2,1,0.8,8,6,7,False,Stable,8.4,11.6,None,0,,,2024-09-18 09:00:00,2024-09-18 16:00:00
BI7608,EMP936,2024-09-07,Weekly,3.9,1,1,0,Low Risk,0,10,2,0,0,0,0,0.0,8,7,5,False,Stable,5.2,11.6,None,0,,,2024-09-07 09:00:00,2024-09-07 09:00:00
BI7711,EMP050,2024-05-16,Monthly,0.0,0,0,0,Low Risk,0,10,0,0,0,0,0,0.0,10,7,6,False,Increasing,9.5,23.0,None,0,,,2024-05-16 09:00:00,2024-05-16 11:00:00
BI7730,EMP815,2025-01-05,Weekly,2.0,1,1,1,Low Risk,2,10,0,0,0,0,1,0.8,10,7,5,False,Stable,5.3,0.0,None,0,,,2025-01-05 09:00:00,2025-01-05 18:30:00
BI7744,EMP450,2024-04-03,Weekly,27.9,2,1,1,Low Risk,6,9,0,1,1,4,3,2.3,7,8,8,False,Increasing,38.5,56.7,None,1,2024-03-18,6.0,2024-04-03 09:00:00,2024-04-03 13:00:00
BI7746,EMP899,2024-04-04,Monthly,33.9,5,4,2,Moderate Risk,0,8,3,3,3,1,4,3.1,6,6,8,False,Increasing,49.8,61.9,None,1,2024-03-12,6.0,2024-04-04 09:00:00,2024-04-04 08:30:00
BI7757,EMP391,2024-01-17,Weekly,9.1,1,0,2,Low Risk,0,9,0,1,0,1,0,0.0,8,8,5,False,Stable,12.9,6.1,None,0,,,2024-01-17 09:00:00,2024-01-17 17:30:00
BI7766,EMP936,2024-10-21,Weekly,13.4,1,0,0,Low Risk,2,8,2,0,0,1,0,0.0,8,7,6,False,Decreasing,4.8,0.0,None,0,,,2024-10-21 09:00:00,2024-10-21 17:00:00
BI7795,EMP1092,2024-03-07,Weekly,21.0,2,2,0,Low Risk,0,8,0,1,1,4,1,0.8,8,8,5,False,Increasing,28.2,39.5,None,0,,,2024-03-07 09:00:00,2024-03-07 15:45:00
BI7824,EMP1092,2024-03-16,Weekly,13.8,1,1,0,Low Risk,4,10,2,1,0,2,1,0.8,9,7,6,False,Increasing,20.0,28.3,None,0,,,2024-03-16 09:00:00,2024-03-16 08:15:00
BI7829,EMP841,2024-01-02,Monthly,36.5,3,4,4,Moderate Risk,4,8,7,2,2,9,1,0.8,5,4,6,False,Stable,31.4,46.5,None,0,,,2024-01-02 09:00:00,2024-01-02 08:00:00
BI7866,EMP1459,2024-05-16,Weekly,14.5,2,1,0,Low Risk,2,9,0,1,0,3,0,0.0,8,9,5,False,Stable,14.5,22.3,None,0,,,2024-05-16 09:00:00,2024-05-16 18:00:00
BI7900,EMP1326,2024-06-08,Monthly,16.6,2,1,3,Low Risk,2,10,1,0,1,3,2,1.5,9,6,6,False,Stable,19.5,15.5,None,1,2024-05-10,5.0,2024-06-08 09:00:00,2024-06-08 08:30:00
BI7947,EMP936,2024-11-08,Weekly,20.7,2,2,1,Low Risk,1,6,3,1,0,0,0,0.0,9,5,8,False,Increasing,29.5,44.1,None,0,,,2024-11-08 09:00:00,2024-11-08 14:30:00
BI7993,EMP409,2024-12-08,Monthly,10.3,2,0,0,Low Risk,0,10,0,3,1,2,0,0.0,8,8,7,False,Stable,15.2,22.1,None,0,,,2024-12-08 09:00:00,2024-12-08 12:15:00
BI8034,EMP162,2024-09-16,Weekly,42.5,3,4,4,Moderate Risk,5,6,5,0,3,8,2,1.5,5,5,6,False,Increasing,55.7,68.2,Monitor,2,2024-09-05,5.0,2024-09-16 09:00:00,2024-09-16 13:30:00
BI8035,EMP1193,2024-05-12,Weekly,9.5,1,1,1,Low Risk,0,8,0,2,2,4,0,0.0,7,6,6,False,Increasing,21.7,39.1,None,0,,,2024-05-12 09:00:00,2024-05-12 10:45:00
BI8040,EMP1459,2025-01-23,Monthly,10.4,2,1,2,Low Risk,3,9,5,1,0,0,0,0.0,9,9,5,False,Increasing,13.2,37.5,None,0,,,2025-01-23 09:00:00,2025-01-23 13:30:00
BI8046,EMP149,2025-02-16,Weekly,4.5,1,0,0,Low Risk,3,10,1,0,0,2,0,0.0,10,8,10,False,Decreasing,0.0,0.0,None,0,,,2025-02-16 09:00:00,2025-02-16 12:45:00
BI8222,EMP287,2024-03-10,Weekly,8.6,1,1,0,Low Risk,0,9,0,0,1,3,0,0.0,10,8,6,False,Stable,9.1,0.0,None,0,,,2024-03-10 09:00:00,2024-03-10 14:15:00
BI8344,EMP702,2025-02-09,Monthly,6.3,2,1,0,Low Risk,0,10,4,1,2,0,2,1.5,7,4,6,False,Stable,4.0,0.0,None,0,,,2025-02-09 09:00:00,2025-02-09 17:45:00
BI8349,EMP702,2025-01-08,Weekly,3.0,0,0,1,Low Risk,0,9,0,0,0,1,1,0.8,10,7,8,False,Stable,12.8,1.8,None,0,,,2025-01-08 09:00:00,2025-01-08 18:45:00
BI8407,EMP006,2024-09-23,Weekly,24.0,1,1,3,Low Risk,1,8,1,2,2,2,3,2.3,9,6,7,False,Increasing,31.7,41.7,None,0,,,2024-09-23 09:00:00,2024-09-23 08:15:00
BI8445,EMP267,2025-02-13,Monthly,1.5,0,1,0,Low Risk,2,9,1,0,0,2,0,0.0,10,4,8,False,Decreasing,2.3,2.4,None,0,,,2025-02-13 09:00:00,2025-02-13 17:15:00
BI8528,EMP1174,2024-08-12,Monthly,27.1,2,2,1,Low Risk,3,10,5,1,0,4,0,0.0,7,8,9,False,Increasing,31.9,51.0,None,1,2024-07-13,8.0,2024-08-12 09:00:00,2024-08-12 08:45:00
BI8555,EMP611,2024-11-02,Weekly,3.7,1,0,1,Low Risk,0,10,1,0,0,1,0,0.0,10,6,7,False,Stable,9.7,1.8,None,0,,,2024-11-02 09:00:00,2024-11-02 17:00:00
BI8583,EMP1326,2025-01-13,Weekly,35.6,5,4,3,Moderate Risk,3,9,7,3,4,6,2,1.5,5,6,6,False,Increasing,40.5,48.9,None,0,,,2025-01-13 09:00:00,2025-01-13 16:30:00
BI8741,EMP899,2024-09-11,Daily,39.4,5,4,2,Moderate Risk,2,6,7,0,3,8,3,2.3,6,8,9,False,Increasing,42.2,59.0,Monitor,1,2024-08-18,5.0,2024-09-11 09:00:00,2024-09-11 10:15:00
BI8830,EMP391,2025-01-04,Weekly,16.1,1,2,1,Low Risk,4,8,0,1,0,1,0,0.0,7,6,5,False,Increasing,27.4,43.1,None,0,,,2025-01-04 09:00:00,2025-01-04 16:45:00
BI8883,EMP051,2025-02-25,On-Demand,8.1,2,1,1,Low Risk,2,8,1,0,0,0,2,1.5,10,6,8,False,Stable,11.3,0.0,None,0,,,2025-02-25 09:00:00,2025-02-25 12:45:00
BI8947,EMP1174,2024-11-07,Weekly,12.6,0,1,0,Low Risk,0,8,1,1,0,2,0,0.0,9,4,7,False,Stable,10.0,14.2,None,0,,,2024-11-07 09:00:00,2024-11-07 09:15:00
BI9007,EMP450,2024-10-28,Weekly,9.4,2,2,0,Low Risk,1,8,0,2,0,1,0,0.0,9,8,6,False,Increasing,14.2,38.3,None,0,,,2024-10-28 09:00:00,2024-10-28 13:15:00
BI9031,EMP521,2024-05-14,On-Demand,20.8,2,2,2,Low Risk,2,9,0,1,0,2,2,1.5,7,4,7,False,Increasing,31.9,33.8,None,0,,,2024-05-14 09:00:00,2024-05-14 10:15:00
BI9094,EMP1054,2024-10-14,Weekly,11.2,1,1,2,Low Risk,2,10,2,0,1,1,0,0.0,8,5,9,False,Stable,15.0,15.8,None,0,,,2024-10-14 09:00:00,2024-10-14 16:30:00
BI9122,EMP702,2024-12-07,On-Demand,13.3,2,0,1,Low Risk,2,9,4,1,0,2,2,1.5,7,9,6,False,Stable,12.4,19.3,None,0,,,2024-12-07 09:00:00,2024-12-07 11:45:00
BI9170,EMP427,2024-05-28,Monthly,6.4,1,0,1,Low Risk,0,9,4,0,0,0,1,0.8,8,7,4,False,Stable,5.2,7.1,None,0,,,2024-05-28 09:00:00,2024-05-28 09:00:00
BI9175,EMP409,2024-08-31,Weekly,3.0,1,0,0,Low Risk,0,8,1,1,0,0,0,0.0,10,7,5,False,Stable,5.6,12.7,None,0,,,2024-08-31 09:00:00,2024-08-31 16:30:00
BI9185,EMP1054,2024-04-11,Monthly,26.9,3,4,3,Low Risk,4,9,3,1,1,6,3,2.3,8,7,9,False,Stable,30.2,26.2,None,0,,,2024-04-11 09:00:00,2024-04-11 09:15:00
BI9203,EMP899,2024-08-09,Weekly,15.7,2,1,1,Low Risk,1,9,2,1,1,3,0,0.0,7,4,8,False,Decreasing,12.8,1.5,None,0,,,2024-08-09 09:00:00,2024-08-09 15:30:00
BI9238,EMP149,2025-02-26,Weekly,22.2,3,2,1,Low Risk,2,10,5,1,2,6,2,1.5,7,6,9,False,Stable,27.6,14.0,None,0,,,2025-02-26 09:00:00,2025-02-26 13:15:00
BI9322,EMP1325,2024-09-29,Weekly,4.3,1,1,1,Low Risk,0,10,5,0,0,1,0,0.0,9,5,6,False,Decreasing,3.8,0.0,None,0,,,2024-09-29 09:00:00,2024-09-29 13:00:00
BI9415,EMP702,2025-02-16,Daily,13.7,1,2,2,Low Risk,0,10,1,1,1,4,0,0.0,8,5,6,False,Stable,21.6,7.9,None,0,,,2025-02-16 09:00:00,2025-02-16 15:15:00
BI9427,EMP427,2024-01-07,Weekly,19.6,2,2,2,Low Risk,0,9,1,0,1,2,0,0.0,7,5,7,False,Stable,16.5,23.8,None,0,,,2024-01-07 09:00:00,2024-01-07 14:15:00
BI9494,EMP267,2024-08-15,Monthly,23.4,4,1,1,Low Risk,0,10,3,2,3,3,3,2.3,7,8,7,False,Decreasing,27.1,8.3,None,0,,,2024-08-15 09:00:00,2024-08-15 08:15:00
BI9539,EMP050,2024-01-11,Monthly,11.1,1,0,1,Low Risk,1,10,1,0,0,3,3,2.3,9,8,8,False,Increasing,20.7,37.8,None,0,,,2024-01-11 09:00:00,2024-01-11 13:30:00
BI9543,EMP521,2024-02-12,Weekly,1.0,0,0,0,Low Risk,2,10,1,0,0,3,1,0.8,10,9,8,False,Increasing,9.1,19.3,None,0,,,2024-02-12 09:00:00,2024-02-12 13:00:00
BI9548,EMP050,2024-10-13,On-Demand,24.2,3,2,1,Low Risk,1,8,0,1,2,3,3,2.3,9,5,6,False,Increasing,31.0,43.6,None,1,2024-09-02,6.0,2024-10-13 09:00:00,2024-10-13 11:30:00
BI9579,EMP076,2025-01-04,Monthly,15.4,1,2,1,Low Risk,3,7,2,1,4,1,0,0.0,7,9,7,False,Decreasing,5.2,8.9,None,0,,,2025-01-04 09:00:00,2025-01-04 08:00:00
BI9581,EMP409,2024-02-03,Weekly,0.0,0,1,0,Low Risk,2,10,0,0,0,0,1,0.8,7,6,9,False,Stable,0.0,0.0,None,0,,,2024-02-03 09:00:00,2024-02-03 16:45:00
BI9608,EMP740,2025-01-22,Weekly,4.8,0,1,1,Low Risk,0,9,0,0,0,0,1,0.8,9,8,4,False,Stable,2.5,14.3,None,0,,,2025-01-22 09:00:00,2025-01-22 09:45:00
BI9661,EMP841,2024-01-11,On-Demand,29.2,4,1,3,Low Risk,3,9,4,0,1,3,3,2.3,6,3,9,False,Decreasing,24.3,28.5,None,0,,,2024-01-11 09:00:00,2024-01-11 10:30:00
BI9687,EMP427,2024-07-05,Monthly,14.1,2,1,2,Low Risk,2,10,4,0,1,1,0,0.0,10,7,8,False,Increasing,20.8,29.3,None,0,,,2024-07-05 09:00:00,2024-07-05 16:45:00
BI9765,EMP1325,2025-02-06,Monthly,21.3,3,1,3,Low Risk,0,10,4,0,1,3,3,2.3,9,6,6,False,Increasing,29.9,34.3,None,1,2024-12-17,6.0,2025-02-06 09:00:00,2025-02-06 11:00:00
BI9785,EMP815,2024-09-17,Weekly,26.0,2,3,3,Low Risk,2,8,4,2,1,2,2,1.5,7,6,6,False,Increasing,26.4,45.4,None,1,2024-09-05,8.0,2024-09-17 09:00:00,2024-09-17 14:15:00
BI9808,EMP936,2024-10-05,Monthly,10.2,2,2,0,Low Risk,0,10,4,0,0,0,1,0.8,8,5,5,False,Stable,10.8,2.2,None,0,,,2024-10-05 09:00:00,2024-10-05 08:15:00
BI9852,EMP1459,2025-02-01,Monthly,2.8,1,0,0,Low Risk,2,10,0,1,0,1,0,0.0,10,6,6,False,Stable,0.0,0.0,None,0,,,2025-02-01 09:00:00,2025-02-01 15:15:00
BI9853,EMP084,2024-01-13,Monthly,12.6,2,1,0,Low Risk,1,10,1,0,1,4,3,2.3,8,7,6,False,Increasing,15.1,33.3,None,0,,,2024-01-13 09:00:00,2024-01-13 13:30:00
BI9858,EMP841,2024-12-07,On-Demand,0.0,1,1,0,Low Risk,0,10,0,0,1,0,0,0.0,10,5,10,False,Decreasing,0.0,0.1,None,0,,,2024-12-07 09:00:00,2024-12-07 14:00:00
BI9899,EMP1245,2024-07-01,Weekly,5.1,0,1,0,Low Risk,1,10,0,0,0,3,0,0.0,9,6,3,False,Stable,9.6,0.0,None,0,,,2024-07-01 09:00:00,2024-07-01 16:00:00
BI9909,EMP251,2024-09-06,Weekly,3.5,0,2,0,Low Risk,2,10,2,0,0,0,0,0.0,9,2,6,False,Stable,10.1,8.2,None,0,,,2024-09-06 09:00:00,2024-09-06 16:00:00
BI9968,EMP162,2025-01-10,Weekly,33.0,4,1,2,Moderate Risk,2,7,8,2,1,5,2,1.5,7,5,6,False,Stable,29.3,35.7,None,0,,,2025-01-10 09:00:00,2025-01-10 11:45:00
BI9989,EMP050,2024-02-08,Weekly,3.0,1,1,1,Low Risk,0,9,0,0,0,6,2,1.5,8,6,6,False,Increasing,6.7,15.9,None,0,,,2024-02-08 09:00:00,2024-02-08 18:00:00
BI10019,EMP149,2024-04-14,Weekly,1.2,0,1,0,Low Risk,0,9,0,0,0,2,0,0.0,10,5,6,False,Increasing,11.4,17.8,None,0,,,2024-04-14 09:00:00,2024-04-14 13:00:00
BI10076,EMP409,2024-01-01,Daily,17.0,2,1,1,Low Risk,2,8,0,1,1,1,0,0.0,7,8,7,False,Decreasing,13.5,0.0,None,1,2023-11-09,7.0,2024-01-01 09:00:00,2024-01-01 12:30:00
BI10127,EMP740,2024-02-05,Weekly,14.0,2,1,2,Low Risk,2,10,2,1,2,2,0,0.0,9,7,4,False,Stable,19.8,14.8,None,0,,,2024-02-05 09:00:00,2024-02-05 08:15:00
BI10145,EMP936,2024-12-09,Weekly,23.7,2,0,2,Low Risk,3,7,7,1,2,3,0,0.0,9,5,6,False,Stable,21.5,25.3,None,0,,,2024-12-09 09:00:00,2024-12-09 18:00:00
BI10180,EMP1092,2024-12-27,Weekly,22.4,2,1,1,Low Risk,2,6,1,0,1,3,1,0.8,7,10,5,False,Stable,19.9,23.1,None,0,,,2024-12-27 09:00:00,2024-12-27 18:00:00
BI10192,EMP450,2024-06-08,Weekly,6.4,1,0,2,Low Risk,0,10,0,0,1,0,0,0.0,9,6,5,False,Stable,8.8,3.2,None,0,,,2024-06-08 09:00:00,2024-06-08 10:00:00
BI10207,EMP1184,2024-01-25,Weekly,15.1,2,1,0,Low Risk,2,7,2,1,1,1,0,0.0,8,6,6,False,Stable,21.4,11.4,None,0,,,2024-01-25 09:00:00,2024-01-25 17:45:00
BI10230,EMP391,2024-11-19,Monthly,4.7,1,0,2,Low Risk,2,10,0,2,0,0,0,0.0,9,6,6,False,Stable,8.9,7.2,None,0,,,2024-11-19 09:00:00,2024-11-19 12:45:00
BI10285,EMP162,2025-02-21,Weekly,42.0,5,4,3,Moderate Risk,4,7,5,2,2,5,4,3.1,5,5,5,False,Stable,36.6,44.6,Monitor,1,2025-01-07,8.0,2025-02-21 09:00:00,2025-02-21 16:45:00
BI10334,EMP1041,2024-06-02,Weekly,8.5,2,1,0,Low Risk,4,10,2,0,0,2,0,0.0,9,7,8,False,Decreasing,0.9,13.4,None,0,,,2024-06-02 09:00:00,2024-06-02 16:00:00
BI10376,EMP740,2025-02-03,On-Demand,36.1,3,3,3,Moderate Risk,3,8,7,3,3,5,3,2.3,7,5,5,False,Stable,36.9,33.2,None,1,2025-01-09,6.0,2025-02-03 09:00:00,2025-02-03 17:00:00
BI10381,EMP1184,2024-12-02,Monthly,0.0,0,0,0,Low Risk,0,10,0,0,0,0,0,0.0,10,9,7,False,Decreasing,0.0,0.0,None,0,,,2024-12-02 09:00:00,2024-12-02 15:00:00
BI10405,EMP1459,2024-06-27,Weekly,5.2,0,3,0,Low Risk,0,8,0,0,0,3,1,0.8,10,6,6,False,Increasing,17.0,32.1,None,0,,,2024-06-27 09:00:00,2024-06-27 16:00:00
BI10441,EMP1041,2024-01-24,Weekly,24.9,2,2,3,Low Risk,2,8,5,2,1,2,1,0.8,8,6,7,False,Stable,27.4,20.5,None,1,2023-12-19,6.0,2024-01-24 09:00:00,2024-01-24 08:45:00
BI10444,EMP1459,2024-04-28,Weekly,8.5,2,0,1,Low Risk,2,9,5,1,2,2,0,0.0,8,6,7,False,Decreasing,8.0,2.3,None,0,,,2024-04-28 09:00:00,2024-04-28 13:00:00
BI10614,EMP521,2024-01-27,Weekly,0.0,0,2,0,Low Risk,0,10,0,0,0,0,3,2.3,10,4,5,False,Decreasing,0.0,0.0,None,0,,,2024-01-27 09:00:00,2024-01-27 10:15:00
BI10667,EMP006,2024-09-28,Daily,6.8,1,2,2,Low Risk,1,10,0,0,1,0,0,0.0,9,9,8,False,Increasing,20.4,31.4,None,0,,,2024-09-28 09:00:00,2024-09-28 13:00:00
BI10680,EMP427,2024-04-27,On-Demand,18.2,1,2,2,Low Risk,1,10,2,2,1,0,2,1.5,9,6,7,False,Increasing,31.1,27.8,None,0,,,2024-04-27 09:00:00,2024-04-27 10:45:00
BI10694,EMP287,2025-01-21,Weekly,7.1,1,0,0,Low Risk,0,9,0,0,0,1,3,2.3,7,5,7,False,Decreasing,0.8,0.0,None,0,,,2025-01-21 09:00:00,2025-01-21 15:30:00
BI10699,EMP1092,2024-02-12,Weekly,20.2,3,1,3,Low Risk,2,9,5,0,2,5,0,0.0,7,7,8,False,Stable,21.4,14.3,None,0,,,2024-02-12 09:00:00,2024-02-12 12:15:00
BI10715,EMP1459,2024-09-22,Weekly,11.1,2,0,0,Low Risk,2,8,1,0,2,1,0,0.0,8,5,8,False,Stable,15.6,15.0,None,0,,,2024-09-22 09:00:00,2024-09-22 15:15:00
BI10725,EMP1041,2025-01-04,Weekly,26.5,3,2,2,Low Risk,1,7,2,1,3,4,2,1.5,7,5,6,False,Increasing,32.8,42.2,None,0,,,2025-01-04 09:00:00,2025-01-04 08:30:00
BI10779,EMP1193,2024-05-07,Weekly,8.3,1,1,1,Low Risk,1,9,2,0,2,0,0,0.0,8,6,5,False,Stable,5.6,8.1,None,0,,,2024-05-07 09:00:00,2024-05-07 18:15:00
BI10834,EMP382,2024-06-28,Weekly,5.7,1,1,2,Low Risk,2,10,1,1,1,0,2,1.5,9,6,7,False,Stable,11.7,10.4,None,0,,,2024-06-28 09:00:00,2024-06-28 18:00:00
BI10884,EMP899,2024-06-07,Weekly,27.1,2,2,2,Low Risk,1,7,4,1,1,3,4,3.1,8,6,5,False,Decreasing,16.9,11.8,None,1,2024-05-09,7.0,2024-06-07 09:00:00,2024-06-07 09:45:00
BI10958,EMP1054,2024-09-15,Daily,29.7,3,3,4,Low Risk,1,8,5,1,2,6,6,4.6,8,7,4,False,Increasing,40.7,48.0,None,1,2024-07-24,6.0,2024-09-15 09:00:00,2024-09-15 14:30:00
BI11029,EMP1245,2024-11-07,Weekly,28.2,3,1,2,Low Risk,3,9,8,2,1,6,0,0.0,7,6,7,False,Stable,27.0,33.4,None,1,2024-10-09,7.0,2024-11-07 09:00:00,2024-11-07 15:00:00
BI11057,EMP899,2024-03-12,Weekly,25.8,3,2,2,Low Risk,2,8,3,2,3,3,0,0.0,9,8,7,False,Stable,26.7,18.7,None,0,,,2024-03-12 09:00:00,2024-03-12 09:15:00
BI11065,EMP050,2024-12-12,Weekly,8.8,1,0,1,Low Risk,3,10,0,0,1,0,2,1.5,10,8,7,False,Stable,3.6,8.0,None,0,,,2024-12-12 09:00:00,2024-12-12 15:15:00
BI11078,EMP409,2024-11-16,Weekly,3.7,0,0,1,Low Risk,0,9,1,0,0,0,0,0.0,9,5,8,False,Stable,5.1,4.9,None,0,,,2024-11-16 09:00:00,2024-11-16 17:00:00
BI11092,EMP1193,2024-06-03,Weekly,11.9,1,1,2,Low Risk,2,8,1,1,0,5,0,0.0,9,7,7,False,Stable,5.9,6.1,None,0,,,2024-06-03 09:00:00,2024-06-03 18:30:00
BI11158,EMP267,2024-05-25,Weekly,33.7,3,4,4,Moderate Risk,1,8,6,1,3,6,2,1.5,8,8,7,False,Increasing,40.2,48.8,None,0,,,2024-05-25 09:00:00,2024-05-25 08:15:00
BI11177,EMP899,2024-01-03,Weekly,22.9,2,2,3,Low Risk,1,9,4,1,3,5,1,0.8,6,6,7,False,Increasing,27.5,29.6,None,0,,,2024-01-03 09:00:00,2024-01-03 08:30:00
BI11227,EMP1054,2024-05-16,Daily,18.6,3,2,2,Low Risk,0,8,4,1,1,1,0,0.0,8,8,5,False,Stable,20.4,9.0,None,0,,,2024-05-16 09:00:00,2024-05-16 11:15:00
BI11306,EMP076,2024-12-05,Monthly,21.2,3,2,1,Low Risk,0,8,1,1,2,4,0,0.0,6,4,6,False,Stable,16.8,17.9,None,0,,,2024-12-05 09:00:00,2024-12-05 17:00:00
BI11353,EMP409,2024-09-18,Monthly,12.4,0,2,0,Low Risk,0,8,5,0,0,2,0,0.0,8,6,6,False,Decreasing,2.1,8.2,None,0,,,2024-09-18 09:00:00,2024-09-18 11:45:00
BI11431,EMP287,2024-06-13,Weekly,14.8,0,2,1,Low Risk,0,10,0,0,0,5,2,1.5,8,7,9,False,Stable,11.6,1.0,None,0,,,2024-06-13 09:00:00,2024-06-13 17:45:00
BI11456,EMP149,2024-01-14,On-Demand,2.7,1,0,0,Low Risk,0,10,0,0,2,2,0,0.0,10,6,6,False,Stable,5.2,6.9,None,0,,,2024-01-14 09:00:00,2024-01-14 17:45:00
BI11502,EMP1325,2024-12-22,Weekly,15.7,3,3,2,Low Risk,0,9,2,1,2,1,0,0.0,8,8,8,False,Increasing,25.6,34.3,None,0,,,2024-12-22 09:00:00,2024-12-22 15:30:00
BI11575,EMP1174,2024-11-20,Monthly,0.4,0,1,0,Low Risk,0,10,0,0,1,0,0,0.0,8,7,6,False,Stable,0.0,0.0,None,0,,,2024-11-20 09:00:00,2024-11-20 10:30:00
BI11581,EMP162,2024-02-23,Weekly,50.4,5,4,6,Moderate Risk,0,7,5,4,3,8,2,1.5,5,6,6,False,Increasing,59.0,65.1,Monitor,1,2024-01-23,5.0,2024-02-23 09:00:00,2024-02-23 15:00:00
BI11606,EMP1184,2024-06-13,Monthly,8.5,1,1,0,Low Risk,1,10,0,0,1,2,0,0.0,8,6,6,False,Increasing,13.7,30.5,None,0,,,2024-06-13 09:00:00,2024-06-13 16:00:00
BI11609,EMP050,2024-04-15,Daily,6.7,0,0,0,Low Risk,1,10,0,0,0,2,0,0.0,9,6,5,False,Stable,1.0,17.0,None,0,,,2024-04-15 09:00:00,2024-04-15 15:30:00
BI11622,EMP409,2024-08-14,Monthly,8.8,0,0,1,Low Risk,1,10,0,0,0,0,1,0.8,9,7,9,False,Increasing,19.0,29.0,None,0,,,2024-08-14 09:00:00,2024-08-14 09:30:00
BI11634,EMP1325,2024-06-12,Weekly,8.8,1,2,1,Low Risk,0,10,0,1,0,1,0,0.0,7,5,6,False,Stable,9.7,5.9,None,0,,,2024-06-12 09:00:00,2024-06-12 10:00:00
BI11644,EMP1092,2025-01-30,Monthly,6.1,2,1,1,Low Risk,0,10,0,1,1,0,0,0.0,9,8,7,False,Decreasing,7.9,8.3,None,1,2024-12-29,6.0,2025-01-30 09:00:00,2025-01-30 11:30:00
BI11665,EMP1174,2024-08-12,Weekly,1.0,1,0,0,Low Risk,0,10,0,0,0,0,0,0.0,10,6,5,False,Stable,0.0,0.0,None,0,,,2024-08-12 09:00:00,2024-08-12 10:00:00
BI11723,EMP740,2024-11-03,Monthly,21.1,2,3,2,Low Risk,2,9,4,1,2,1,2,1.5,8,5,8,False,Increasing,29.7,33.7,None,0,,,2024-11-03 09:00:00,2024-11-03 08:45:00
BI11727,EMP287,2024-07-01,Weekly,0.5,1,0,0,Low Risk,0,9,0,0,0,0,0,0.0,10,4,4,False,Decreasing,0.0,0.0,None,0,,,2024-07-01 09:00:00,2024-07-01 13:00:00
BI11761,EMP1041,2024-07-13,Weekly,20.1,1,2,1,Low Risk,2,9,0,1,2,1,1,0.8,7,6,9,False,Increasing,25.7,35.9,None,1,2024-06-06,5.0,2024-07-13 09:00:00,2024-07-13 12:15:00
BI11782,EMP843,2024-01-17,Weekly,29.7,4,3,2,Low Risk,0,7,3,0,3,2,2,1.5,6,6,7,False,Stable,34.7,20.7,None,1,2023-12-09,9.0,2024-01-17 09:00:00,2024-01-17 09:00:00
BI11889,EMP841,2025-01-10,Weekly,0.7,1,0,0,Low Risk,0,10,1,0,0,0,2,1.5,10,9,5,False,Decreasing,0.0,0.0,None,0,,,2025-01-10 09:00:00,2025-01-10 14:15:00
BI11892,EMP084,2024-11-27,Weekly,3.0,0,1,1,Low Risk,4,10,1,0,0,0,0,0.0,9,8,8,False,Stable,2.2,1.0,None,1,2024-11-13,3.0,2024-11-27 09:00:00,2024-11-27 12:45:00
BI11954,EMP1041,2025-01-05,Daily,27.6,2,2,3,Low Risk,0,10,5,1,2,8,0,0.0,7,6,6,False,Stable,30.8,36.9,None,0,,,2025-01-05 09:00:00,2025-01-05 17:00:00
BI11979,EMP702,2025-01-29,On-Demand,6.5,0,0,1,Low Risk,0,10,0,0,0,2,0,0.0,7,7,8,False,Stable,7.7,0.0,None,0,,,2025-01-29 09:00:00,2025-01-29 18:45:00
BI11982,EMP006,2024-07-06,Daily,10.4,1,1,2,Low Risk,1,10,4,0,0,0,1,0.8,9,7,7,False,Increasing,16.9,31.0,None,1,2024-05-27,8.0,2024-07-06 09:00:00,2024-07-06 16:45:00
BI11991,EMP149,2024-11-02,Weekly,20.5,3,2,1,Low Risk,2,10,3,0,4,2,2,1.5,9,6,5,False,Increasing,27.3,40.3,None,0,,,2024-11-02 09:00:00,2024-11-02 11:45:00
BI12102,EMP391,2024-05-14,On-Demand,2.3,0,1,0,Low Risk,0,10,1,1,0,0,0,0.0,9,7,7,False,Stable,1.6,7.2,None,0,,,2024-05-14 09:00:00,2024-05-14 12:30:00
BI12105,EMP450,2024-07-30,Monthly,9.1,1,1,1,Low Risk,2,8,1,1,0,0,0,0.0,7,4,7,False,Stable,8.0,2.2,None,0,,,2024-07-30 09:00:00,2024-07-30 10:45:00
BI12119,EMP1184,2024-04-09,Monthly,7.2,0,1,0,Low Risk,0,10,3,0,0,0,0,0.0,9,6,8,False,Increasing,13.0,25.4,None,0,,,2024-04-09 09:00:00,2024-04-09 08:00:00
BI12133,EMP409,2024-09-04,On-Demand,27.4,2,1,3,Low Risk,3,9,5,1,1,3,4,3.1,7,4,7,False,Increasing,34.2,36.7,None,0,,,2024-09-04 09:00:00,2024-09-04 18:00:00
BI12298,EMP899,2024-10-26,Weekly,5.0,1,1,2,Low Risk,2,10,0,1,0,0,0,0.0,9,7,9,False,Stable,8.5,7.8,None,0,,,2024-10-26 09:00:00,2024-10-26 17:00:00
BI12306,EMP409,2024-08-24,Monthly,19.2,3,1,2,Low Risk,0,8,6,1,1,4,0,0.0,7,6,7,False,Increasing,28.5,34.9,None,0,,,2024-08-24 09:00:00,2024-08-24 18:15:00
BI12367,EMP1245,2024-03-31,Weekly,27.9,3,3,2,Low Risk,2,7,6,0,2,2,1,0.8,9,4,6,False,Stable,19.8,42.4,None,1,2024-02-04,7.0,2024-03-31 09:00:00,2024-03-31 12:00:00
BI12397,EMP899,2024-06-20,Monthly,42.0,4,5,3,Moderate Risk,0,7,9,4,3,7,3,2.3,5,4,6,False,Increasing,47.0,74.7,Monitor,2,2024-05-19,3.0,2024-06-20 09:00:00,2024-06-20 15:00:00
BI12452,EMP1174,2024-07-03,Monthly,9.6,0,1,1,Low Risk,0,9,0,1,1,0,2,1.5,9,6,9,False,Stable,12.0,0.0,None,0,,,2024-07-03 09:00:00,2024-07-03 14:15:00
BI12539,EMP382,2024-11-26,Monthly,0.0,0,0,1,Low Risk,0,10,0,0,0,0,0,0.0,10,5,7,False,Stable,0.0,2.1,None,0,,,2024-11-26 09:00:00,2024-11-26 18:00:00
BI12546,EMP149,2024-01-17,Monthly,8.9,1,0,1,Low Risk,0,9,4,0,2,2,2,1.5,8,6,8,False,Decreasing,4.7,0.0,None,0,,,2024-01-17 09:00:00,2024-01-17 17:15:00
BI12573,EMP162,2024-06-08,Weekly,22.9,3,3,2,Low Risk,4,8,5,3,1,4,0,0.0,8,6,9,False,Stable,23.0,31.8,None,1,2024-05-10,8.0,2024-06-08 09:00:00,2024-06-08 16:45:00
BI12721,EMP841,2024-01-15,Weekly,23.5,3,1,2,Low Risk,3,8,2,0,1,7,1,0.8,7,6,7,False,Decreasing,21.2,14.6,None,0,,,2024-01-15 09:00:00,2024-01-15 16:30:00
BI12775,EMP702,2024-12-16,Weekly,28.7,3,1,1,Low Risk,0,7,7,1,0,4,0,0.0,6,6,7,False,Stable,30.2,27.2,None,0,,,2024-12-16 09:00:00,2024-12-16 17:15:00
BI12785,EMP815,2024-10-12,Weekly,7.1,1,0,1,Low Risk,0,10,1,0,0,0,0,0.0,8,8,7,False,Stable,5.1,8.6,None,0,,,2024-10-12 09:00:00,2024-10-12 11:00:00
BI12919,EMP084,2024-10-03,Daily,0.0,0,2,0,Low Risk,1,9,0,0,2,2,3,2.3,9,7,6,False,Decreasing,0.8,0.0,None,0,,,2024-10-03 09:00:00,2024-10-03 15:45:00
BI12940,EMP427,2024-04-02,Weekly,10.9,2,0,0,Low Risk,0,8,1,0,0,1,0,0.0,9,6,6,False,Stable,7.1,3.8,None,1,2024-02-16,6.0,2024-04-02 09:00:00,2024-04-02 11:30:00
BI12949,EMP1325,2024-09-10,On-Demand,7.3,2,1,0,Low Risk,0,9,1,0,1,3,1,0.8,9,9,7,False,Stable,4.1,14.3,None,0,,,2024-09-10 09:00:00,2024-09-10 15:30:00
BI12961,EMP006,2024-07-24,On-Demand,9.4,1,2,1,Low Risk,1,9,4,0,1,0,0,0.0,9,7,9,False,Increasing,15.9,27.0,None,0,,,2024-07-24 09:00:00,2024-07-24 09:15:00
BI12979,EMP251,2024-08-13,Weekly,8.4,0,1,1,Low Risk,4,8,1,0,0,2,1,0.8,8,8,6,False,Decreasing,0.0,0.0,None,0,,,2024-08-13 09:00:00,2024-08-13 09:15:00
BI13026,EMP006,2024-05-24,Weekly,0.0,0,0,1,Low Risk,0,9,0,0,2,1,0,0.0,9,10,5,False,Decreasing,0.0,0.0,None,0,,,2024-05-24 09:00:00,2024-05-24 16:45:00
BI13048,EMP841,2024-08-17,Weekly,26.8,3,3,3,Low Risk,4,8,4,1,1,5,3,2.3,8,6,5,False,Stable,31.8,36.4,None,1,2024-08-07,7.0,2024-08-17 09:00:00,2024-08-17 18:30:00
BI13068,EMP841,2024-07-25,Monthly,7.5,2,2,1,Low Risk,1,10,0,0,1,1,0,0.0,9,6,4,False,Stable,8.1,0.1,None,0,,,2024-07-25 09:00:00,2024-07-25 09:45:00
BI13091,EMP287,2024-11-15,Weekly,10.3,0,1,1,Low Risk,0,10,0,1,1,2,1,0.8,8,6,6,False,Decreasing,2.3,12.0,None,0,,,2024-11-15 09:00:00,2024-11-15 17:15:00
BI13102,EMP450,2024-10-31,Monthly,1.0,0,0,0,Low Risk,0,7,2,0,1,0,0,0.0,8,9,6,False,Decreasing,0.1,0.0,None,0,,,2024-10-31 09:00:00,2024-10-31 09:45:00
BI13118,EMP815,2024-01-28,Weekly,23.0,2,2,2,Low Risk,1,6,5,1,1,0,0,0.0,8,3,6,False,Stable,30.7,20.1,None,0,,,2024-01-28 09:00:00,2024-01-28 08:30:00
BI13139,EMP1326,2025-02-26,Weekly,16.2,1,1,2,Low Risk,1,7,6,1,2,6,0,0.0,8,5,7,False,Stable,17.1,20.6,None,0,,,2025-02-26 09:00:00,2025-02-26 13:00:00
BI13157,EMP267,2024-11-16,Monthly,23.3,3,3,2,Low Risk,1,8,5,2,1,0,3,2.3,8,9,8,False,Stable,29.6,19.8,None,0,,,2024-11-16 09:00:00,2024-11-16 12:45:00
BI13169,EMP843,2024-01-31,Weekly,3.2,0,0,1,Low Risk,5,10,0,0,1,0,0,0.0,9,3,8,False,Stable,0.0,0.0,None,0,,,2024-01-31 09:00:00,2024-01-31 17:15:00
BI13229,EMP162,2024-01-27,Weekly,26.5,2,2,3,Low Risk,3,9,4,1,1,3,3,2.3,5,8,6,False,Stable,25.5,26.1,None,1,2023-12-23,5.0,2024-01-27 09:00:00,2024-01-27 17:15:00
BI13298,EMP1092,2024-07-18,Weekly,13.6,3,1,2,Low Risk,2,9,0,0,1,3,3,2.3,8,7,5,False,Increasing,24.8,42.1,None,0,,,2024-07-18 09:00:00,2024-07-18 13:00:00
BI13326,EMP076,2024-05-19,Daily,25.2,2,0,3,Low Risk,3,8,5,1,2,7,2,1.5,9,5,6,False,Stable,22.9,15.8,None,1,2024-04-20,8.0,2024-05-19 09:00:00,2024-05-19 09:30:00
BI13327,EMP740,2025-02-07,Monthly,16.6,1,2,1,Low Risk,0,8,2,0,1,3,0,0.0,8,8,10,False,Stable,15.8,7.0,None,1,2025-01-18,4.0,2025-02-07 09:00:00,2025-02-07 11:45:00
BI13504,EMP084,2024-04-06,Monthly,11.5,0,2,0,Low Risk,0,8,3,1,0,0,0,0.0,8,6,6,False,Stable,10.4,16.8,None,0,,,2024-04-06 09:00:00,2024-04-06 16:30:00
BI13527,EMP1245,2024-10-23,Weekly,3.9,1,1,0,Low Risk,0,10,0,2,0,1,2,1.5,9,8,3,False,Decreasing,1.0,0.0,None,0,,,2024-10-23 09:00:00,2024-10-23 14:30:00
BI13617,EMP162,2024-11-05,Monthly,46.3,4,4,4,Moderate Risk,4,8,7,1,2,9,3,2.3,5,6,8,False,Increasing,50.2,62.3,Monitor,2,2024-10-30,8.0,2024-11-05 09:00:00,2024-11-05 11:00:00
BI13620,EMP050,2024-01-04,Weekly,0.0,1,1,0,Low Risk,1,10,0,0,0,0,1,0.8,9,7,5,False,Stable,2.4,0.0,None,0,,,2024-01-04 09:00:00,2024-01-04 08:00:00
BI13686,EMP267,2024-05-15,On-Demand,25.7,3,3,3,Low Risk,1,10,8,1,2,4,4,3.1,8,8,6,False,Stable,22.4,33.2,None,0,,,2024-05-15 09:00:00,2024-05-15 14:15:00
BI13690,EMP1193,2024-01-22,Monthly,5.2,1,1,2,Low Risk,1,10,0,0,0,2,0,0.0,9,1,7,False,Decreasing,0.0,4.6,None,0,,,2024-01-22 09:00:00,2024-01-22 14:30:00
BI13694,EMP251,2024-08-23,On-Demand,6.1,0,0,0,Low Risk,1,10,4,1,0,1,0,0.0,9,6,5,False,Increasing,17.1,13.5,None,0,,,2024-08-23 09:00:00,2024-08-23 08:45:00
BI13755,EMP287,2024-07-04,Monthly,16.8,2,1,1,Low Risk,0,9,4,0,3,2,0,0.0,7,8,7,False,Increasing,23.2,35.0,None,1,2024-05-09,6.0,2024-07-04 09:00:00,2024-07-04 09:30:00
BI13763,EMP084,2024-04-01,Monthly,5.8,0,1,1,Low Risk,1,9,0,0,1,0,1,0.8,9,8,7,False,Decreasing,2.0,0.0,None,0,,,2024-04-01 09:00:00,2024-04-01 18:30:00
BI13777,EMP611,2025-02-18,Weekly,12.6,1,1,1,Low Risk,2,8,3,0,0,2,1,0.8,9,7,7,False,Increasing,11.9,36.2,None,0,,,2025-02-18 09:00:00,2025-02-18 09:30:00
BI13855,EMP427,2024-08-28,Weekly,10.2,1,1,1,Low Risk,0,10,0,0,0,0,0,0.0,9,8,6,False,Decreasing,0.0,3.2,None,0,,,2024-08-28 09:00:00,2024-08-28 15:30:00
BI13864,EMP1325,2024-02-12,Weekly,17.9,3,1,1,Low Risk,1,8,2,1,1,4,1,0.8,7,8,5,False,Stable,14.2,30.5,None,0,,,2024-02-12 09:00:00,2024-02-12 18:45:00
BI13977,EMP899,2024-11-27,Weekly,26.1,2,4,1,Low Risk,4,9,4,1,2,4,0,0.0,7,7,8,False,Stable,30.0,32.4,None,1,2024-11-11,7.0,2024-11-27 09:00:00,2024-11-27 16:15:00
BI14011,EMP1245,2024-01-03,Weekly,0.0,0,1,0,Low Risk,1,9,0,0,0,0,0,0.0,8,5,9,False,Decreasing,0.0,0.0,None,0,,,2024-01-03 09:00:00,2024-01-03 09:15:00
BI14026,EMP521,2024-01-05,Weekly,0.2,0,1,0,Low Risk,0,9,0,2,1,0,0,0.0,10,9,6,False,Decreasing,0.0,0.0,None,0,,,2024-01-05 09:00:00,2024-01-05 08:15:00
BI14185,EMP843,2024-01-31,Weekly,17.9,2,3,1,Low Risk,5,8,2,1,0,0,3,2.3,8,4,5,False,Decreasing,7.0,6.5,None,0,,,2024-01-31 09:00:00,2024-01-31 10:45:00
BI14275,EMP287,2024-04-30,Monthly,0.0,0,0,0,Low Risk,0,10,0,0,0,2,0,0.0,10,8,7,False,Stable,0.0,7.9,None,0,,,2024-04-30 09:00:00,2024-04-30 11:45:00
BI14444,EMP1245,2024-03-04,Monthly,0.6,1,1,0,Low Risk,0,9,0,0,0,0,0,0.0,10,4,7,False,Increasing,5.8,25.1,None,0,,,2024-03-04 09:00:00,2024-03-04 16:30:00
BI14482,EMP843,2024-03-16,Daily,15.7,2,2,0,Low Risk,2,10,1,0,2,2,0,0.0,7,6,5,False,Decreasing,13.6,11.4,None,0,,,2024-03-16 09:00:00,2024-03-16 15:00:00
BI14507,EMP1326,2024-01-16,Weekly,33.6,4,2,3,Moderate Risk,2,7,7,0,2,5,1,0.8,7,6,8,False,Increasing,45.8,56.3,None,1,2023-11-28,6.0,2024-01-16 09:00:00,2024-01-16 17:45:00
BI14548,EMP899,2025-01-26,Daily,22.8,2,3,2,Low Risk,0,8,5,2,1,2,1,0.8,8,5,5,False,Stable,27.1,19.1,None,0,,,2025-01-26 09:00:00,2025-01-26 12:30:00
BI14616,EMP1326,2024-09-15,Monthly,20.8,1,3,1,Low Risk,0,9,5,0,2,3,0,0.0,6,7,6,False,Stable,18.3,17.4,None,0,,,2024-09-15 09:00:00,2024-09-15 11:15:00
BI14634,EMP1041,2024-03-23,Monthly,21.5,2,1,1,Low Risk,1,10,5,1,0,2,3,2.3,6,6,7,False,Stable,21.9,24.8,None,0,,,2024-03-23 09:00:00,2024-03-23 10:00:00
BI14652,EMP815,2024-05-31,Weekly,0.0,0,0,0,Low Risk,0,10,2,0,0,2,3,2.3,10,7,9,False,Decreasing,0.0,1.7,None,0,,,2024-05-31 09:00:00,2024-05-31 08:15:00
BI14695,EMP287,2025-01-18,Weekly,8.2,1,0,0,Low Risk,0,9,0,0,1,2,0,0.0,9,6,6,False,Stable,13.4,4.4,None,0,,,2025-01-18 09:00:00,2025-01-18 15:15:00
BI14710,EMP084,2024-11-01,Weekly,7.2,2,0,0,Low Risk,1,9,0,0,0,0,0,0.0,8,5,5,False,Decreasing,0.0,0.0,None,0,,,2024-11-01 09:00:00,2024-11-01 08:45:00
BI14880,EMP051,2024-12-03,Weekly,10.5,1,0,1,Low Risk,2,8,2,0,0,1,0,0.0,9,4,7,False,Decreasing,6.5,6.6,None,0,,,2024-12-03 09:00:00,2024-12-03 13:45:00
BI14892,EMP702,2025-01-27,Weekly,0.0,0,1,0,Low Risk,0,10,1,0,0,0,0,0.0,10,3,6,False,Stable,0.8,2.8,None,0,,,2025-01-27 09:00:00,2025-01-27 10:45:00
BI14972,EMP740,2025-02-05,Monthly,21.2,2,2,2,Low Risk,2,8,1,3,0,0,0,0.0,8,8,7,False,Stable,19.9,35.2,None,0,,,2025-02-05 09:00:00,2025-02-05 15:15:00
BI15019,EMP287,2024-07-13,Weekly,4.9,0,2,1,Low Risk,1,8,0,2,1,1,0,0.0,9,8,6,False,Stable,2.4,5.9,None,0,,,2024-07-13 09:00:00,2024-07-13 17:00:00
BI15104,EMP841,2024-09-04,Weekly,22.5,3,3,2,Low Risk,3,8,4,0,0,1,4,3.1,8,4,7,False,Stable,16.5,22.8,None,0,,,2024-09-04 09:00:00,2024-09-04 15:00:00
BI15138,EMP409,2024-01-20,Weekly,13.6,1,1,2,Low Risk,4,9,2,1,0,2,1,0.8,8,5,5,False,Stable,20.7,11.0,None,0,,,2024-01-20 09:00:00,2024-01-20 17:45:00
BI15164,EMP740,2024-01-20,Monthly,1.9,0,1,2,Low Risk,0,9,0,0,0,0,0,0.0,7,6,5,False,Stable,0.0,0.0,None,0,,,2024-01-20 09:00:00,2024-01-20 09:30:00
BI15323,EMP076,2024-11-01,Weekly,9.8,2,1,0,Low Risk,0,8,2,0,0,3,2,1.5,8,4,6,False,Decreasing,6.4,0.0,None,0,,,2024-11-01 09:00:00,2024-11-01 13:30:00
BI15328,EMP251,2025-01-25,Weekly,23.8,2,2,0,Low Risk,2,7,7,2,2,5,1,0.8,9,7,8,False,Increasing,29.9,37.9,None,1,2025-01-13,7.0,2025-01-25 09:00:00,2025-01-25 10:00:00
BI15344,EMP006,2024-05-05,On-Demand,13.1,2,0,2,Low Risk,0,9,0,0,0,3,0,0.0,9,5,7,False,Stable,13.5,21.6,None,0,,,2024-05-05 09:00:00,2024-05-05 09:30:00
BI15430,EMP427,2024-01-24,Weekly,16.5,1,0,1,Low Risk,2,10,4,1,0,3,0,0.0,9,7,7,False,Decreasing,7.6,2.5,None,0,,,2024-01-24 09:00:00,2024-01-24 15:15:00
BI15447,EMP702,2025-01-16,Daily,13.3,2,2,1,Low Risk,1,9,2,0,0,0,1,0.8,8,6,7,False,Increasing,21.7,35.1,None,0,,,2025-01-16 09:00:00,2025-01-16 14:30:00
BI15579,EMP1193,2024-10-15,Weekly,2.7,2,0,1,Low Risk,0,9,0,1,0,4,0,0.0,9,6,5,False,Stable,2.7,0.0,None,0,,,2024-10-15 09:00:00,2024-10-15 09:00:00
BI15618,EMP1054,2024-07-19,Monthly,9.5,2,0,1,Low Risk,0,9,0,0,1,0,0,0.0,9,4,7,False,Stable,5.1,17.3,None,0,,,2024-07-19 09:00:00,2024-07-19 12:30:00
BI15662,EMP162,2024-05-20,Monthly,22.8,3,1,2,Low Risk,2,9,0,1,2,7,0,0.0,8,5,9,False,Decreasing,15.6,11.4,None,0,,,2024-05-20 09:00:00,2024-05-20 17:15:00
BI15683,EMP006,2024-07-07,Weekly,9.6,1,0,1,Low Risk,1,9,0,0,0,0,0,0.0,8,6,5,False,Stable,15.5,11.4,None,0,,,2024-07-07 09:00:00,2024-07-07 13:00:00
BI15686,EMP1184,2024-11-08,Weekly,28.8,2,2,3,Low Risk,1,8,1,2,1,6,1,0.8,7,7,6,False,Increasing,41.8,49.0,None,1,2024-09-12,7.0,2024-11-08 09:00:00,2024-11-08 18:45:00
BI15695,EMP427,2024-03-27,Monthly,23.4,2,2,1,Low Risk,0,9,5,2,2,5,2,1.5,7,6,8,False,Stable,26.7,31.3,None,1,2024-03-11,6.0,2024-03-27 09:00:00,2024-03-27 12:45:00
BI15726,EMP076,2024-05-15,Monthly,27.2,4,2,2,Low Risk,3,10,5,2,2,5,1,0.8,8,8,6,False,Increasing,32.7,37.1,None,0,,,2024-05-15 09:00:00,2024-05-15 11:45:00
BI15881,EMP050,2024-02-17,Weekly,15.5,1,1,0,Low Risk,1,10,4,0,1,0,1,0.8,9,6,5,False,Increasing,26.2,35.2,None,1,2024-01-05,9.0,2024-02-17 09:00:00,2024-02-17 17:15:00
BI15942,EMP409,2024-08-06,Monthly,18.3,2,2,1,Low Risk,0,8,3,2,1,5,2,1.5,7,6,9,False,Stable,14.6,20.0,None,0,,,2024-08-06 09:00:00,2024-08-06 13:15:00
BI16041,EMP162,2024-11-05,Weekly,12.0,2,0,2,Low Risk,2,10,1,2,0,6,2,1.5,7,4,7,False,Decreasing,4.5,7.6,None,0,,,2024-11-05 09:00:00,2024-11-05 15:00:00
BI16053,EMP936,2024-11-11,Weekly,7.5,0,1,1,Low Risk,2,9,0,0,0,0,0,0.0,8,4,6,False,Stable,0.0,6.5,None,0,,,2024-11-11 09:00:00,2024-11-11 18:15:00
BI16198,EMP084,2024-03-31,Daily,2.0,0,1,0,Low Risk,0,9,0,1,1,2,0,0.0,10,6,7,False,Increasing,10.9,25.5,None,0,,,2024-03-31 09:00:00,2024-03-31 15:30:00
BI16237,EMP162,2024-05-29,Weekly,16.7,2,2,1,Low Risk,0,9,1,0,0,4,2,1.5,8,5,7,False,Increasing,27.1,48.8,None,0,,,2024-05-29 09:00:00,2024-05-29 12:00:00
BI16245,EMP815,2024-10-10,Monthly,0.6,1,0,0,Low Risk,0,9,0,0,0,0,0,0.0,9,7,6,False,Stable,4.5,9.3,None,0,,,2024-10-10 09:00:00,2024-10-10 10:30:00
BI16264,EMP899,2024-03-15,Monthly,31.2,4,3,3,Moderate Risk,1,8,3,1,3,3,3,2.3,7,9,5,False,Stable,33.5,33.6,None,0,,,2024-03-15 09:00:00,2024-03-15 15:45:00
BI16382,EMP899,2024-12-17,Weekly,18.0,2,3,2,Low Risk,2,8,4,0,0,3,0,0.0,7,7,6,False,Stable,16.0,29.7,None,0,,,2024-12-17 09:00:00,2024-12-17 11:00:00
BI16476,EMP267,2025-02-23,Weekly,15.7,2,3,0,Low Risk,0,8,2,0,0,3,0,0.0,9,8,6,False,Stable,19.7,6.6,None,0,,,2025-02-23 09:00:00,2025-02-23 13:30:00
BI16480,EMP815,2024-10-30,On-Demand,0.0,0,1,0,Low Risk,0,10,0,0,0,1,0,0.0,10,7,7,False,Stable,1.2,0.0,None,0,,,2024-10-30 09:00:00,2024-10-30 12:15:00
BI16513,EMP936,2024-09-09,Weekly,10.9,1,1,0,Low Risk,4,9,2,0,1,5,0,0.0,9,8,7,False,Stable,12.8,2.7,None,0,,,2024-09-09 09:00:00,2024-09-09 13:00:00
BI16644,EMP740,2024-08-05,Monthly,30.6,3,2,2,Moderate Risk,2,7,4,1,5,4,4,3.1,7,4,7,False,Stable,31.9,22.3,None,0,,,2024-08-05 09:00:00,2024-08-05 17:30:00
BI16684,EMP1326,2024-08-13,Weekly,39.9,4,4,3,Moderate Risk,2,7,3,2,3,10,2,1.5,6,5,5,False,Increasing,42.6,64.2,Monitor,0,,,2024-08-13 09:00:00,2024-08-13 12:30:00
BI16713,EMP740,2024-04-18,Weekly,23.9,4,3,2,Low Risk,1,9,1,1,3,6,0,0.0,7,5,7,False,Increasing,34.4,43.9,None,0,,,2024-04-18 09:00:00,2024-04-18 18:15:00
BI16733,EMP382,2024-07-15,Weekly,7.5,1,0,0,Low Risk,0,10,0,1,0,0,0,0.0,8,6,4,False,Increasing,9.1,22.9,None,0,,,2024-07-15 09:00:00,2024-07-15 16:15:00
BI16749,EMP1193,2024-08-18,Weekly,20.8,2,2,2,Low Risk,3,9,6,0,2,8,3,2.3,9,6,7,False,Increasing,31.6,39.0,None,0,,,2024-08-18 09:00:00,2024-08-18 17:00:00
BI16858,EMP051,2025-02-03,Weekly,7.8,2,1,2,Low Risk,1,9,1,0,1,0,2,1.5,8,7,4,False,Stable,15.6,4.2,None,0,,,2025-02-03 09:00:00,2025-02-03 13:00:00
BI16887,EMP1459,2024-12-08,Weekly,9.8,1,0,0,Low Risk,0,10,2,0,0,0,2,1.5,8,4,6,False,Stable,10.2,11.3,None,0,,,2024-12-08 09:00:00,2024-12-08 12:00:00
BI16888,EMP841,2025-01-23,Monthly,23.5,1,2,2,Low Risk,2,9,5,0,2,2,1,0.8,9,7,5,False,Stable,26.9,26.0,None,1,2024-12-27,8.0,2025-01-23 09:00:00,2025-01-23 18:30:00
BI16901,EMP427,2024-05-18,Daily,9.1,1,1,0,Low Risk,2,9,3,1,0,2,4,3.1,10,6,5,False,Stable,12.9,5.7,None,0,,,2024-05-18 09:00:00,2024-05-18 10:00:00
BI16924,EMP1092,2025-01-25,Monthly,0.0,0,0,0,Low Risk,0,9,0,0,1,1,0,0.0,8,3,3,False,Decreasing,0.0,0.0,None,0,,,2025-01-25 09:00:00,2025-01-25 15:45:00
BI17021,EMP427,2024-10-01,Weekly,0.9,0,0,0,Low Risk,0,10,0,1,0,0,0,0.0,10,5,7,False,Stable,7.5,0.0,None,0,,,2024-10-01 09:00:00,2024-10-01 16:45:00
BI17066,EMP843,2025-01-22,Weekly,17.6,2,3,2,Low Risk,0,8,4,0,2,1,1,0.8,8,7,2,False,Stable,14.6,22.2,None,0,,,2025-01-22 09:00:00,2025-01-22 18:00:00
BI17087,EMP1193,2025-01-08,Weekly,12.3,1,2,0,Low Risk,0,8,1,0,0,0,0,0.0,8,5,6,False,Stable,15.0,0.0,None,0,,,2025-01-08 09:00:00,2025-01-08 12:45:00
BI17322,EMP006,2024-05-19,Weekly,23.2,1,2,1,Low Risk,2,9,1,3,0,2,4,3.1,7,7,6,False,Stable,23.1,7.1,None,0,,,2024-05-19 09:00:00,2024-05-19 13:00:00
BI17367,EMP1092,2024-09-07,Daily,27.0,3,3,2,Low Risk,3,6,6,2,3,2,1,0.8,7,6,6,False,Stable,28.3,26.3,None,0,,,2024-09-07 09:00:00,2024-09-07 11:15:00
BI17433,EMP899,2024-04-10,Weekly,24.1,3,4,3,Low Risk,0,8,4,0,1,0,0,0.0,8,6,6,False,Stable,26.5,28.8,None,1,2024-03-04,9.0,2024-04-10 09:00:00,2024-04-10 13:15:00
BI17486,EMP450,2024-05-27,On-Demand,6.9,1,1,0,Low Risk,0,9,1,1,1,2,0,0.0,8,6,6,False,Stable,2.9,14.6,None,0,,,2024-05-27 09:00:00,2024-05-27 13:15:00
BI17502,EMP409,2024-10-27,Weekly,19.5,3,2,1,Low Risk,1,8,5,1,0,1,3,2.3,8,5,6,False,Stable,21.8,10.5,None,0,,,2024-10-27 09:00:00,2024-10-27 15:30:00
BI17508,EMP1041,2024-01-19,Weekly,15.7,3,2,1,Low Risk,2,10,1,1,1,3,5,3.8,9,8,9,False,Stable,11.8,22.5,None,0,,,2024-01-19 09:00:00,2024-01-19 15:00:00
BI17574,EMP162,2024-03-17,Weekly,30.2,2,3,3,Moderate Risk,5,8,6,2,2,4,1,0.8,8,7,7,False,Stable,30.7,31.6,None,1,2024-02-16,6.0,2024-03-17 09:00:00,2024-03-17 14:30:00
BI17620,EMP162,2024-05-31,Weekly,44.7,4,6,3,Moderate Risk,2,6,9,2,2,9,4,3.1,6,5,6,False,Increasing,46.4,68.5,Monitor,1,2024-05-07,9.0,2024-05-31 09:00:00,2024-05-31 09:30:00
BI17655,EMP287,2024-01-02,Weekly,13.7,2,0,1,Low Risk,1,8,6,0,0,1,1,0.8,7,7,6,False,Decreasing,12.8,5.3,None,0,,,2024-01-02 09:00:00,2024-01-02 09:00:00
BI17689,EMP1054,2024-07-14,Weekly,5.2,1,1,1,Low Risk,0,10,1,0,0,6,0,0.0,8,6,5,False,Stable,0.0,0.5,None,0,,,2024-07-14 09:00:00,2024-07-14 14:00:00
BI17697,EMP185,2024-10-30,On-Demand,0.0,0,1,0,Low Risk,0,8,3,1,0,0,0,0.0,9,8,10,False,Stable,1.4,0.0,None,0,,,2024-10-30 09:00:00,2024-10-30 10:45:00
BI17710,EMP149,2024-12-25,On-Demand,20.6,2,2,2,Low Risk,0,9,6,0,3,4,2,1.5,8,7,7,False,Stable,14.1,10.3,None,0,,,2024-12-25 09:00:00,2024-12-25 18:00:00
BI17773,EMP427,2024-06-17,Monthly,0.0,1,0,0,Low Risk,0,10,0,1,0,0,0,0.0,10,6,8,False,Stable,3.0,0.0,None,0,,,2024-06-17 09:00:00,2024-06-17 12:00:00
BI17892,EMP1041,2024-09-14,Monthly,19.9,2,2,3,Low Risk,3,9,2,1,2,3,4,3.1,8,7,7,False,Decreasing,12.1,27.2,None,0,,,2024-09-14 09:00:00,2024-09-14 15:15:00
BI17911,EMP251,2024-10-21,Weekly,4.4,2,0,0,Low Risk,1,10,0,0,1,0,4,3.1,10,6,7,False,Decreasing,0.0,0.0,None,0,,,2024-10-21 09:00:00,2024-10-21 13:15:00
BI17955,EMP1326,2024-09-28,Weekly,21.5,3,0,2,Low Risk,1,6,4,0,1,3,3,2.3,6,7,5,False,Decreasing,22.3,11.3,None,0,,,2024-09-28 09:00:00,2024-09-28 08:30:00
BI18071,EMP1245,2025-01-09,On-Demand,10.3,1,2,2,Low Risk,0,8,2,0,0,1,0,0.0,8,7,8,False,Increasing,24.7,29.7,None,0,,,2025-01-09 09:00:00,2025-01-09 12:15:00
BI18082,EMP702,2024-12-20,Weekly,8.4,1,1,2,Low Risk,0,9,0,0,0,0,0,0.0,7,7,7,False,Stable,8.2,12.9,None,0,,,2024-12-20 09:00:00,2024-12-20 17:30:00
BI18122,EMP1459,2024-11-01,Monthly,2.3,1,0,0,Low Risk,0,10,0,0,1,3,0,0.0,10,5,8,False,Decreasing,0.0,0.0,None,0,,,2024-11-01 09:00:00,2024-11-01 15:00:00
BI18196,EMP841,2024-05-26,On-Demand,15.9,2,1,1,Low Risk,0,8,2,1,1,0,5,3.8,8,4,6,False,Stable,18.0,10.8,None,0,,,2024-05-26 09:00:00,2024-05-26 16:00:00
BI18231,EMP287,2024-12-14,On-Demand,4.9,1,0,1,Low Risk,2,9,1,2,0,4,1,0.8,10,6,7,False,Decreasing,0.0,0.4,None,0,,,2024-12-14 09:00:00,2024-12-14 15:15:00
BI18248,EMP841,2024-06-29,Daily,18.7,2,2,1,Low Risk,2,8,0,1,0,3,0,0.0,9,7,10,False,Increasing,27.4,50.1,None,0,,,2024-06-29 09:00:00,2024-06-29 18:15:00
BI18255,EMP1245,2024-07-05,Monthly,20.3,2,3,1,Low Risk,4,10,3,2,2,3,0,0.0,8,9,8,False,Increasing,27.5,34.3,None,0,,,2024-07-05 09:00:00,2024-07-05 08:15:00
BI18262,EMP450,2024-08-18,Weekly,7.5,0,2,1,Low Risk,0,8,0,0,2,5,0,0.0,8,5,7,False,Stable,4.5,20.8,None,0,,,2024-08-18 09:00:00,2024-08-18 10:45:00
BI18308,EMP1092,2024-01-28,Weekly,4.8,2,0,1,Low Risk,1,9,0,0,1,0,0,0.0,9,7,4,False,Stable,9.6,4.8,None,0,,,2024-01-28 09:00:00,2024-01-28 14:15:00
BI18317,EMP084,2024-12-17,Monthly,0.0,0,0,0,Low Risk,0,10,0,0,0,2,2,1.5,9,4,7,False,Decreasing,0.0,0.0,None,0,,,2024-12-17 09:00:00,2024-12-17 09:30:00
BI18377,EMP1245,2024-02-25,Daily,1.6,1,1,1,Low Risk,3,10,0,0,1,0,0,0.0,9,7,8,False,Increasing,9.5,22.7,None,0,,,2024-02-25 09:00:00,2024-02-25 15:30:00
BI18406,EMP076,2024-03-17,Monthly,16.2,3,1,3,Low Risk,2,8,1,0,0,3,0,0.0,9,7,4,False,Increasing,24.2,43.8,None,0,,,2024-03-17 09:00:00,2024-03-17 17:45:00
BI18418,EMP1245,2024-02-19,Monthly,2.0,1,1,0,Low Risk,0,10,2,0,0,2,1,0.8,9,7,7,False,Increasing,5.5,22.4,None,0,,,2024-02-19 09:00:00,2024-02-19 09:45:00
BI18478,EMP391,2024-01-22,Monthly,2.9,0,0,0,Low Risk,0,10,0,1,0,3,0,0.0,9,8,7,False,Increasing,5.8,20.4,None,0,,,2024-01-22 09:00:00,2024-01-22 09:45:00
BI18504,EMP611,2024-06-27,Weekly,2.9,1,1,2,Low Risk,0,10,0,1,0,0,0,0.0,10,5,6,False,Stable,6.9,0.7,None,0,,,2024-06-27 09:00:00,2024-06-27 12:45:00
BI18576,EMP1054,2024-08-08,On-Demand,18.4,1,2,2,Low Risk,1,9,6,0,2,3,2,1.5,8,5,6,False,Increasing,24.1,31.9,None,0,,,2024-08-08 09:00:00,2024-08-08 13:00:00
BI18671,EMP521,2024-03-02,Monthly,17.8,2,1,1,Low Risk,2,9,1,1,1,0,2,1.5,9,7,6,False,Increasing,26.5,38.2,None,0,,,2024-03-02 09:00:00,2024-03-02 11:15:00
BI18689,EMP702,2025-01-28,On-Demand,26.5,2,2,2,Low Risk,0,7,5,1,2,2,3,2.3,8,6,8,False,Stable,27.8,27.6,None,0,,,2025-01-28 09:00:00,2025-01-28 12:30:00
BI18749,EMP251,2024-11-01,Weekly,17.6,2,2,2,Low Risk,0,7,2,0,2,6,2,1.5,9,8,7,False,Increasing,28.5,55.9,None,0,,,2024-11-01 09:00:00,2024-11-01 09:15:00
BI18751,EMP076,2024-06-23,Weekly,20.2,3,3,2,Low Risk,2,9,1,1,1,1,0,0.0,9,7,7,False,Stable,22.8,26.6,None,0,,,2024-06-23 09:00:00,2024-06-23 12:15:00
BI18782,EMP287,2024-05-26,On-Demand,15.3,1,2,1,Low Risk,1,8,2,1,0,0,0,0.0,9,2,6,False,Increasing,29.5,37.7,None,0,,,2024-05-26 09:00:00,2024-05-26 10:00:00
BI18802,EMP1245,2024-03-26,Weekly,14.9,1,1,0,Low Risk,1,9,0,0,1,4,2,1.5,9,5,5,False,Stable,14.3,14.3,None,0,,,2024-03-26 09:00:00,2024-03-26 13:45:00
BI18809,EMP084,2024-03-31,On-Demand,1.2,0,1,0,Low Risk,1,10,2,0,0,1,0,0.0,9,6,8,False,Increasing,4.1,18.9,None,0,,,2024-03-31 09:00:00,2024-03-31 08:45:00
BI18817,EMP391,2024-05-21,Weekly,21.6,2,1,3,Low Risk,1,8,2,0,2,2,1,0.8,7,5,6,False,Increasing,30.0,38.7,None,0,,,2024-05-21 09:00:00,2024-05-21 12:00:00
BI18915,EMP1041,2024-05-20,Monthly,16.3,2,3,3,Low Risk,1,10,5,0,1,1,0,0.0,8,5,9,False,Decreasing,4.3,11.8,None,0,,,2024-05-20 09:00:00,2024-05-20 09:45:00
BI18939,EMP050,2024-03-08,Monthly,5.0,1,0,1,Low Risk,0,9,4,1,1,1,0,0.0,9,8,6,False,Stable,5.1,0.0,None,0,,,2024-03-08 09:00:00,2024-03-08 13:45:00
BI19074,EMP702,2025-02-06,Weekly,3.9,0,1,0,Low Risk,0,10,0,0,1,0,0,0.0,9,7,6,False,Stable,0.0,0.0,None,0,,,2025-02-06 09:00:00,2025-02-06 13:15:00
BI19110,EMP936,2024-12-15,Weekly,5.3,1,0,0,Low Risk,0,10,0,0,0,0,1,0.8,10,8,8,False,Decreasing,0.0,0.0,None,0,,,2024-12-15 09:00:00,2024-12-15 15:00:00
BI19138,EMP076,2024-07-17,Daily,16.3,3,1,1,Low Risk,1,8,7,1,1,7,1,0.8,8,4,5,False,Stable,9.6,14.8,None,0,,,2024-07-17 09:00:00,2024-07-17 10:00:00
BI19260,EMP185,2024-01-19,Monthly,7.7,0,1,1,Low Risk,0,10,0,0,0,0,2,1.5,8,8,5,False,Stable,6.3,1.1,None,1,2023-12-06,8.0,2024-01-19 09:00:00,2024-01-19 11:30:00
BI19283,EMP899,2024-03-15,Weekly,34.8,3,2,4,Moderate Risk,4,7,6,0,2,6,2,1.5,7,7,7,False,Stable,27.0,33.6,None,1,2024-03-09,6.0,2024-03-15 09:00:00,2024-03-15 08:15:00
BI19316,EMP1459,2024-05-04,Daily,8.9,0,2,2,Low Risk,2,9,0,0,0,0,2,1.5,8,7,5,False,Stable,9.2,4.9,None,0,,,2024-05-04 09:00:00,2024-05-04 15:15:00
BI19424,EMP185,2024-12-25,Weekly,37.3,5,4,4,Moderate Risk,3,5,5,1,3,5,5,3.8,5,4,8,False,Increasing,46.5,66.9,None,0,,,2024-12-25 09:00:00,2024-12-25 17:45:00
BI19440,EMP1325,2024-04-18,On-Demand,13.5,1,3,1,Low Risk,6,9,0,0,1,1,0,0.0,8,7,5,False,Stable,15.8,20.5,None,0,,,2024-04-18 09:00:00,2024-04-18 10:30:00
BI19467,EMP1326,2025-01-22,Monthly,30.3,4,2,2,Moderate Risk,2,7,1,2,0,4,3,2.3,7,3,4,False,Increasing,38.4,56.6,None,1,2024-12-28,7.0,2025-01-22 09:00:00,2025-01-22 11:15:00
BI19544,EMP287,2024-12-26,Monthly,0.0,1,0,0,Low Risk,3,10,0,0,0,0,0,0.0,10,6,5,False,Decreasing,0.0,0.5,None,0,,,2024-12-26 09:00:00,2024-12-26 11:30:00
BI19557,EMP1041,2025-02-04,On-Demand,7.4,1,1,1,Low Risk,0,10,0,1,0,0,0,0.0,9,6,8,False,Decreasing,3.4,0.0,None,0,,,2025-02-04 09:00:00,2025-02-04 11:15:00
BI19576,EMP287,2024-08-20,Weekly,0.0,1,1,1,Low Risk,0,8,0,0,0,0,1,0.8,10,6,7,False,Stable,2.5,9.9,None,0,,,2024-08-20 09:00:00,2024-08-20 16:00:00
BI19579,EMP521,2024-11-13,Monthly,23.6,1,2,0,Low Risk,1,9,2,1,3,2,0,0.0,9,4,8,False,Stable,23.4,18.6,None,0,,,2024-11-13 09:00:00,2024-11-13 09:30:00
BI19637,EMP287,2024-10-26,Weekly,6.8,0,2,2,Low Risk,0,10,0,0,0,0,0,0.0,9,6,4,False,Increasing,13.6,24.2,None,0,,,2024-10-26 09:00:00,2024-10-26 18:15:00
BI19639,EMP611,2024-03-07,On-Demand,15.2,1,4,0,Low Risk,0,9,7,1,0,3,0,0.0,9,3,6,False,Decreasing,13.5,0.0,None,0,,,2024-03-07 09:00:00,2024-03-07 16:45:00
BI19661,EMP1459,2024-02-22,Daily,0.3,1,0,0,Low Risk,0,10,0,1,1,0,0,0.0,10,8,8,False,Stable,0.0,7.6,None,0,,,2024-02-22 09:00:00,2024-02-22 12:30:00
BI19663,EMP006,2024-07-19,Monthly,0.0,0,1,1,Low Risk,0,10,0,0,0,5,0,0.0,10,6,7,False,Stable,0.0,0.0,None,0,,,2024-07-19 09:00:00,2024-07-19 16:15:00
BI19668,EMP185,2024-09-30,Weekly,18.3,2,1,1,Low Risk,1,6,3,1,2,3,3,2.3,8,7,9,False,Stable,14.1,6.0,None,0,,,2024-09-30 09:00:00,2024-09-30 12:15:00
BI19699,EMP382,2024-01-31,Weekly,19.3,1,1,2,Low Risk,2,7,2,1,1,6,2,1.5,7,6,8,False,Stable,17.5,23.9,None,0,,,2024-01-31 09:00:00,2024-01-31 18:45:00
BI19714,EMP006,2024-04-28,Weekly,28.9,4,3,2,Low Risk,1,8,3,1,3,3,3,2.3,7,6,5,False,Increasing,38.2,38.3,None,0,,,2024-04-28 09:00:00,2024-04-28 11:30:00
BI19723,EMP740,2024-11-01,Daily,38.9,4,3,3,Moderate Risk,1,7,7,3,4,5,4,3.1,6,5,5,False,Increasing,40.7,63.4,Monitor,1,2024-10-10,9.0,2024-11-01 09:00:00,2024-11-01 17:45:00
BI19732,EMP702,2024-12-27,Weekly,3.3,1,1,1,Low Risk,0,10,5,2,0,0,2,1.5,8,6,8,False,Stable,0.4,0.0,None,0,,,2024-12-27 09:00:00,2024-12-27 10:00:00
BI19825,EMP702,2025-02-21,Daily,8.9,0,0,1,Low Risk,0,10,1,0,3,2,0,0.0,9,6,4,False,Stable,14.6,0.2,None,0,,,2025-02-21 09:00:00,2025-02-21 11:30:00
BI19879,EMP740,2024-04-26,Monthly,29.9,3,2,3,Low Risk,4,7,8,1,5,0,0,0.0,7,6,8,False,Stable,25.7,36.9,None,0,,,2024-04-26 09:00:00,2024-04-26 08:00:00
BI19928,EMP391,2024-05-25,Weekly,19.1,0,1,1,Low Risk,0,8,4,0,2,0,3,2.3,8,5,6,False,Stable,19.7,25.7,None,0,,,2024-05-25 09:00:00,2024-05-25 11:45:00
BI19982,EMP702,2024-12-19,On-Demand,7.0,2,0,0,Low Risk,2,9,0,0,1,2,0,0.0,9,7,8,False,Decreasing,1.7,3.0,None,0,,,2024-12-19 09:00:00,2024-12-19 12:30:00
