assignment_id,task_id,employee_id,project_id,assignment_date,assignment_method,assigned_by,acceptance_status,acceptance_date,skill_match_score,availability_match_score,workload_compatibility_score,experience_match_score,overall_suitability_score,team_compatibility_score,assignment_success,completion_status,reassignment_count,reassignment_reason,quality_rating,on_time_completion,efficiency_score,assignment_satisfaction,created_at,last_updated
ASG0025,TSK4868,EMP843,PRJ726,2023-04-25,AI-Recommended,EMP470,Accepted,2023-04-27,0.0,75.0,57.0,88.8,47.9,74.9,True,Completed,0,,7.0,True,83.8,3,2023-04-25 09:00:00,2023-05-21 16:15:00
ASG0036,TSK3034,EMP936,PRJ626,2024-07-28,AI-Recommended,EMP248,Accepted,2024-07-30,0.0,95.6,100.0,23.7,51.2,74.8,False,Cancelled,0,,,,,5,2024-07-28 09:00:00,2024-08-26 17:45:00
ASG0161,TSK3170,EMP1184,PRJ401,2024-04-19,Auto-Scheduled,EMP757,Accepted,2024-04-19,0.0,66.6,74.0,100.0,49.4,88.1,False,Completed,0,,6.0,False,150.0,4,2024-04-19 09:00:00,2024-04-20 14:45:00
ASG0237,TSK6852,EMP409,PRJ533,2023-05-26,Manual,EMP417,Pending,,50.0,75.9,62.1,95.8,65.8,68.8,False,In Progress,0,,,,,5,2023-05-26 09:00:00,2023-06-07 14:30:00
ASG0285,TSK2360,EMP899,PRJ278,2024-03-07,AI-Recommended,EMP033,Accepted,2024-03-08,100.0,84.4,100.0,92.0,96.0,60.4,False,Cancelled,0,,,,,10,2024-03-07 09:00:00,2024-03-14 11:00:00
ASG0290,TSK1677,EMP1184,PRJ486,2023-12-20,AI-Recommended,EMP1267,Accepted,2023-12-21,0.0,75.6,84.0,66.2,50.4,91.5,True,Completed,0,,8.0,True,150.0,7,2023-12-20 09:00:00,2024-01-17 16:45:00
ASG0294,TSK6727,EMP1325,PRJ545,2024-09-10,AI-Recommended,EMP1252,Renegotiated,,0.0,36.3,17.5,19.0,20.9,67.5,True,Completed,0,,7.0,True,150.0,1,2024-09-10 09:00:00,2024-10-07 13:00:00
ASG0328,TSK2848,EMP899,PRJ146,2023-06-05,AI-Recommended,EMP1347,Accepted,2023-06-07,100.0,98.4,91.0,96.4,96.0,77.8,False,Reassigned,1,Overload,,,,9,2023-06-05 09:00:00,2023-06-13 14:15:00
ASG0355,TSK0724,EMP076,PRJ096,2023-08-12,Auto-Scheduled,EMP709,Accepted,2023-08-14,0.0,75.8,98.4,73.9,54.7,65.9,True,Completed,0,,7.0,True,87.5,6,2023-08-12 09:00:00,2023-08-23 17:45:00
ASG0357,TSK1716,EMP162,PRJ196,2023-05-10,Manual,EMP954,Accepted,2023-05-11,50.0,51.6,40.9,98.4,54.0,79.5,True,Completed,0,,8.0,True,76.0,5,2023-05-10 09:00:00,2023-05-24 16:00:00
ASG0427,TSK4520,EMP1174,PRJ458,2024-08-21,Auto-Scheduled,EMP016,Accepted,2024-08-21,0.0,13.3,41.1,24.9,18.0,66.2,True,Completed,0,,9.0,True,150.0,2,2024-08-21 09:00:00,2024-09-04 12:45:00
ASG0483,TSK2112,EMP1174,PRJ622,2024-06-14,Auto-Scheduled,EMP395,Accepted,2024-06-14,50.0,28.4,16.6,18.0,34.0,77.8,False,Cancelled,0,,,,,4,2024-06-14 09:00:00,2024-06-17 10:15:00
ASG0505,TSK8326,EMP899,PRJ639,2023-06-04,Manual,EMP1249,Accepted,2023-06-05,50.0,95.4,88.8,94.0,80.0,64.0,False,Completed,0,,6.0,False,150.0,7,2023-06-04 09:00:00,2023-06-05 16:00:00
ASG0551,TSK3625,EMP251,PRJ448,2024-09-29,Auto-Scheduled,EMP1114,Accepted,2024-10-01,50.0,71.6,73.0,83.3,69.3,58.9,False,Reassigned,1,Leave,,,,6,2024-09-29 09:00:00,2024-10-06 15:15:00
ASG0649,TSK9492,EMP1054,PRJ365,2024-03-19,AI-Recommended,EMP1387,Renegotiated,,0.0,54.6,41.8,47.6,31.2,78.8,False,In Progress,0,,,,,1,2024-03-19 09:00:00,2024-04-12 09:00:00
ASG0809,TSK5265,EMP051,PRJ020,2024-09-09,Auto-Scheduled,EMP193,Accepted,2024-09-09,0.0,76.0,74.0,73.3,58.1,76.9,True,Completed,0,,7.0,True,114.5,4,2024-09-09 09:00:00,2024-09-29 18:00:00
ASG0814,TSK2429,EMP1092,PRJ323,2024-05-16,Auto-Scheduled,EMP418,Accepted,2024-05-17,0.0,44.9,39.8,94.9,39.4,64.1,False,In Progress,0,,,,,2,2024-05-16 09:00:00,2024-05-17 12:45:00
ASG0820,TSK3995,EMP1041,PRJ407,2024-06-13,AI-Recommended,EMP1038,Declined,,0.0,35.5,16.6,86.0,30.7,79.9,False,Reassigned,0,,,,,1,2024-06-13 09:00:00,2024-06-25 08:15:00
ASG0823,TSK7307,EMP843,PRJ703,2024-03-27,Manual,EMP974,Accepted,2024-03-28,0.0,73.9,57.7,87.7,48.1,76.1,False,In Progress,0,,,,,3,2024-03-27 09:00:00,2024-04-21 09:00:00
ASG0832,TSK8053,EMP450,PRJ784,2024-06-12,Auto-Scheduled,EMP988,Accepted,2024-06-13,0.0,76.7,79.2,97.6,55.1,87.6,False,Completed,0,,8.0,False,150.0,4,2024-06-12 09:00:00,2024-07-05 17:15:00
ASG0867,TSK7240,EMP1193,PRJ460,2024-06-14,Manual,EMP248,Accepted,2024-06-14,0.0,92.1,71.6,84.3,52.6,61.6,False,Reassigned,2,Leave,,,,3,2024-06-14 09:00:00,2024-07-08 10:45:00
ASG0952,TSK5267,EMP251,PRJ768,2024-01-09,Manual,EMP1239,Accepted,2024-01-10,0.0,93.7,79.2,79.8,54.6,73.0,False,Completed,0,,9.0,False,135.0,5,2024-01-09 09:00:00,2024-02-04 17:45:00
ASG0964,TSK2247,EMP149,PRJ679,2024-03-28,AI-Recommended,EMP282,Accepted,2024-03-28,0.0,80.1,99.9,82.3,60.3,70.0,False,In Progress,0,,,,,3,2024-03-28 09:00:00,2024-04-20 15:15:00
ASG0965,TSK3147,EMP185,PRJ769,2024-08-10,Manual,EMP950,Accepted,2024-08-11,0.0,76.8,67.8,45.7,40.7,85.8,False,Cancelled,0,,,,,5,2024-08-10 09:00:00,2024-08-28 14:45:00
ASG0984,TSK5552,EMP1041,PRJ470,2024-09-05,Auto-Scheduled,EMP236,Accepted,2024-09-05,0.0,34.3,25.5,82.7,27.8,73.3,False,In Progress,0,,,,,1,2024-09-05 09:00:00,2024-09-28 13:30:00
ASG1051,TSK8542,EMP899,PRJ338,2024-03-28,Auto-Scheduled,EMP757,Accepted,2024-03-29,100.0,87.4,93.8,87.2,91.6,67.2,False,Reassigned,2,Skill Mismatch,,,,10,2024-03-28 09:00:00,2024-04-19 13:15:00
ASG1077,TSK1446,EMP1041,PRJ385,2024-02-29,Manual,EMP509,Renegotiated,,50.0,30.1,26.9,88.2,49.2,65.0,False,Reassigned,0,,,,,3,2024-02-29 09:00:00,2024-03-03 16:45:00
ASG1090,TSK2592,EMP611,PRJ632,2023-10-25,Manual,EMP538,Accepted,2023-10-26,50.0,82.7,36.3,53.0,50.0,71.4,False,Reassigned,1,,,,,3,2023-10-25 09:00:00,2023-11-22 17:15:00
ASG1126,TSK0291,EMP051,PRJ020,2024-09-09,Auto-Scheduled,EMP916,Pending,,0.0,79.6,67.5,21.5,43.4,59.3,False,In Progress,0,,,,,4,2024-09-09 09:00:00,2024-10-09 08:00:00
ASG1128,TSK1290,EMP899,PRJ040,2024-07-27,AI-Recommended,EMP508,Accepted,2024-07-28,0.0,90.4,83.2,96.6,54.8,66.9,True,Completed,0,,7.0,True,138.3,3,2024-07-27 09:00:00,2024-08-12 10:45:00
ASG1150,TSK1440,EMP251,PRJ466,2024-08-02,Manual,EMP973,Declined,,100.0,70.9,75.1,84.9,89.1,67.6,True,Completed,0,,9.0,True,75.1,7,2024-08-02 09:00:00,2024-08-31 12:15:00
ASG1169,TSK5860,EMP1041,PRJ179,2023-06-24,Auto-Scheduled,EMP540,Accepted,2023-06-26,100.0,21.1,21.9,73.6,58.3,61.7,False,In Progress,0,,,,,7,2023-06-24 09:00:00,2023-06-29 09:45:00
ASG1203,TSK4234,EMP1459,PRJ497,2023-09-09,AI-Recommended,EMP600,Accepted,2023-09-10,0.0,98.5,100.0,98.5,69.0,78.9,True,Completed,0,,9.0,True,150.0,5,2023-09-09 09:00:00,2023-09-15 10:30:00
ASG1215,TSK6144,EMP084,PRJ285,2024-01-13,Auto-Scheduled,EMP1128,Pending,,0.0,64.7,77.4,90.1,45.0,79.7,False,Completed,0,,7.0,False,106.1,5,2024-01-13 09:00:00,2024-01-22 12:45:00
ASG1231,TSK3649,EMP899,PRJ040,2024-07-11,AI-Recommended,EMP788,Accepted,2024-07-12,0.0,93.0,89.2,96.2,58.3,71.6,True,Completed,0,,7.0,True,86.1,3,2024-07-11 09:00:00,2024-07-28 17:15:00
ASG1240,TSK7150,EMP843,PRJ092,2023-07-01,AI-Recommended,EMP432,Renegotiated,,0.0,80.6,72.5,97.9,53.8,72.2,False,In Progress,0,,,,,5,2023-07-01 09:00:00,2023-07-22 14:45:00
ASG1244,TSK6181,EMP251,PRJ768,2023-11-24,Auto-Scheduled,EMP592,Accepted,2023-11-24,0.0,74.5,79.0,78.1,53.2,65.4,False,Completed,0,,9.0,False,122.2,3,2023-11-24 09:00:00,2023-12-09 16:15:00
ASG1249,TSK5109,EMP084,PRJ376,2023-11-29,Manual,EMP1324,Pending,,50.0,63.3,74.3,85.2,66.7,80.5,False,In Progress,0,,,,,8,2023-11-29 09:00:00,2023-12-16 15:45:00
ASG1318,TSK3341,EMP936,PRJ689,2024-09-24,Manual,EMP1319,Accepted,2024-09-25,0.0,97.1,85.6,52.5,52.2,61.2,True,Completed,0,,7.0,True,120.1,5,2024-09-24 09:00:00,2024-10-15 09:30:00
ASG1426,TSK3606,EMP1041,PRJ591,2024-09-06,Auto-Scheduled,EMP1107,Pending,,0.0,39.9,19.2,94.6,29.2,64.0,True,Completed,0,,7.0,True,150.0,2,2024-09-06 09:00:00,2024-09-27 13:30:00
ASG1429,TSK1542,EMP740,PRJ469,2023-07-21,Auto-Scheduled,EMP118,Pending,,0.0,84.7,63.1,83.3,47.4,85.1,False,In Progress,0,,,,,3,2023-07-21 09:00:00,2023-07-25 17:30:00
ASG1499,TSK5965,EMP740,PRJ757,2024-01-25,AI-Recommended,EMP028,Accepted,2024-01-26,0.0,83.6,53.7,81.4,48.8,79.9,False,In Progress,0,,,,,3,2024-01-25 09:00:00,2024-01-26 13:15:00
ASG1566,TSK4784,EMP1184,PRJ127,2024-02-06,Auto-Scheduled,EMP1144,Accepted,2024-02-06,0.0,68.9,54.6,86.5,50.0,88.1,True,Completed,0,,9.0,True,82.7,3,2024-02-06 09:00:00,2024-03-05 18:45:00
ASG1580,TSK6912,EMP815,PRJ650,2023-05-09,Manual,EMP1336,Accepted,2023-05-10,50.0,91.7,64.5,84.1,67.6,55.1,True,Completed,0,,6.0,True,75.7,5,2023-05-09 09:00:00,2023-05-15 17:15:00
ASG1667,TSK6633,EMP1054,PRJ638,2024-09-01,AI-Recommended,EMP1459,Accepted,2024-09-02,100.0,69.7,43.5,46.3,66.4,69.5,False,Completed,0,,7.0,False,116.1,8,2024-09-01 09:00:00,2024-09-09 11:00:00
ASG1668,TSK4717,EMP1041,PRJ639,2023-04-02,Auto-Scheduled,EMP165,Pending,,100.0,37.1,11.6,87.6,65.1,71.1,False,Reassigned,1,Skill Mismatch,,,,6,2023-04-02 09:00:00,2023-04-21 17:15:00
ASG1692,TSK5985,EMP084,PRJ125,2024-06-09,Auto-Scheduled,EMP291,Declined,,100.0,74.4,75.7,93.3,88.3,75.5,True,Completed,0,,8.0,True,150.0,10,2024-06-09 09:00:00,2024-06-26 17:45:00
ASG1694,TSK2478,EMP162,PRJ556,2024-07-14,AI-Recommended,EMP209,Accepted,2024-07-16,100.0,69.9,30.7,74.7,79.0,61.2,True,Completed,0,,7.0,True,150.0,7,2024-07-14 09:00:00,2024-08-05 17:30:00
ASG1754,TSK8725,EMP450,PRJ120,2024-08-17,Manual,EMP1427,Accepted,2024-08-17,0.0,70.8,84.2,72.9,44.0,87.2,False,Reassigned,0,,,,,5,2024-08-17 09:00:00,2024-08-19 15:45:00
ASG1766,TSK3226,EMP611,PRJ451,2023-10-03,Manual,EMP077,Accepted,2023-10-04,0.0,67.0,47.4,49.0,41.2,57.6,False,In Progress,0,,,,,3,2023-10-03 09:00:00,2023-10-09 08:00:00
ASG1824,TSK4845,EMP084,PRJ697,2023-08-16,Auto-Scheduled,EMP1209,Accepted,2023-08-18,0.0,70.3,82.0,97.1,53.0,79.1,True,Completed,0,,8.0,True,150.0,3,2023-08-16 09:00:00,2023-09-06 16:30:00
ASG1883,TSK1981,EMP1184,PRJ759,2023-10-01,Auto-Scheduled,EMP863,Pending,,0.0,84.9,60.8,100.0,52.9,78.9,False,Reassigned,0,,,,,3,2023-10-01 09:00:00,2023-10-02 13:45:00
ASG1903,TSK3020,EMP251,PRJ402,2024-07-01,AI-Recommended,EMP1385,Accepted,2024-07-03,100.0,88.5,70.4,86.3,89.0,88.2,True,Completed,0,,6.0,True,150.0,7,2024-07-01 09:00:00,2024-07-03 10:45:00
ASG1950,TSK3481,EMP185,PRJ443,2024-05-27,Manual,EMP881,Accepted,2024-05-29,0.0,83.6,69.0,80.0,47.4,82.7,False,In Progress,0,,,,,4,2024-05-27 09:00:00,2024-05-28 11:45:00
ASG2019,TSK3133,EMP899,PRJ139,2024-09-27,AI-Recommended,EMP1081,Declined,,100.0,96.1,95.6,81.4,95.8,74.0,False,In Progress,0,,,,,10,2024-09-27 09:00:00,2024-10-22 13:00:00
ASG2036,TSK0534,EMP084,PRJ694,2023-01-16,AI-Recommended,EMP771,Accepted,2023-01-16,0.0,73.8,71.6,77.9,47.3,75.6,True,Completed,0,,5.0,True,150.0,3,2023-01-16 09:00:00,2023-01-24 13:45:00
ASG2058,TSK8336,EMP899,PRJ070,2024-05-26,AI-Recommended,EMP1156,Pending,,0.0,98.8,91.5,97.7,66.7,69.8,False,Cancelled,0,,,,,3,2024-05-26 09:00:00,2024-06-03 15:30:00
ASG2095,TSK1892,EMP611,PRJ792,2024-02-10,AI-Recommended,EMP1060,Accepted,2024-02-10,0.0,83.3,32.1,80.7,50.1,61.8,True,Completed,0,,7.0,True,114.2,1,2024-02-10 09:00:00,2024-02-14 16:15:00
ASG2172,TSK1508,EMP1041,PRJ181,2023-01-29,Auto-Scheduled,EMP263,Accepted,2023-01-30,100.0,25.0,23.5,77.7,61.1,62.6,False,In Progress,0,,,,,5,2023-01-29 09:00:00,2023-02-03 15:15:00
ASG2201,TSK2202,EMP382,PRJ571,2024-09-01,Auto-Scheduled,EMP317,Pending,,0.0,95.4,85.8,95.2,58.2,74.8,True,Completed,0,,7.0,True,150.0,4,2024-09-01 09:00:00,2024-09-11 13:00:00
ASG2225,TSK9786,EMP1184,PRJ486,2023-12-07,Auto-Scheduled,EMP713,Pending,,0.0,77.4,79.6,100.0,57.6,87.5,True,Completed,0,,9.0,True,107.6,5,2023-12-07 09:00:00,2023-12-10 08:45:00
ASG2228,TSK2631,EMP1245,PRJ101,2023-04-29,AI-Recommended,EMP1186,Pending,,0.0,88.4,72.3,73.0,49.6,58.3,True,Completed,0,,8.0,True,150.0,2,2023-04-29 09:00:00,2023-05-11 12:45:00
ASG2324,TSK0404,EMP267,PRJ782,2024-08-27,Manual,EMP1028,Accepted,2024-08-28,0.0,70.3,64.2,48.4,40.1,67.3,False,Completed,0,,8.0,False,150.0,2,2024-08-27 09:00:00,2024-09-12 08:45:00
ASG2439,TSK9224,EMP162,PRJ084,2023-12-20,AI-Recommended,EMP1022,Accepted,2023-12-21,50.0,55.2,49.9,78.1,57.1,58.4,False,In Progress,0,,,,,6,2023-12-20 09:00:00,2024-01-04 09:00:00
ASG2460,TSK4769,EMP936,PRJ689,2024-08-20,Auto-Scheduled,EMP920,Pending,,0.0,84.5,100.0,50.3,50.3,84.2,False,Reassigned,0,,,,,5,2024-08-20 09:00:00,2024-08-28 15:00:00
ASG2506,TSK7769,EMP162,PRJ608,2023-04-30,Auto-Scheduled,EMP1139,Accepted,2023-04-30,100.0,55.4,15.7,96.3,70.5,71.7,True,Completed,0,,8.0,True,87.5,6,2023-04-30 09:00:00,2023-05-25 18:15:00
ASG2578,TSK8289,EMP1184,PRJ759,2024-01-16,Manual,EMP1396,Accepted,2024-01-16,0.0,87.0,75.4,100.0,55.8,94.8,False,Cancelled,0,,,,,3,2024-01-16 09:00:00,2024-01-17 14:00:00
ASG2584,TSK2140,EMP391,PRJ546,2024-05-17,Manual,EMP1362,Accepted,2024-05-17,0.0,55.1,38.8,78.9,37.9,79.0,False,Reassigned,2,,,,,4,2024-05-17 09:00:00,2024-05-23 08:30:00
ASG2606,TSK2121,EMP450,PRJ784,2024-06-04,Manual,EMP087,Accepted,2024-06-06,0.0,85.7,63.1,75.6,52.0,94.8,True,Completed,0,,8.0,True,150.0,2,2024-06-04 09:00:00,2024-06-08 15:00:00
ASG2626,TSK0486,EMP251,PRJ768,2024-01-27,Auto-Scheduled,EMP121,Accepted,2024-01-28,0.0,82.0,52.9,90.2,49.3,77.7,False,In Progress,0,,,,,1,2024-01-27 09:00:00,2024-02-07 17:00:00
ASG2645,TSK1755,EMP084,PRJ285,2023-12-26,Auto-Scheduled,EMP1200,Accepted,2023-12-28,100.0,77.3,86.3,90.2,86.4,80.4,False,In Progress,0,,,,,10,2023-12-26 09:00:00,2024-01-12 15:15:00
ASG2758,TSK1938,EMP391,PRJ293,2023-09-12,Auto-Scheduled,EMP1004,Accepted,2023-09-12,33.3,61.6,41.4,59.5,41.7,66.6,True,Completed,0,,8.0,True,125.3,3,2023-09-12 09:00:00,2023-10-06 10:00:00
ASG2798,TSK4424,EMP084,PRJ285,2023-12-23,Auto-Scheduled,EMP088,Accepted,2023-12-24,0.0,97.0,63.7,87.4,53.4,83.1,True,Completed,0,,8.0,True,105.2,3,2023-12-23 09:00:00,2024-01-12 18:30:00
ASG2944,TSK5008,EMP1459,PRJ702,2024-11-08,Auto-Scheduled,EMP432,Accepted,2024-11-10,0.0,99.4,95.4,92.8,60.7,65.8,True,Completed,0,,8.0,True,150.0,4,2024-11-08 09:00:00,2024-11-22 13:00:00
ASG2956,TSK6055,EMP1184,PRJ759,2023-10-14,Manual,EMP242,Accepted,2023-10-16,0.0,64.3,75.6,85.6,45.7,92.2,True,Completed,0,,9.0,True,150.0,4,2023-10-14 09:00:00,2023-10-26 15:45:00
ASG2996,TSK9134,EMP1041,PRJ639,2023-01-30,Manual,EMP332,Pending,,0.0,27.1,30.9,98.1,27.7,88.6,False,Cancelled,0,,,,,2,2023-01-30 09:00:00,2023-02-06 12:45:00
ASG3007,TSK9583,EMP841,PRJ106,2024-10-18,AI-Recommended,EMP452,Accepted,2024-10-18,0.0,64.9,20.7,98.5,40.6,64.2,False,Reassigned,1,,,,,1,2024-10-18 09:00:00,2024-11-13 15:00:00
ASG3087,TSK5610,EMP899,PRJ699,2024-07-22,Auto-Scheduled,EMP163,Accepted,2024-07-22,100.0,99.5,92.1,100.0,97.0,70.4,True,Completed,0,,9.0,True,150.0,10,2024-07-22 09:00:00,2024-08-02 08:15:00
ASG3124,TSK7298,EMP1184,PRJ401,2024-04-24,AI-Recommended,EMP889,Accepted,2024-04-26,0.0,81.7,72.1,100.0,54.6,82.8,False,In Progress,0,,,,,3,2024-04-24 09:00:00,2024-05-04 13:45:00
ASG3139,TSK4484,EMP841,PRJ629,2024-05-07,AI-Recommended,EMP795,Pending,,0.0,64.9,14.0,86.4,38.9,81.0,False,In Progress,0,,,,,1,2024-05-07 09:00:00,2024-05-18 14:00:00
ASG3196,TSK6878,EMP1245,PRJ069,2024-04-01,Auto-Scheduled,EMP654,Pending,,33.3,74.8,67.4,85.9,60.3,47.5,False,In Progress,0,,,,,4,2024-04-01 09:00:00,2024-04-06 17:15:00
ASG3211,TSK3441,EMP427,PRJ195,2024-05-30,AI-Recommended,EMP440,Accepted,2024-05-30,0.0,69.3,46.3,43.1,35.9,78.1,False,Completed,0,,9.0,False,129.3,4,2024-05-30 09:00:00,2024-06-24 14:15:00
ASG3316,TSK1997,EMP1184,PRJ401,2024-04-25,AI-Recommended,EMP1144,Accepted,2024-04-26,0.0,74.7,77.1,100.0,55.3,74.4,False,Cancelled,0,,,,,5,2024-04-25 09:00:00,2024-05-10 16:45:00
ASG3326,TSK9251,EMP843,PRJ726,2023-04-30,Manual,EMP1218,Accepted,2023-05-02,0.0,83.4,75.9,91.0,55.4,69.9,False,Completed,0,,6.0,False,99.1,5,2023-04-30 09:00:00,2023-05-06 11:00:00
ASG3329,TSK7105,EMP409,PRJ409,2024-01-10,Manual,EMP538,Accepted,2024-01-10,100.0,78.8,79.3,83.2,92.6,53.0,True,Completed,0,,7.0,True,73.6,9,2024-01-10 09:00:00,2024-01-22 12:15:00
ASG3416,TSK8119,EMP287,PRJ421,2024-05-14,Manual,EMP1038,Accepted,2024-05-14,0.0,94.4,98.7,83.6,60.1,74.6,False,In Progress,0,,,,,4,2024-05-14 09:00:00,2024-06-02 10:15:00
ASG3430,TSK3110,EMP841,PRJ031,2024-01-07,Auto-Scheduled,EMP035,Accepted,2024-01-09,0.0,69.1,23.4,80.3,46.6,62.3,False,In Progress,0,,,,,1,2024-01-07 09:00:00,2024-01-26 08:15:00
ASG3468,TSK2607,EMP084,PRJ495,2024-06-18,Manual,EMP028,Declined,,0.0,68.4,69.9,97.5,52.5,85.4,True,Completed,0,,6.0,True,150.0,4,2024-06-18 09:00:00,2024-07-03 08:45:00
ASG3476,TSK3178,EMP815,PRJ276,2023-09-10,Auto-Scheduled,EMP169,Accepted,2023-09-10,0.0,78.1,63.4,93.2,52.6,64.9,True,Completed,0,,10.0,True,150.0,3,2023-09-10 09:00:00,2023-09-17 15:15:00
ASG3533,TSK4346,EMP611,PRJ245,2024-02-14,Manual,EMP876,Accepted,2024-02-15,0.0,79.0,30.7,75.2,39.6,57.6,False,Cancelled,0,,,,,2,2024-02-14 09:00:00,2024-03-07 11:00:00
ASG3591,TSK7842,EMP382,PRJ571,2024-09-11,AI-Recommended,EMP875,Pending,,0.0,96.5,95.4,89.1,62.1,86.8,True,Completed,0,,9.0,True,150.0,6,2024-09-11 09:00:00,2024-10-11 12:45:00
ASG3595,TSK7383,EMP1245,PRJ447,2024-05-14,Manual,EMP595,Accepted,2024-05-16,0.0,68.5,61.2,88.5,45.4,63.1,False,Cancelled,0,,,,,3,2024-05-14 09:00:00,2024-05-19 16:15:00
ASG3621,TSK3994,EMP006,PRJ117,2024-07-16,AI-Recommended,EMP1061,Accepted,2024-07-16,50.0,60.7,29.3,39.1,43.7,69.8,True,Completed,0,,6.0,True,150.0,3,2024-07-16 09:00:00,2024-07-20 12:15:00
ASG3674,TSK1844,EMP1184,PRJ721,2023-06-21,AI-Recommended,EMP709,Accepted,2023-06-22,0.0,71.0,69.7,91.2,52.4,72.8,False,In Progress,0,,,,,5,2023-06-21 09:00:00,2023-07-16 16:45:00
ASG3700,TSK3505,EMP287,PRJ164,2023-09-21,AI-Recommended,EMP557,Accepted,2023-09-22,0.0,76.3,100.0,82.1,59.2,81.4,True,Completed,0,,8.0,True,150.0,5,2023-09-21 09:00:00,2023-10-09 10:45:00
ASG3779,TSK6831,EMP1041,PRJ407,2024-05-22,Manual,EMP1153,Renegotiated,,0.0,19.5,22.1,100.0,27.4,78.1,False,In Progress,0,,,,,2,2024-05-22 09:00:00,2024-05-23 16:45:00
ASG3830,TSK1797,EMP899,PRJ338,2024-03-29,AI-Recommended,EMP782,Accepted,2024-03-29,0.0,95.4,87.1,83.3,57.7,63.8,False,In Progress,0,,,,,5,2024-03-29 09:00:00,2024-04-20 16:15:00
ASG3831,TSK1987,EMP382,PRJ315,2024-05-18,Auto-Scheduled,EMP1170,Accepted,2024-05-20,0.0,86.2,100.0,87.5,52.3,92.6,False,Reassigned,0,,,,,5,2024-05-18 09:00:00,2024-06-15 16:00:00
ASG3836,TSK6753,EMP251,PRJ466,2024-08-03,Manual,EMP554,Accepted,2024-08-05,100.0,89.1,57.9,90.7,86.3,71.7,False,In Progress,0,,,,,8,2024-08-03 09:00:00,2024-08-04 12:00:00
ASG3858,TSK1108,EMP740,PRJ472,2024-05-18,Auto-Scheduled,EMP1408,Accepted,2024-05-20,0.0,77.5,67.3,51.3,38.0,68.9,False,Completed,0,,8.0,False,75.0,3,2024-05-18 09:00:00,2024-05-27 14:00:00
ASG3932,TSK1567,EMP521,PRJ704,2023-09-18,AI-Recommended,EMP701,Accepted,2023-09-18,0.0,64.1,40.3,78.7,41.6,76.9,True,Completed,0,,7.0,True,150.0,4,2023-09-18 09:00:00,2023-09-26 08:00:00
ASG3957,TSK3939,EMP185,PRJ284,2023-07-05,Auto-Scheduled,EMP1224,Accepted,2023-07-05,0.0,78.5,81.5,50.5,45.5,79.7,False,Cancelled,0,,,,,3,2023-07-05 09:00:00,2023-07-18 16:30:00
ASG4058,TSK8698,EMP409,PRJ533,2023-06-12,Auto-Scheduled,EMP381,Accepted,2023-06-13,0.0,72.4,72.5,100.0,53.1,52.1,False,In Progress,0,,,,,5,2023-06-12 09:00:00,2023-06-21 15:45:00
ASG4108,TSK4491,EMP409,PRJ682,2024-06-22,Manual,EMP1006,Accepted,2024-06-24,33.3,66.5,63.1,92.8,59.4,79.5,False,Cancelled,0,,,,,4,2024-06-22 09:00:00,2024-06-27 18:00:00
ASG4127,TSK9637,EMP1459,PRJ356,2023-03-09,Manual,EMP643,Accepted,2023-03-09,0.0,98.3,100.0,100.0,65.5,61.9,True,Completed,0,,8.0,True,141.1,3,2023-03-09 09:00:00,2023-03-31 16:15:00
ASG4244,TSK7077,EMP1092,PRJ790,2024-05-04,Manual,EMP189,Accepted,2024-05-04,50.0,46.9,27.4,92.7,55.9,59.0,True,Completed,0,,5.0,True,73.0,2,2024-05-04 09:00:00,2024-05-05 14:45:00
ASG4266,TSK4618,EMP843,PRJ406,2023-03-26,AI-Recommended,EMP172,Accepted,2023-03-28,0.0,75.9,59.5,94.0,50.5,68.8,True,Completed,0,,8.0,True,150.0,3,2023-03-26 09:00:00,2023-04-14 18:30:00
ASG4276,TSK9447,EMP521,PRJ636,2024-11-10,Auto-Scheduled,EMP932,Declined,,0.0,54.0,51.3,82.1,41.5,68.3,False,Completed,0,,7.0,False,150.0,1,2024-11-10 09:00:00,2024-11-17 18:30:00
ASG4298,TSK2554,EMP702,PRJ794,2024-12-07,Auto-Scheduled,EMP895,Accepted,2024-12-08,100.0,56.7,43.8,18.4,62.9,72.2,False,Reassigned,2,Skill Mismatch,,,,7,2024-12-07 09:00:00,2024-12-21 11:45:00
ASG4349,TSK5475,EMP702,PRJ545,2024-12-06,Auto-Scheduled,EMP1060,Declined,,0.0,62.8,57.2,19.8,31.0,51.0,False,In Progress,0,,,,,4,2024-12-06 09:00:00,2024-12-30 16:30:00
ASG4383,TSK0456,EMP899,PRJ791,2024-01-20,Manual,EMP1099,Accepted,2024-01-20,100.0,91.2,85.8,100.0,96.6,62.9,True,Completed,0,,8.0,True,75.5,9,2024-01-20 09:00:00,2024-01-24 12:45:00
ASG4393,TSK2536,EMP1041,PRJ407,2024-05-30,AI-Recommended,EMP1212,Accepted,2024-05-31,50.0,18.0,33.6,94.0,46.6,75.1,False,Cancelled,0,,,,,3,2024-05-30 09:00:00,2024-06-02 12:30:00
ASG4422,TSK3882,EMP1245,PRJ715,2023-09-12,Auto-Scheduled,EMP147,Pending,,100.0,87.1,72.0,82.8,83.1,58.7,False,Reassigned,0,,,,,10,2023-09-12 09:00:00,2023-09-17 17:45:00
ASG4471,TSK8987,EMP1174,PRJ502,2024-09-01,Manual,EMP923,Accepted,2024-09-01,0.0,37.4,34.3,25.9,23.2,71.4,False,Cancelled,0,,,,,2,2024-09-01 09:00:00,2024-09-05 15:00:00
ASG4474,TSK5950,EMP521,PRJ704,2023-08-25,Auto-Scheduled,EMP1312,Accepted,2023-08-27,0.0,47.1,35.4,77.7,36.7,62.5,True,Completed,0,,9.0,True,150.0,2,2023-08-25 09:00:00,2023-09-12 08:45:00
ASG4521,TSK6684,EMP162,PRJ536,2023-04-21,Manual,EMP052,Accepted,2023-04-21,50.0,80.3,27.2,88.4,61.8,67.6,True,Completed,0,,7.0,True,113.3,6,2023-04-21 09:00:00,2023-05-06 14:30:00
ASG4671,TSK1091,EMP521,PRJ312,2023-03-20,Auto-Scheduled,EMP263,Accepted,2023-03-22,0.0,37.7,39.9,90.5,30.3,75.0,False,Completed,0,,9.0,False,131.5,2,2023-03-20 09:00:00,2023-04-10 17:15:00
ASG4675,TSK2522,EMP521,PRJ636,2024-08-20,AI-Recommended,EMP1485,Renegotiated,,0.0,61.5,46.9,100.0,46.0,61.5,False,In Progress,0,,,,,2,2024-08-20 09:00:00,2024-09-15 18:00:00
ASG4706,TSK0356,EMP899,PRJ070,2024-07-05,AI-Recommended,EMP199,Accepted,2024-07-07,50.0,96.5,92.7,98.9,75.1,76.9,False,In Progress,0,,,,,7,2024-07-05 09:00:00,2024-07-12 17:00:00
ASG4800,TSK3819,EMP287,PRJ218,2024-06-12,AI-Recommended,EMP395,Accepted,2024-06-13,0.0,88.6,84.2,55.9,55.7,68.0,True,Completed,0,,8.0,True,115.3,3,2024-06-12 09:00:00,2024-06-15 18:30:00
ASG4806,TSK3001,EMP740,PRJ757,2024-02-19,Auto-Scheduled,EMP1009,Accepted,2024-02-20,0.0,69.5,61.8,68.5,41.4,75.3,False,In Progress,0,,,,,2,2024-02-19 09:00:00,2024-02-25 16:30:00
ASG4809,TSK8099,EMP841,PRJ621,2023-03-30,AI-Recommended,EMP958,Renegotiated,,0.0,54.8,27.7,100.0,45.1,59.1,False,Reassigned,2,,,,,1,2023-03-30 09:00:00,2023-04-18 12:45:00
ASG4814,TSK0476,EMP1184,PRJ759,2023-11-26,AI-Recommended,EMP586,Accepted,2023-11-27,0.0,82.1,65.6,100.0,55.2,73.5,False,Reassigned,2,,,,,4,2023-11-26 09:00:00,2023-12-23 10:45:00
ASG4827,TSK9661,EMP382,PRJ686,2024-03-15,Manual,EMP692,Accepted,2024-03-17,0.0,97.3,94.3,92.5,63.2,74.6,True,Completed,0,,8.0,True,108.6,6,2024-03-15 09:00:00,2024-04-02 11:00:00
ASG4849,TSK3753,EMP1245,PRJ279,2024-02-16,Auto-Scheduled,EMP908,Accepted,2024-02-16,0.0,71.8,69.8,78.4,50.8,52.5,False,Cancelled,0,,,,,3,2024-02-16 09:00:00,2024-02-19 11:15:00
ASG4941,TSK3005,EMP185,PRJ092,2023-06-05,Auto-Scheduled,EMP349,Accepted,2023-06-05,0.0,79.7,63.4,70.0,48.0,83.4,False,Reassigned,1,Skill Mismatch,,,,4,2023-06-05 09:00:00,2023-06-22 15:45:00
ASG4981,TSK0084,EMP267,PRJ417,2024-07-13,Manual,EMP558,Accepted,2024-07-13,0.0,94.1,53.2,26.0,33.4,76.8,True,Completed,0,,7.0,True,81.4,2,2024-07-13 09:00:00,2024-08-12 18:45:00
ASG5034,TSK0487,EMP1041,PRJ470,2024-10-21,AI-Recommended,EMP1276,Accepted,2024-10-23,33.3,32.9,25.9,92.8,44.2,62.0,True,Completed,0,,7.0,True,150.0,4,2024-10-21 09:00:00,2024-10-30 17:15:00
ASG5069,TSK2748,EMP899,PRJ392,2023-02-16,Auto-Scheduled,EMP1092,Accepted,2023-02-18,100.0,100.0,100.0,76.9,96.0,69.9,True,Completed,0,,7.0,True,85.6,8,2023-02-16 09:00:00,2023-03-17 16:30:00
ASG5257,TSK3385,EMP1041,PRJ639,2023-02-16,Auto-Scheduled,EMP783,Accepted,2023-02-16,100.0,25.9,19.0,79.3,63.3,64.6,True,Completed,0,,8.0,True,74.5,7,2023-02-16 09:00:00,2023-02-18 10:15:00
ASG5319,TSK2605,EMP1041,PRJ662,2023-09-18,Manual,EMP1045,Accepted,2023-09-20,0.0,34.8,14.2,94.7,30.8,75.0,True,Completed,0,,7.0,True,131.2,1,2023-09-18 09:00:00,2023-09-29 10:30:00
ASG5332,TSK1299,EMP1184,PRJ721,2023-04-08,Manual,EMP863,Accepted,2023-04-09,66.7,71.0,68.6,100.0,75.4,83.0,True,Completed,0,,7.0,True,71.9,7,2023-04-08 09:00:00,2023-05-02 13:30:00
ASG5485,TSK8254,EMP899,PRJ121,2023-06-22,Auto-Scheduled,EMP1236,Accepted,2023-06-23,0.0,88.6,92.0,77.7,56.8,73.2,True,Completed,0,,9.0,True,84.8,5,2023-06-22 09:00:00,2023-07-10 16:15:00
ASG5529,TSK1443,EMP427,PRJ195,2024-05-19,Manual,EMP932,Accepted,2024-05-19,33.3,71.6,51.4,78.3,54.8,76.5,False,In Progress,0,,,,,6,2024-05-19 09:00:00,2024-06-13 14:00:00
ASG5537,TSK4072,EMP899,PRJ639,2023-02-05,Manual,EMP597,Accepted,2023-02-07,100.0,95.5,100.0,95.0,100.0,66.5,False,Reassigned,0,,,,,8,2023-02-05 09:00:00,2023-02-28 10:30:00
ASG5630,TSK8310,EMP1245,PRJ279,2024-03-28,AI-Recommended,EMP696,Pending,,0.0,71.3,67.5,85.2,50.0,51.7,False,Reassigned,0,,,,,2,2024-03-28 09:00:00,2024-04-02 12:15:00
ASG5650,TSK2406,EMP815,PRJ555,2023-12-30,AI-Recommended,EMP1328,Accepted,2023-12-31,33.3,79.5,60.5,93.9,62.0,72.5,True,Completed,0,,5.0,True,84.9,6,2023-12-30 09:00:00,2024-01-28 11:45:00
ASG5679,TSK0502,EMP084,PRJ479,2024-07-13,Manual,EMP529,Accepted,2024-07-14,33.3,73.6,72.8,93.4,59.0,84.2,True,Completed,0,,7.0,True,120.2,4,2024-07-13 09:00:00,2024-08-03 17:45:00
ASG5696,TSK8585,EMP382,PRJ176,2023-01-03,Manual,EMP777,Pending,,0.0,88.7,100.0,84.9,59.3,71.3,True,Completed,0,,9.0,True,80.0,3,2023-01-03 09:00:00,2023-01-05 11:15:00
ASG5733,TSK5792,EMP1041,PRJ470,2024-09-13,AI-Recommended,EMP615,Pending,,50.0,27.4,23.3,91.7,50.2,67.5,False,Cancelled,0,,,,,4,2024-09-13 09:00:00,2024-10-08 15:00:00
ASG5744,TSK8924,EMP391,PRJ670,2024-08-20,AI-Recommended,EMP1028,Accepted,2024-08-22,0.0,48.3,48.6,67.4,34.2,55.5,True,Completed,0,,9.0,True,150.0,4,2024-08-20 09:00:00,2024-09-06 18:15:00
ASG5776,TSK6180,EMP841,PRJ621,2023-08-28,AI-Recommended,EMP1423,Accepted,2023-08-29,0.0,58.1,11.8,91.2,33.9,79.4,True,Completed,0,,8.0,True,150.0,1,2023-08-28 09:00:00,2023-09-13 17:45:00
ASG5798,TSK7495,EMP050,PRJ230,2023-10-17,AI-Recommended,EMP1450,Renegotiated,,0.0,79.2,72.0,79.4,48.5,60.4,True,Completed,0,,8.0,True,93.3,5,2023-10-17 09:00:00,2023-11-06 12:45:00
ASG5846,TSK4717,EMP899,PRJ639,2023-05-17,AI-Recommended,EMP319,Accepted,2023-05-17,100.0,92.7,97.4,84.8,97.2,60.1,True,Completed,0,,7.0,True,79.2,10,2023-05-17 09:00:00,2023-06-05 10:15:00
ASG5859,TSK6395,EMP899,PRJ538,2024-08-06,Manual,EMP257,Accepted,2024-08-06,100.0,90.9,92.5,94.4,95.8,74.5,False,In Progress,0,,,,,10,2024-08-06 09:00:00,2024-08-16 10:15:00
ASG5863,TSK4891,EMP843,PRJ547,2023-10-02,Auto-Scheduled,EMP701,Accepted,2023-10-03,0.0,69.4,59.8,76.7,41.3,79.8,True,Completed,0,,7.0,True,89.2,4,2023-10-02 09:00:00,2023-10-19 15:30:00
ASG5868,TSK0702,EMP382,PRJ571,2024-07-29,Manual,EMP519,Accepted,2024-07-29,0.0,100.0,96.2,82.6,61.5,62.4,False,In Progress,0,,,,,5,2024-07-29 09:00:00,2024-08-03 15:00:00
ASG5988,TSK7655,EMP162,PRJ522,2023-04-17,Manual,EMP505,Accepted,2023-04-17,50.0,52.4,49.8,89.6,55.3,68.6,True,Completed,0,,8.0,True,122.5,5,2023-04-17 09:00:00,2023-04-30 16:00:00
ASG6011,TSK3214,EMP162,PRJ556,2024-08-13,Manual,EMP1443,Accepted,2024-08-13,0.0,49.2,37.9,83.4,35.1,85.2,False,Reassigned,0,,,,,3,2024-08-13 09:00:00,2024-09-08 12:15:00
ASG6015,TSK3694,EMP149,PRJ021,2023-07-12,Manual,EMP1258,Accepted,2023-07-13,33.3,100.0,91.4,85.6,74.4,72.6,True,Completed,0,,9.0,True,72.2,6,2023-07-12 09:00:00,2023-07-16 18:15:00
ASG6064,TSK7169,EMP1092,PRJ283,2023-08-10,Auto-Scheduled,EMP955,Accepted,2023-08-10,33.3,48.2,30.3,100.0,51.4,58.3,True,Completed,0,,8.0,True,150.0,1,2023-08-10 09:00:00,2023-09-08 12:15:00
ASG6101,TSK7489,EMP251,PRJ768,2023-11-12,AI-Recommended,EMP962,Accepted,2023-11-13,50.0,88.9,83.7,74.3,76.4,81.0,False,In Progress,0,,,,,7,2023-11-12 09:00:00,2023-11-22 13:45:00
ASG6129,TSK9348,EMP1054,PRJ459,2024-03-19,Manual,EMP755,Accepted,2024-03-20,50.0,63.2,55.5,97.0,59.3,59.5,True,Completed,0,,9.0,True,150.0,7,2024-03-19 09:00:00,2024-04-17 13:15:00
ASG6205,TSK8522,EMP162,PRJ135,2024-02-16,Auto-Scheduled,EMP1320,Accepted,2024-02-17,100.0,69.7,18.0,71.8,67.8,73.0,False,Reassigned,0,,,,,7,2024-02-16 09:00:00,2024-03-13 14:45:00
ASG6241,TSK9888,EMP815,PRJ324,2023-02-28,AI-Recommended,EMP1490,Pending,,0.0,73.1,62.6,75.1,46.2,67.8,False,In Progress,0,,,,,3,2023-02-28 09:00:00,2023-03-25 18:45:00
ASG6243,TSK6613,EMP899,PRJ146,2023-08-18,Manual,EMP276,Accepted,2023-08-20,100.0,100.0,82.9,100.0,100.0,67.6,False,In Progress,0,,,,,10,2023-08-18 09:00:00,2023-09-13 10:45:00
ASG6252,TSK8038,EMP702,PRJ300,2024-12-07,Manual,EMP976,Accepted,2024-12-08,100.0,60.1,37.8,16.3,62.4,68.3,False,Cancelled,0,,,,,8,2024-12-07 09:00:00,2024-12-30 13:30:00
ASG6276,TSK5122,EMP740,PRJ469,2023-09-10,AI-Recommended,EMP437,Accepted,2023-09-11,0.0,89.9,79.9,47.5,45.9,75.0,True,Completed,0,,7.0,True,150.0,2,2023-09-10 09:00:00,2023-10-02 11:15:00
ASG6290,TSK4184,EMP251,PRJ060,2023-08-05,Auto-Scheduled,EMP594,Accepted,2023-08-07,33.3,94.2,67.1,82.7,68.1,74.7,False,Completed,0,,6.0,False,101.6,6,2023-08-05 09:00:00,2023-08-28 12:45:00
ASG6343,TSK2819,EMP1184,PRJ127,2024-02-06,AI-Recommended,EMP423,Accepted,2024-02-06,0.0,62.7,78.5,80.6,48.2,95.7,True,Completed,0,,9.0,True,80.7,5,2024-02-06 09:00:00,2024-03-05 17:30:00
ASG6353,TSK1879,EMP1041,PRJ424,2023-06-25,Manual,EMP245,Pending,,100.0,27.8,26.4,72.7,58.0,71.7,False,In Progress,0,,,,,7,2023-06-25 09:00:00,2023-07-19 16:45:00
ASG6374,TSK6442,EMP409,PRJ456,2024-07-19,Manual,EMP889,Accepted,2024-07-19,0.0,90.1,76.7,79.4,52.8,57.1,True,Completed,0,,9.0,True,150.0,4,2024-07-19 09:00:00,2024-08-01 17:45:00
ASG6397,TSK9021,EMP1184,PRJ623,2023-08-23,Manual,EMP058,Accepted,2023-08-23,100.0,71.9,69.2,89.6,80.8,87.4,True,Completed,0,,7.0,True,97.6,9,2023-08-23 09:00:00,2023-09-10 15:45:00
ASG6439,TSK0739,EMP251,PRJ086,2023-12-01,Manual,EMP1411,Accepted,2023-12-01,0.0,77.3,70.3,80.1,55.6,64.9,False,In Progress,0,,,,,5,2023-12-01 09:00:00,2023-12-29 14:00:00
ASG6467,TSK7532,EMP251,PRJ670,2024-07-21,Manual,EMP248,Accepted,2024-07-23,50.0,78.3,70.1,72.7,71.8,63.7,False,In Progress,0,,,,,6,2024-07-21 09:00:00,2024-08-17 08:15:00
ASG6476,TSK7581,EMP1193,PRJ791,2024-08-16,AI-Recommended,EMP033,Accepted,2024-08-18,0.0,68.1,64.8,78.0,41.7,71.1,False,In Progress,0,,,,,2,2024-08-16 09:00:00,2024-08-30 16:00:00
ASG6486,TSK9999,EMP391,PRJ466,2024-08-02,Auto-Scheduled,EMP371,Accepted,2024-08-02,0.0,62.2,55.7,53.3,39.2,52.2,False,In Progress,0,,,,,2,2024-08-02 09:00:00,2024-08-13 11:15:00
ASG6544,TSK3444,EMP1193,PRJ660,2024-03-23,Auto-Scheduled,EMP281,Accepted,2024-03-23,0.0,73.0,73.1,43.9,48.7,62.0,False,Cancelled,0,,,,,3,2024-03-23 09:00:00,2024-03-30 10:15:00
ASG6612,TSK3362,EMP084,PRJ238,2023-11-10,Auto-Scheduled,EMP1277,Accepted,2023-11-12,50.0,77.8,78.6,100.0,73.5,83.6,False,In Progress,0,,,,,6,2023-11-10 09:00:00,2023-11-20 18:15:00
ASG6623,TSK4036,EMP391,PRJ151,2023-04-21,Manual,EMP035,Accepted,2023-04-23,0.0,60.6,50.2,81.2,44.0,72.8,False,Reassigned,1,Overload,,,,2,2023-04-21 09:00:00,2023-05-10 17:30:00
ASG6641,TSK5985,EMP185,PRJ125,2024-07-02,Manual,EMP986,Accepted,2024-07-03,100.0,80.5,68.2,73.4,80.3,91.3,True,Completed,0,,7.0,True,150.0,7,2024-07-02 09:00:00,2024-07-08 17:30:00
ASG6689,TSK1689,EMP076,PRJ399,2024-04-17,Manual,EMP1126,Accepted,2024-04-19,50.0,99.2,94.7,52.9,72.9,71.6,True,Completed,0,,9.0,True,150.0,4,2024-04-17 09:00:00,2024-04-29 14:00:00
ASG6694,TSK0991,EMP051,PRJ461,2024-09-09,AI-Recommended,EMP442,Accepted,2024-09-09,0.0,82.3,77.6,31.2,46.6,59.3,True,Completed,0,,6.0,True,150.0,4,2024-09-09 09:00:00,2024-10-05 10:00:00
ASG6733,TSK3090,EMP409,PRJ409,2024-02-24,Auto-Scheduled,EMP1073,Accepted,2024-02-26,0.0,92.0,71.0,87.7,51.1,56.9,False,In Progress,0,,,,,3,2024-02-24 09:00:00,2024-02-29 18:45:00
ASG6755,TSK7158,EMP611,PRJ020,2024-03-18,Manual,EMP1274,Accepted,2024-03-20,0.0,69.0,30.6,83.9,41.3,60.6,False,Completed,0,,6.0,False,140.1,1,2024-03-18 09:00:00,2024-03-26 15:30:00
ASG6783,TSK4304,EMP843,PRJ110,2023-03-07,AI-Recommended,EMP1074,Accepted,2023-03-09,0.0,87.6,59.4,88.3,52.9,68.9,True,Completed,0,,7.0,True,115.5,4,2023-03-07 09:00:00,2023-03-08 18:00:00
ASG6787,TSK2458,EMP051,PRJ365,2024-09-09,Auto-Scheduled,EMP1396,Declined,,100.0,74.0,85.8,56.9,83.6,55.8,True,Completed,0,,8.0,True,150.0,8,2024-09-09 09:00:00,2024-09-26 15:30:00
ASG6807,TSK5225,EMP1184,PRJ127,2024-02-19,Manual,EMP977,Accepted,2024-02-21,33.3,83.0,81.2,100.0,66.4,62.9,True,Completed,0,,6.0,True,103.6,7,2024-02-19 09:00:00,2024-03-19 11:00:00
ASG6904,TSK9007,EMP899,PRJ679,2024-05-01,AI-Recommended,EMP1390,Declined,,100.0,100.0,83.2,69.4,92.1,81.6,False,Reassigned,0,,,,,9,2024-05-01 09:00:00,2024-05-17 09:30:00
ASG6927,TSK8161,EMP1184,PRJ721,2023-06-22,AI-Recommended,EMP1028,Accepted,2023-06-24,66.7,79.4,66.1,100.0,68.8,63.4,False,Completed,0,,6.0,False,112.5,8,2023-06-22 09:00:00,2023-07-08 13:00:00
ASG6928,TSK1132,EMP084,PRJ796,2024-03-04,Manual,EMP009,Accepted,2024-03-06,50.0,87.3,82.6,100.0,76.9,88.1,False,Completed,0,,8.0,False,150.0,6,2024-03-04 09:00:00,2024-03-07 16:30:00
ASG6961,TSK5094,EMP1459,PRJ497,2023-09-25,AI-Recommended,EMP358,Accepted,2023-09-25,0.0,100.0,91.0,90.0,64.3,76.7,True,Completed,0,,8.0,True,118.2,4,2023-09-25 09:00:00,2023-10-20 18:30:00
ASG6972,TSK7459,EMP1325,PRJ171,2024-11-10,Manual,EMP627,Accepted,2024-11-12,50.0,17.5,24.5,35.5,32.3,64.7,False,Completed,0,,8.0,False,100.8,3,2024-11-10 09:00:00,2024-11-15 16:45:00
ASG7015,TSK4135,EMP267,PRJ259,2024-05-01,Manual,EMP639,Accepted,2024-05-03,0.0,72.0,66.9,47.6,40.0,74.2,False,Completed,0,,8.0,False,83.0,1,2024-05-01 09:00:00,2024-05-29 16:30:00
ASG7083,TSK8267,EMP899,PRJ639,2023-05-04,AI-Recommended,EMP929,Accepted,2023-05-04,100.0,87.0,100.0,92.4,90.9,61.3,True,Completed,0,,7.0,True,81.9,10,2023-05-04 09:00:00,2023-05-17 16:15:00
ASG7105,TSK9223,EMP611,PRJ134,2023-12-08,Manual,EMP1181,Accepted,2023-12-10,0.0,76.6,38.6,77.5,39.3,66.7,False,Cancelled,0,,,,,1,2023-12-08 09:00:00,2023-12-12 14:00:00
ASG7161,TSK1637,EMP521,PRJ043,2024-05-11,Manual,EMP1151,Accepted,2024-05-12,0.0,58.7,41.3,85.3,41.2,76.5,True,Completed,0,,9.0,True,150.0,3,2024-05-11 09:00:00,2024-06-01 15:15:00
ASG7220,TSK3920,EMP391,PRJ538,2024-07-28,Manual,EMP1452,Accepted,2024-07-28,0.0,49.3,38.8,73.0,37.6,72.1,False,Reassigned,0,,,,,4,2024-07-28 09:00:00,2024-08-20 14:00:00
ASG7227,TSK8060,EMP1041,PRJ034,2023-08-21,Auto-Scheduled,EMP329,Accepted,2023-08-21,0.0,39.9,10.1,80.7,26.7,68.9,True,Completed,0,,9.0,True,150.0,1,2023-08-21 09:00:00,2023-09-07 09:30:00
ASG7246,TSK9482,EMP1184,PRJ127,2024-02-01,Auto-Scheduled,EMP200,Renegotiated,,0.0,82.5,78.8,100.0,59.1,88.7,False,In Progress,0,,,,,3,2024-02-01 09:00:00,2024-02-03 11:45:00
ASG7272,TSK6758,EMP084,PRJ285,2023-12-23,Manual,EMP172,Accepted,2023-12-25,50.0,75.3,78.3,87.9,72.1,70.0,False,In Progress,0,,,,,5,2023-12-23 09:00:00,2024-01-04 16:15:00
ASG7318,TSK4569,EMP427,PRJ426,2023-06-19,Auto-Scheduled,EMP881,Accepted,2023-06-21,0.0,68.9,46.5,72.7,42.1,83.7,False,In Progress,0,,,,,2,2023-06-19 09:00:00,2023-07-16 14:15:00
ASG7333,TSK2710,EMP611,PRJ248,2023-09-25,Auto-Scheduled,EMP842,Declined,,0.0,78.0,31.5,72.7,42.3,76.6,False,Completed,0,,8.0,False,75.0,1,2023-09-25 09:00:00,2023-10-09 18:45:00
ASG7361,TSK9619,EMP841,PRJ106,2024-10-07,AI-Recommended,EMP1450,Accepted,2024-10-07,0.0,71.9,31.5,77.4,39.2,82.7,False,Cancelled,0,,,,,1,2024-10-07 09:00:00,2024-10-24 18:30:00
ASG7512,TSK7534,EMP409,PRJ677,2024-02-22,Auto-Scheduled,EMP1006,Accepted,2024-02-23,33.3,89.1,69.5,100.0,75.8,69.9,False,In Progress,0,,,,,3,2024-02-22 09:00:00,2024-02-28 10:45:00
ASG7578,TSK8283,EMP1041,PRJ424,2023-07-19,AI-Recommended,EMP878,Accepted,2023-07-19,100.0,19.0,39.1,97.3,65.6,68.5,True,Completed,0,,5.0,True,129.5,6,2023-07-19 09:00:00,2023-08-03 14:00:00
ASG7581,TSK2457,EMP409,PRJ774,2023-04-10,Manual,EMP1002,Accepted,2023-04-12,0.0,75.2,72.9,100.0,61.7,57.9,True,Completed,0,,9.0,True,150.0,2,2023-04-10 09:00:00,2023-05-08 13:45:00
ASG7626,TSK5896,EMP382,PRJ252,2024-03-30,Auto-Scheduled,EMP675,Accepted,2024-04-01,0.0,92.0,97.3,87.0,61.0,69.5,False,Reassigned,1,Leave,,,,5,2024-03-30 09:00:00,2024-04-08 16:45:00
ASG7631,TSK4025,EMP1184,PRJ415,2023-05-11,Auto-Scheduled,EMP795,Accepted,2023-05-13,0.0,83.8,75.7,95.3,55.4,88.9,False,In Progress,0,,,,,5,2023-05-11 09:00:00,2023-05-20 09:45:00
ASG7638,TSK0715,EMP521,PRJ154,2023-08-18,AI-Recommended,EMP084,Pending,,0.0,51.5,50.0,74.0,41.8,71.0,False,In Progress,0,,,,,1,2023-08-18 09:00:00,2023-08-21 08:00:00
ASG7829,TSK9526,EMP843,PRJ494,2024-05-31,Manual,EMP1401,Renegotiated,,0.0,76.0,76.1,78.6,53.5,70.7,True,Completed,0,,7.0,True,107.7,3,2024-05-31 09:00:00,2024-06-05 09:30:00
ASG7861,TSK1219,EMP899,PRJ616,2024-01-06,Auto-Scheduled,EMP942,Accepted,2024-01-07,100.0,100.0,91.5,72.7,96.6,56.2,True,Completed,0,,9.0,True,150.0,10,2024-01-06 09:00:00,2024-01-26 09:15:00
ASG7882,TSK5818,EMP185,PRJ284,2023-07-11,Manual,EMP683,Accepted,2023-07-13,50.0,79.4,79.5,85.8,66.1,75.4,True,Completed,0,,9.0,True,111.9,6,2023-07-11 09:00:00,2023-07-17 14:30:00
ASG7893,TSK7710,EMP409,PRJ341,2023-08-31,Auto-Scheduled,EMP726,Accepted,2023-09-01,33.3,86.0,68.2,95.8,64.0,43.5,False,Reassigned,2,Leave,,,,5,2023-08-31 09:00:00,2023-09-16 12:15:00
ASG8054,TSK1077,EMP162,PRJ669,2023-01-09,Manual,EMP938,Accepted,2023-01-11,100.0,53.9,28.9,82.2,69.9,65.6,True,Completed,0,,9.0,True,110.6,4,2023-01-09 09:00:00,2023-01-18 12:45:00
ASG8074,TSK6467,EMP076,PRJ769,2024-08-29,Auto-Scheduled,EMP029,Accepted,2024-08-30,0.0,95.7,76.8,43.4,48.4,64.3,True,Completed,0,,8.0,True,88.3,5,2024-08-29 09:00:00,2024-09-23 14:15:00
ASG8123,TSK5655,EMP611,PRJ485,2024-03-09,Auto-Scheduled,EMP974,Accepted,2024-03-11,0.0,76.8,39.2,42.5,40.2,61.5,False,Cancelled,0,,,,,3,2024-03-09 09:00:00,2024-04-08 08:45:00
ASG8130,TSK7621,EMP1041,PRJ407,2024-06-03,Auto-Scheduled,EMP357,Accepted,2024-06-05,0.0,29.8,21.5,78.4,31.1,75.2,True,Completed,0,,9.0,True,73.2,1,2024-06-03 09:00:00,2024-06-05 12:45:00
ASG8142,TSK3516,EMP287,PRJ110,2023-03-13,AI-Recommended,EMP1343,Accepted,2023-03-15,0.0,100.0,99.8,65.1,55.7,65.0,False,In Progress,0,,,,,5,2023-03-13 09:00:00,2023-04-09 08:30:00
ASG8145,TSK2651,EMP391,PRJ013,2023-02-16,Manual,EMP1288,Accepted,2023-02-18,33.3,56.9,41.1,57.9,47.9,68.0,False,Completed,0,,6.0,False,100.3,4,2023-02-16 09:00:00,2023-02-21 16:15:00
ASG8226,TSK5109,EMP1054,PRJ376,2024-03-18,AI-Recommended,EMP899,Accepted,2024-03-19,50.0,60.3,46.0,52.7,53.8,73.7,False,In Progress,0,,,,,4,2024-03-18 09:00:00,2024-04-05 13:00:00
ASG8262,TSK4627,EMP162,PRJ084,2024-01-23,AI-Recommended,EMP354,Accepted,2024-01-25,100.0,75.5,36.3,92.3,83.5,69.1,False,Reassigned,0,,,,,7,2024-01-23 09:00:00,2024-01-28 16:15:00
ASG8298,TSK1244,EMP521,PRJ043,2024-05-12,AI-Recommended,EMP242,Declined,,0.0,58.5,35.9,86.8,41.1,69.1,False,In Progress,0,,,,,2,2024-05-12 09:00:00,2024-06-02 12:15:00
ASG8342,TSK3068,EMP427,PRJ195,2024-06-22,AI-Recommended,EMP1385,Accepted,2024-06-24,0.0,37.3,33.4,89.0,37.8,86.3,True,Completed,0,,6.0,True,90.4,1,2024-06-22 09:00:00,2024-07-02 10:00:00
ASG8350,TSK2072,EMP084,PRJ511,2024-05-21,Manual,EMP189,Accepted,2024-05-22,0.0,75.6,62.9,89.3,49.6,87.2,False,Reassigned,1,Skill Mismatch,,,,4,2024-05-21 09:00:00,2024-05-27 13:30:00
ASG8396,TSK3393,EMP162,PRJ135,2024-02-08,Manual,EMP1145,Accepted,2024-02-10,0.0,63.2,49.0,87.1,40.5,62.0,False,In Progress,0,,,,,3,2024-02-08 09:00:00,2024-02-24 13:45:00
ASG8437,TSK3265,EMP162,PRJ287,2024-06-30,Auto-Scheduled,EMP969,Accepted,2024-07-01,100.0,44.7,46.8,95.0,71.8,59.8,True,Completed,0,,9.0,True,94.7,9,2024-06-30 09:00:00,2024-07-10 13:15:00
ASG8455,TSK4063,EMP051,PRJ461,2024-09-09,Manual,EMP233,Accepted,2024-09-10,0.0,74.3,73.1,16.8,35.1,62.7,False,Completed,0,,7.0,False,150.0,4,2024-09-09 09:00:00,2024-09-10 16:15:00
ASG8547,TSK5034,EMP409,PRJ303,2023-07-10,Manual,EMP081,Accepted,2023-07-10,100.0,68.1,87.4,91.8,89.1,59.5,False,Reassigned,1,Overload,,,,10,2023-07-10 09:00:00,2023-07-18 13:15:00
ASG8613,TSK3095,EMP1184,PRJ401,2024-04-23,Manual,EMP1037,Accepted,2024-04-25,66.7,78.8,77.7,88.4,73.5,86.4,True,Completed,0,,7.0,True,150.0,6,2024-04-23 09:00:00,2024-05-11 18:45:00
ASG8646,TSK7340,EMP815,PRJ393,2024-07-17,Auto-Scheduled,EMP101,Accepted,2024-07-18,0.0,71.5,64.6,100.0,49.8,69.2,True,Completed,0,,7.0,True,98.9,5,2024-07-17 09:00:00,2024-07-31 17:45:00
ASG8661,TSK5863,EMP841,PRJ617,2023-10-08,Manual,EMP698,Accepted,2023-10-09,0.0,72.3,21.2,91.3,42.5,73.3,True,Completed,0,,8.0,True,88.9,2,2023-10-08 09:00:00,2023-10-27 14:00:00
ASG8683,TSK6719,EMP450,PRJ784,2024-06-02,Auto-Scheduled,EMP189,Accepted,2024-06-03,0.0,79.0,75.5,89.9,52.5,86.4,True,Completed,0,,8.0,True,150.0,2,2024-06-02 09:00:00,2024-07-02 14:00:00
ASG8699,TSK9428,EMP1245,PRJ682,2024-05-21,Auto-Scheduled,EMP665,Pending,,50.0,80.3,68.7,81.9,68.0,61.6,False,In Progress,0,,,,,5,2024-05-21 09:00:00,2024-06-02 08:15:00
ASG8721,TSK8848,EMP1245,PRJ481,2024-05-05,Auto-Scheduled,EMP484,Accepted,2024-05-06,0.0,77.0,61.9,89.2,50.0,56.1,True,Completed,0,,7.0,True,150.0,4,2024-05-05 09:00:00,2024-05-14 12:00:00
ASG8750,TSK0313,EMP1193,PRJ275,2023-10-19,Auto-Scheduled,EMP695,Accepted,2023-10-19,0.0,87.0,67.5,85.9,53.1,75.7,True,Completed,0,,7.0,True,88.0,2,2023-10-19 09:00:00,2023-11-15 13:15:00
ASG8755,TSK6113,EMP382,PRJ571,2024-09-05,Auto-Scheduled,EMP008,Accepted,2024-09-05,0.0,95.3,86.6,76.0,61.4,69.3,True,Completed,0,,7.0,True,150.0,6,2024-09-05 09:00:00,2024-09-25 17:30:00
ASG8765,TSK5987,EMP427,PRJ426,2023-06-19,Auto-Scheduled,EMP1321,Renegotiated,,50.0,52.6,46.2,86.6,57.0,90.8,True,Completed,0,,7.0,True,150.0,4,2023-06-19 09:00:00,2023-06-26 09:00:00
ASG8817,TSK7730,EMP076,PRJ349,2023-04-23,Auto-Scheduled,EMP553,Pending,,0.0,97.1,100.0,44.9,53.3,61.3,False,Cancelled,0,,,,,5,2023-04-23 09:00:00,2023-05-04 16:45:00
ASG8836,TSK3124,EMP1326,PRJ100,2023-07-07,Manual,EMP486,Accepted,2023-07-07,0.0,43.9,19.6,51.5,21.8,56.5,True,Completed,0,,7.0,True,74.9,2,2023-07-07 09:00:00,2023-08-06 09:15:00
ASG8887,TSK9764,EMP1193,PRJ003,2024-11-16,Auto-Scheduled,EMP1240,Accepted,2024-11-17,0.0,77.6,56.0,52.1,44.1,73.1,False,In Progress,0,,,,,3,2024-11-16 09:00:00,2024-11-27 15:45:00
ASG8956,TSK8743,EMP084,PRJ507,2023-12-28,AI-Recommended,EMP1277,Accepted,2023-12-30,0.0,63.8,76.7,94.2,50.3,94.1,False,Cancelled,0,,,,,4,2023-12-28 09:00:00,2024-01-23 12:30:00
ASG9050,TSK1357,EMP899,PRJ662,2023-08-30,AI-Recommended,EMP159,Accepted,2023-08-30,100.0,100.0,91.4,96.1,95.3,71.9,True,Completed,0,,6.0,True,150.0,10,2023-08-30 09:00:00,2023-09-02 17:15:00
ASG9056,TSK3371,EMP409,PRJ423,2023-06-28,AI-Recommended,EMP085,Accepted,2023-06-30,33.3,88.5,74.8,100.0,70.0,64.0,True,Completed,0,,7.0,True,150.0,6,2023-06-28 09:00:00,2023-07-22 14:30:00
ASG9112,TSK3548,EMP427,PRJ606,2023-10-18,Manual,EMP339,Accepted,2023-10-19,0.0,67.7,53.4,80.1,43.4,67.0,True,Completed,0,,9.0,True,150.0,2,2023-10-18 09:00:00,2023-11-11 17:15:00
ASG9173,TSK2870,EMP1245,PRJ279,2024-02-04,Auto-Scheduled,EMP1267,Accepted,2024-02-05,0.0,93.5,73.0,75.7,57.1,54.3,True,Completed,0,,8.0,True,150.0,5,2024-02-04 09:00:00,2024-02-20 16:30:00
ASG9264,TSK7645,EMP936,PRJ777,2024-07-29,Auto-Scheduled,EMP102,Accepted,2024-07-30,0.0,100.0,92.3,67.8,51.3,66.4,True,Completed,0,,5.0,True,150.0,4,2024-07-29 09:00:00,2024-07-31 15:15:00
ASG9267,TSK0509,EMP740,PRJ265,2023-09-01,AI-Recommended,EMP1165,Pending,,0.0,65.4,54.3,89.7,42.4,80.8,False,In Progress,0,,,,,3,2023-09-01 09:00:00,2023-09-21 08:30:00
ASG9271,TSK1269,EMP841,PRJ781,2024-06-18,Manual,EMP226,Accepted,2024-06-20,0.0,61.2,23.7,91.5,35.9,59.4,True,Completed,0,,7.0,True,87.9,3,2024-06-18 09:00:00,2024-06-22 13:15:00
ASG9399,TSK1470,EMP185,PRJ284,2023-07-09,Manual,EMP1283,Accepted,2023-07-09,50.0,76.4,64.6,80.8,62.9,82.2,False,In Progress,0,,,,,6,2023-07-09 09:00:00,2023-07-24 12:30:00
ASG9411,TSK6620,EMP1092,PRJ624,2024-06-20,AI-Recommended,EMP1274,Accepted,2024-06-22,33.3,59.0,47.9,82.7,49.3,54.3,True,Completed,0,,8.0,True,150.0,3,2024-06-20 09:00:00,2024-07-08 15:30:00
ASG9493,TSK8600,EMP521,PRJ093,2023-02-13,Auto-Scheduled,EMP371,Accepted,2023-02-13,0.0,59.3,29.8,97.9,38.2,75.6,False,Completed,0,,9.0,False,150.0,2,2023-02-13 09:00:00,2023-03-04 13:30:00
ASG9500,TSK4638,EMP1193,PRJ003,2024-09-07,AI-Recommended,EMP422,Accepted,2024-09-07,0.0,76.0,68.1,81.6,52.4,66.9,True,Completed,0,,7.0,True,73.0,3,2024-09-07 09:00:00,2024-09-10 14:30:00
ASG9503,TSK3613,EMP006,PRJ552,2024-02-04,Auto-Scheduled,EMP008,Pending,,0.0,51.3,17.4,20.8,19.7,68.2,True,Completed,0,,7.0,True,150.0,1,2024-02-04 09:00:00,2024-03-02 10:15:00
ASG9504,TSK8465,EMP391,PRJ584,2023-10-05,Auto-Scheduled,EMP1073,Accepted,2023-10-06,33.3,58.4,45.7,77.4,51.6,63.4,False,In Progress,0,,,,,4,2023-10-05 09:00:00,2023-10-15 18:45:00
ASG9521,TSK9370,EMP899,PRJ070,2024-07-10,Manual,EMP508,Pending,,100.0,99.4,81.0,83.5,92.8,74.6,False,In Progress,0,,,,,9,2024-07-10 09:00:00,2024-08-05 14:15:00
ASG9571,TSK3736,EMP1459,PRJ204,2023-07-16,AI-Recommended,EMP019,Accepted,2023-07-16,0.0,100.0,90.9,98.5,65.5,74.9,True,Completed,0,,8.0,True,150.0,5,2023-07-16 09:00:00,2023-07-19 17:45:00
ASG9682,TSK7693,EMP084,PRJ067,2023-10-20,AI-Recommended,EMP1110,Accepted,2023-10-20,0.0,78.3,74.0,76.4,49.3,100.0,True,Completed,0,,9.0,True,150.0,4,2023-10-20 09:00:00,2023-11-16 12:30:00
ASG9766,TSK1547,EMP427,PRJ094,2024-02-08,Auto-Scheduled,EMP301,Pending,,0.0,51.7,30.7,43.5,32.1,78.3,True,Completed,0,,8.0,True,132.6,1,2024-02-08 09:00:00,2024-03-06 08:30:00
ASG9836,TSK4268,EMP076,PRJ002,2023-08-12,Auto-Scheduled,EMP271,Renegotiated,,100.0,91.0,90.5,96.3,98.7,81.9,True,Completed,0,,8.0,True,150.0,8,2023-08-12 09:00:00,2023-09-03 14:00:00
ASG9873,TSK1914,EMP843,PRJ756,2024-04-17,AI-Recommended,EMP1023,Accepted,2024-04-19,0.0,83.4,72.8,85.7,50.2,60.7,False,In Progress,0,,,,,4,2024-04-17 09:00:00,2024-04-20 10:30:00
ASG9914,TSK8239,EMP050,PRJ014,2023-10-17,AI-Recommended,EMP161,Accepted,2023-10-19,0.0,81.4,61.8,53.2,39.3,72.6,False,Completed,0,,6.0,False,119.5,4,2023-10-17 09:00:00,2023-11-14 12:30:00
ASG9927,TSK9672,EMP936,PRJ626,2024-07-28,Manual,EMP1231,Accepted,2024-07-30,0.0,83.5,100.0,24.5,44.8,82.7,False,In Progress,0,,,,,5,2024-07-28 09:00:00,2024-08-26 10:45:00
ASG10014,TSK2939,EMP149,PRJ595,2023-06-02,AI-Recommended,EMP1461,Accepted,2023-06-03,0.0,100.0,100.0,93.0,65.3,75.9,False,In Progress,0,,,,,3,2023-06-02 09:00:00,2023-06-09 10:30:00
ASG10018,TSK1060,EMP084,PRJ511,2024-05-11,AI-Recommended,EMP1444,Accepted,2024-05-12,0.0,73.1,69.6,83.2,52.7,71.3,True,Completed,0,,6.0,True,122.8,4,2024-05-11 09:00:00,2024-06-09 09:45:00
ASG10039,TSK1730,EMP162,PRJ084,2023-12-20,Manual,EMP1372,Accepted,2023-12-21,33.3,51.9,42.7,80.1,49.2,58.8,True,Completed,0,,6.0,True,150.0,4,2023-12-20 09:00:00,2023-12-26 11:45:00
ASG10150,TSK5293,EMP1325,PRJ208,2024-06-11,Manual,EMP196,Accepted,2024-06-12,0.0,23.1,28.3,27.0,15.3,59.8,False,Completed,0,,7.0,False,150.0,1,2024-06-11 09:00:00,2024-07-04 13:00:00
ASG10184,TSK9261,EMP611,PRJ792,2024-03-15,Manual,EMP709,Declined,,0.0,86.9,26.3,42.5,39.4,64.9,False,Cancelled,0,,,,,1,2024-03-15 09:00:00,2024-04-04 17:00:00
ASG10195,TSK9922,EMP1041,PRJ639,2023-02-27,AI-Recommended,EMP720,Accepted,2023-02-27,50.0,26.3,23.8,100.0,49.3,64.7,False,Cancelled,0,,,,,3,2023-02-27 09:00:00,2023-03-03 16:00:00
ASG10237,TSK3876,EMP521,PRJ312,2023-02-21,Auto-Scheduled,EMP960,Accepted,2023-02-23,0.0,56.9,40.8,70.7,39.8,76.0,True,Completed,0,,6.0,True,104.7,2,2023-02-21 09:00:00,2023-02-22 08:30:00
ASG10242,TSK3734,EMP1092,PRJ656,2024-06-11,Auto-Scheduled,EMP1069,Accepted,2024-06-12,0.0,63.6,45.1,92.8,41.4,60.7,True,Completed,0,,7.0,True,90.7,2,2024-06-11 09:00:00,2024-06-23 13:15:00
ASG10243,TSK9143,EMP1245,PRJ447,2024-04-09,Manual,EMP413,Accepted,2024-04-10,0.0,81.4,77.9,86.8,53.4,61.2,True,Completed,0,,7.0,True,150.0,5,2024-04-09 09:00:00,2024-04-25 16:45:00
ASG10272,TSK5446,EMP841,PRJ712,2023-03-10,Auto-Scheduled,EMP1408,Accepted,2023-03-11,0.0,39.5,21.1,80.6,31.4,78.8,False,In Progress,0,,,,,2,2023-03-10 09:00:00,2023-03-18 14:30:00
ASG10322,TSK2810,EMP1184,PRJ759,2023-10-20,Auto-Scheduled,EMP271,Accepted,2023-10-21,50.0,69.2,74.5,95.5,68.6,77.1,True,Completed,0,,7.0,True,150.0,7,2023-10-20 09:00:00,2023-11-18 08:00:00
ASG10325,TSK1781,EMP899,PRJ278,2023-11-15,AI-Recommended,EMP874,Accepted,2023-11-15,0.0,100.0,79.5,91.9,55.3,79.6,False,Cancelled,0,,,,,2,2023-11-15 09:00:00,2023-11-24 10:45:00
ASG10394,TSK9457,EMP084,PRJ092,2023-06-07,Auto-Scheduled,EMP1004,Accepted,2023-06-07,0.0,82.0,73.8,80.1,54.6,91.2,True,Completed,0,,6.0,True,93.6,3,2023-06-07 09:00:00,2023-06-18 14:00:00
ASG10435,TSK3898,EMP006,PRJ201,2024-02-03,AI-Recommended,EMP1092,Accepted,2024-02-05,0.0,45.2,36.7,69.4,29.7,66.9,True,Completed,0,,9.0,True,150.0,4,2024-02-03 09:00:00,2024-02-12 11:45:00
ASG10487,TSK9653,EMP162,PRJ135,2024-02-11,Manual,EMP419,Accepted,2024-02-12,100.0,59.6,36.7,75.3,74.7,82.5,True,Completed,0,,9.0,True,99.2,6,2024-02-11 09:00:00,2024-03-02 16:15:00
ASG10501,TSK4994,EMP006,PRJ552,2024-02-04,Manual,EMP403,Pending,,0.0,45.4,29.4,70.6,35.9,65.3,False,Reassigned,0,,,,,2,2024-02-04 09:00:00,2024-02-12 16:15:00
ASG10505,TSK6940,EMP1092,PRJ072,2023-10-14,Auto-Scheduled,EMP158,Accepted,2023-10-14,0.0,64.1,36.6,86.8,37.9,57.7,False,In Progress,0,,,,,3,2023-10-14 09:00:00,2023-11-04 10:30:00
ASG10509,TSK5866,EMP185,PRJ680,2023-02-26,AI-Recommended,EMP738,Accepted,2023-02-28,66.7,88.4,57.9,59.6,66.9,76.8,True,Completed,0,,8.0,True,150.0,5,2023-02-26 09:00:00,2023-03-22 15:00:00
ASG10531,TSK0712,EMP611,PRJ792,2023-11-03,Auto-Scheduled,EMP1407,Accepted,2023-11-04,0.0,77.0,46.8,88.3,45.4,58.9,True,Completed,0,,5.0,True,150.0,1,2023-11-03 09:00:00,2023-11-21 16:00:00
ASG10611,TSK6657,EMP251,PRJ398,2023-10-06,AI-Recommended,EMP1011,Pending,,33.3,86.6,65.7,72.4,64.7,88.7,True,Completed,0,,9.0,True,81.6,5,2023-10-06 09:00:00,2023-10-18 18:15:00
ASG10614,TSK9591,EMP1184,PRJ401,2024-04-27,Manual,EMP854,Accepted,2024-04-27,50.0,72.7,74.4,83.9,69.7,77.2,False,In Progress,0,,,,,6,2024-04-27 09:00:00,2024-05-15 16:15:00
ASG10621,TSK3726,EMP1092,PRJ460,2024-08-13,Auto-Scheduled,EMP1118,Accepted,2024-08-14,0.0,62.9,41.9,100.0,44.4,49.7,False,In Progress,0,,,,,2,2024-08-13 09:00:00,2024-08-17 11:30:00
ASG10622,TSK5661,EMP1041,PRJ713,2024-09-12,Manual,EMP1165,Accepted,2024-09-12,0.0,29.5,21.5,73.5,31.2,76.0,False,Completed,0,,10.0,False,82.8,2,2024-09-12 09:00:00,2024-09-21 09:15:00
ASG10629,TSK0827,EMP1326,PRJ272,2023-06-05,AI-Recommended,EMP144,Accepted,2023-06-05,0.0,60.8,14.3,83.4,34.8,63.7,False,In Progress,0,,,,,1,2023-06-05 09:00:00,2023-06-21 12:15:00
ASG10661,TSK3280,EMP382,PRJ517,2023-07-10,Manual,EMP1322,Accepted,2023-07-11,0.0,100.0,100.0,81.4,63.2,82.1,True,Completed,0,,7.0,True,150.0,5,2023-07-10 09:00:00,2023-07-26 12:30:00
ASG10674,TSK4729,EMP936,PRJ447,2024-07-29,Auto-Scheduled,EMP1289,Accepted,2024-07-30,0.0,84.1,85.0,26.0,49.7,59.4,True,Completed,0,,8.0,True,86.4,6,2024-07-29 09:00:00,2024-08-15 18:45:00
ASG10686,TSK5716,EMP391,PRJ584,2023-09-27,Manual,EMP283,Declined,,0.0,60.0,33.6,60.3,32.3,66.2,True,Completed,0,,7.0,True,76.1,2,2023-09-27 09:00:00,2023-09-30 17:45:00
ASG10689,TSK8244,EMP899,PRJ673,2023-04-02,AI-Recommended,EMP700,Accepted,2023-04-04,33.3,93.1,94.1,97.9,75.7,64.3,False,In Progress,0,,,,,8,2023-04-02 09:00:00,2023-04-27 18:15:00
ASG10711,TSK4792,EMP521,PRJ093,2023-02-13,Auto-Scheduled,EMP720,Accepted,2023-02-14,0.0,53.9,41.6,84.0,34.5,72.0,False,Cancelled,0,,,,,3,2023-02-13 09:00:00,2023-03-06 17:45:00
ASG10959,TSK1250,EMP1193,PRJ170,2023-09-12,Auto-Scheduled,EMP569,Accepted,2023-09-13,0.0,71.0,87.0,55.0,44.8,53.1,True,Completed,0,,6.0,True,150.0,4,2023-09-12 09:00:00,2023-09-25 10:00:00
ASG11079,TSK8210,EMP050,PRJ230,2023-10-17,Manual,EMP895,Accepted,2023-10-18,0.0,75.0,76.5,52.8,50.5,95.0,True,Completed,0,,10.0,True,150.0,2,2023-10-17 09:00:00,2023-11-13 17:00:00
ASG11093,TSK2704,EMP162,PRJ522,2023-03-08,AI-Recommended,EMP905,Accepted,2023-03-08,50.0,57.6,47.0,80.4,58.9,71.0,False,Cancelled,0,,,,,4,2023-03-08 09:00:00,2023-03-15 08:00:00
ASG11109,TSK2050,EMP409,PRJ674,2023-04-16,Auto-Scheduled,EMP1347,Declined,,0.0,71.2,79.6,83.6,43.8,53.4,True,Completed,0,,6.0,True,130.5,3,2023-04-16 09:00:00,2023-04-20 10:30:00
ASG11130,TSK8160,EMP815,PRJ324,2023-03-04,AI-Recommended,EMP899,Accepted,2023-03-04,0.0,69.5,72.5,80.6,47.0,79.5,True,Completed,0,,10.0,True,107.6,4,2023-03-04 09:00:00,2023-03-18 15:00:00
ASG11176,TSK6974,EMP149,PRJ244,2023-04-27,Auto-Scheduled,EMP251,Accepted,2023-04-27,0.0,93.7,94.7,49.9,54.5,75.0,False,Reassigned,2,Skill Mismatch,,,,5,2023-04-27 09:00:00,2023-05-23 13:45:00
ASG11265,TSK2545,EMP815,PRJ144,2024-07-01,Manual,EMP1122,Accepted,2024-07-02,50.0,92.3,64.9,99.0,74.9,69.4,False,Reassigned,2,Overload,,,,6,2024-07-01 09:00:00,2024-07-31 13:15:00
ASG11292,TSK6256,EMP427,PRJ195,2024-05-17,AI-Recommended,EMP442,Pending,,0.0,49.3,45.3,69.4,31.5,91.8,False,In Progress,0,,,,,1,2024-05-17 09:00:00,2024-06-07 17:00:00
ASG11295,TSK8846,EMP841,PRJ106,2024-09-05,Manual,EMP882,Accepted,2024-09-07,0.0,61.4,21.6,66.8,37.2,63.4,False,Cancelled,0,,,,,1,2024-09-05 09:00:00,2024-09-08 17:00:00
ASG11309,TSK6290,EMP251,PRJ768,2023-12-10,AI-Recommended,EMP450,Accepted,2023-12-11,33.3,77.0,69.7,80.9,58.1,62.9,False,Completed,0,,8.0,False,88.5,6,2023-12-10 09:00:00,2023-12-30 09:30:00
ASG11337,TSK4532,EMP899,PRJ392,2023-02-06,Auto-Scheduled,EMP638,Pending,,100.0,88.0,86.5,98.4,92.7,60.5,True,Completed,0,,5.0,True,82.4,7,2023-02-06 09:00:00,2023-03-05 11:30:00
ASG11342,TSK3080,EMP450,PRJ343,2024-04-19,Auto-Scheduled,EMP1244,Accepted,2024-04-19,0.0,73.5,74.7,82.9,47.3,75.3,True,Completed,0,,8.0,True,132.3,3,2024-04-19 09:00:00,2024-04-28 10:00:00
ASG11425,TSK6554,EMP1041,PRJ662,2023-08-23,Auto-Scheduled,EMP842,Accepted,2023-08-23,0.0,19.4,25.3,89.4,24.9,65.8,True,Completed,0,,7.0,True,72.4,1,2023-08-23 09:00:00,2023-09-04 09:00:00
ASG11499,TSK3814,EMP084,PRJ511,2024-06-26,AI-Recommended,EMP110,Accepted,2024-06-28,100.0,74.2,61.9,83.3,84.5,85.6,False,In Progress,0,,,,,10,2024-06-26 09:00:00,2024-07-05 15:30:00
ASG11535,TSK0022,EMP1092,PRJ653,2024-09-10,Auto-Scheduled,EMP1231,Renegotiated,,50.0,57.3,33.2,78.7,52.1,49.4,False,In Progress,0,,,,,4,2024-09-10 09:00:00,2024-09-12 12:15:00
ASG11539,TSK1239,EMP409,PRJ674,2023-05-01,Auto-Scheduled,EMP452,Accepted,2023-05-01,33.3,77.0,75.5,78.5,59.1,60.7,False,Reassigned,0,,,,,6,2023-05-01 09:00:00,2023-05-09 13:30:00
ASG11561,TSK5640,EMP409,PRJ674,2023-01-28,Auto-Scheduled,EMP1443,Accepted,2023-01-29,100.0,68.5,61.9,81.2,79.4,69.7,True,Completed,0,,8.0,True,78.6,10,2023-01-28 09:00:00,2023-02-11 12:00:00
ASG11588,TSK0135,EMP611,PRJ075,2024-09-07,Manual,EMP1327,Accepted,2024-09-09,0.0,80.8,40.4,46.5,40.2,77.2,False,In Progress,0,,,,,2,2024-09-07 09:00:00,2024-09-26 10:15:00
ASG11630,TSK3993,EMP1326,PRJ272,2023-10-06,Auto-Scheduled,EMP1295,Accepted,2023-10-08,0.0,62.2,32.0,79.1,34.3,59.9,True,Completed,0,,7.0,True,150.0,1,2023-10-06 09:00:00,2023-10-22 08:00:00
ASG11661,TSK2066,EMP251,PRJ686,2024-03-27,AI-Recommended,EMP595,Accepted,2024-03-27,100.0,66.9,82.6,81.6,85.0,80.5,True,Completed,0,,8.0,True,86.0,10,2024-03-27 09:00:00,2024-04-11 11:00:00
ASG11691,TSK7684,EMP815,PRJ740,2024-02-08,Auto-Scheduled,EMP855,Accepted,2024-02-10,0.0,75.9,77.9,77.4,49.3,68.6,True,Completed,0,,9.0,True,72.8,4,2024-02-08 09:00:00,2024-02-24 15:00:00
ASG11692,TSK9529,EMP611,PRJ792,2024-02-07,AI-Recommended,EMP1313,Accepted,2024-02-09,0.0,82.9,44.0,51.2,38.4,52.7,False,Cancelled,0,,,,,2,2024-02-07 09:00:00,2024-02-21 15:30:00
ASG11707,TSK7264,EMP427,PRJ612,2024-05-21,Manual,EMP310,Accepted,2024-05-21,66.7,73.0,37.4,51.1,63.6,70.8,False,Reassigned,0,,,,,5,2024-05-21 09:00:00,2024-06-12 16:00:00
ASG11826,TSK7937,EMP382,PRJ571,2024-09-10,AI-Recommended,EMP271,Pending,,0.0,100.0,100.0,79.0,61.7,77.3,True,Completed,0,,8.0,True,150.0,3,2024-09-10 09:00:00,2024-10-08 18:15:00
ASG11870,TSK5704,EMP162,PRJ556,2024-07-07,AI-Recommended,EMP1221,Accepted,2024-07-07,50.0,56.6,41.9,75.1,57.4,71.6,False,In Progress,0,,,,,4,2024-07-07 09:00:00,2024-07-27 18:30:00
ASG11878,TSK6961,EMP1092,PRJ072,2023-10-12,Auto-Scheduled,EMP1258,Accepted,2023-10-13,0.0,69.0,33.2,100.0,40.8,65.0,False,Completed,0,,6.0,False,82.0,3,2023-10-12 09:00:00,2023-10-29 14:15:00
ASG11879,TSK2061,EMP084,PRJ694,2023-03-01,Manual,EMP1380,Accepted,2023-03-03,0.0,71.1,64.9,90.5,47.0,73.7,False,Reassigned,0,,,,,2,2023-03-01 09:00:00,2023-03-12 09:30:00
ASG11908,TSK3908,EMP1325,PRJ485,2024-02-16,Manual,EMP110,Accepted,2024-02-18,0.0,24.6,29.5,51.2,20.0,59.3,False,In Progress,0,,,,,1,2024-02-16 09:00:00,2024-03-16 12:00:00
ASG11926,TSK5550,EMP1092,PRJ656,2024-07-16,AI-Recommended,EMP373,Accepted,2024-07-17,0.0,60.6,52.8,100.0,45.7,59.7,False,In Progress,0,,,,,4,2024-07-16 09:00:00,2024-08-04 18:15:00
ASG11976,TSK7763,EMP611,PRJ049,2023-09-26,AI-Recommended,EMP066,Accepted,2023-09-27,0.0,53.9,53.9,81.2,44.8,56.9,True,Completed,0,,9.0,True,127.8,4,2023-09-26 09:00:00,2023-10-26 16:45:00
ASG12003,TSK3973,EMP611,PRJ020,2024-03-09,Manual,EMP301,Accepted,2024-03-09,0.0,68.1,46.3,84.7,43.2,68.5,True,Completed,0,,7.0,True,150.0,3,2024-03-09 09:00:00,2024-03-28 10:45:00
ASG12022,TSK8464,EMP1184,PRJ548,2024-03-07,Auto-Scheduled,EMP639,Accepted,2024-03-08,0.0,85.7,83.0,100.0,59.8,70.8,False,Completed,0,,7.0,False,150.0,5,2024-03-07 09:00:00,2024-03-16 15:00:00
ASG12043,TSK1003,EMP899,PRJ139,2024-09-18,Manual,EMP102,Accepted,2024-09-18,50.0,100.0,79.4,93.1,73.4,69.6,False,Completed,0,,10.0,False,150.0,5,2024-09-18 09:00:00,2024-10-02 12:45:00
ASG12048,TSK2488,EMP611,PRJ792,2023-11-07,AI-Recommended,EMP1012,Accepted,2023-11-08,0.0,69.6,44.8,42.3,31.2,69.6,True,Completed,0,,6.0,True,140.9,3,2023-11-07 09:00:00,2023-11-09 08:15:00
ASG12093,TSK2972,EMP740,PRJ206,2023-11-29,Auto-Scheduled,EMP282,Accepted,2023-11-29,0.0,91.3,65.8,75.6,56.3,63.3,True,Completed,0,,6.0,True,90.5,3,2023-11-29 09:00:00,2023-12-27 14:30:00
ASG12146,TSK3308,EMP702,PRJ244,2024-12-06,Manual,EMP1139,Pending,,0.0,56.8,51.9,16.5,25.5,55.3,False,In Progress,0,,,,,2,2024-12-06 09:00:00,2024-12-24 08:15:00
ASG12221,TSK1946,EMP051,PRJ183,2024-09-09,Auto-Scheduled,EMP1461,Accepted,2024-09-09,0.0,82.9,70.2,18.0,46.3,65.8,True,Completed,0,,9.0,True,104.6,4,2024-09-09 09:00:00,2024-09-18 18:45:00
ASG12265,TSK9065,EMP899,PRJ139,2024-09-23,Manual,EMP181,Pending,,100.0,85.5,87.7,86.4,96.4,86.6,False,Completed,0,,8.0,False,75.3,10,2024-09-23 09:00:00,2024-10-13 08:00:00
ASG12281,TSK1818,EMP1041,PRJ063,2023-08-28,Auto-Scheduled,EMP245,Accepted,2023-08-28,100.0,20.3,25.6,93.2,65.2,67.0,False,In Progress,0,,,,,8,2023-08-28 09:00:00,2023-09-22 17:45:00
ASG12294,TSK7582,EMP391,PRJ759,2024-03-06,Auto-Scheduled,EMP1059,Accepted,2024-03-08,100.0,63.4,44.8,93.5,74.3,71.1,False,Reassigned,2,,,,,9,2024-03-06 09:00:00,2024-04-05 18:45:00
ASG12357,TSK0418,EMP1184,PRJ759,2023-10-25,Auto-Scheduled,EMP115,Accepted,2023-10-27,0.0,82.7,79.0,81.3,55.3,81.9,True,Completed,0,,10.0,True,110.7,4,2023-10-25 09:00:00,2023-11-07 14:00:00
ASG12382,TSK0233,EMP084,PRJ643,2024-07-24,Manual,EMP1303,Accepted,2024-07-26,0.0,73.7,74.3,89.2,49.4,70.3,True,Completed,0,,8.0,True,150.0,5,2024-07-24 09:00:00,2024-08-02 17:30:00
ASG12388,TSK5733,EMP391,PRJ700,2023-06-05,AI-Recommended,EMP1252,Accepted,2023-06-05,50.0,57.8,30.8,52.1,51.5,66.6,True,Completed,0,,9.0,True,116.1,3,2023-06-05 09:00:00,2023-07-03 13:30:00
ASG12435,TSK7694,EMP162,PRJ744,2024-02-19,AI-Recommended,EMP1000,Renegotiated,,100.0,54.7,23.9,88.5,70.3,59.0,True,Completed,0,,7.0,True,84.4,5,2024-02-19 09:00:00,2024-03-11 09:45:00
ASG12457,TSK8186,EMP521,PRJ323,2024-07-12,AI-Recommended,EMP1012,Accepted,2024-07-12,0.0,61.7,45.5,79.9,46.4,64.1,False,In Progress,0,,,,,1,2024-07-12 09:00:00,2024-07-22 14:45:00
ASG12541,TSK8703,EMP1174,PRJ492,2024-06-28,Manual,EMP1362,Accepted,2024-06-30,0.0,17.8,19.8,74.2,24.0,63.9,True,Completed,0,,9.0,True,97.6,1,2024-06-28 09:00:00,2024-07-14 13:45:00
ASG12549,TSK1076,EMP084,PRJ511,2024-06-05,AI-Recommended,EMP1356,Accepted,2024-06-05,0.0,73.9,70.9,81.9,42.6,83.6,False,Completed,0,,7.0,False,77.2,4,2024-06-05 09:00:00,2024-06-12 14:30:00
ASG12606,TSK9235,EMP382,PRJ176,2023-04-13,Auto-Scheduled,EMP600,Declined,,0.0,95.2,100.0,89.1,64.6,68.5,True,Completed,0,,9.0,True,108.0,6,2023-04-13 09:00:00,2023-04-20 09:15:00
ASG12629,TSK1069,EMP382,PRJ390,2023-05-20,Manual,EMP1281,Declined,,0.0,97.2,100.0,85.3,62.6,81.1,True,Completed,0,,6.0,True,93.0,5,2023-05-20 09:00:00,2023-05-26 13:45:00
ASG12711,TSK0424,EMP899,PRJ182,2023-06-03,AI-Recommended,EMP463,Accepted,2023-06-03,100.0,100.0,76.7,98.1,91.5,65.5,False,In Progress,0,,,,,8,2023-06-03 09:00:00,2023-06-26 14:45:00
ASG12777,TSK8657,EMP162,PRJ526,2023-09-20,AI-Recommended,EMP643,Accepted,2023-09-20,0.0,59.6,36.4,78.4,37.2,73.5,True,Completed,0,,7.0,True,122.1,1,2023-09-20 09:00:00,2023-09-21 14:45:00
ASG12795,TSK4847,EMP391,PRJ453,2023-04-14,Auto-Scheduled,EMP920,Accepted,2023-04-16,100.0,63.2,43.1,85.2,78.0,65.6,True,Completed,0,,9.0,True,103.6,8,2023-04-14 09:00:00,2023-05-07 11:00:00
ASG12844,TSK5487,EMP162,PRJ135,2024-02-10,Manual,EMP1252,Accepted,2024-02-10,0.0,65.5,29.2,89.0,40.8,86.0,False,In Progress,0,,,,,1,2024-02-10 09:00:00,2024-02-20 11:00:00
ASG12846,TSK2038,EMP1325,PRJ335,2024-01-05,Manual,EMP1070,Accepted,2024-01-06,100.0,26.3,27.3,62.1,58.3,64.2,False,Reassigned,1,Skill Mismatch,,,,6,2024-01-05 09:00:00,2024-02-01 10:00:00
ASG12891,TSK3969,EMP006,PRJ387,2024-02-03,Manual,EMP854,Accepted,2024-02-03,0.0,41.9,36.4,46.9,22.3,67.9,True,Completed,0,,6.0,True,150.0,2,2024-02-03 09:00:00,2024-02-17 13:45:00
ASG12897,TSK0198,EMP1041,PRJ424,2023-06-14,AI-Recommended,EMP594,Accepted,2023-06-16,0.0,27.0,17.9,77.7,21.3,77.2,False,Cancelled,0,,,,,2,2023-06-14 09:00:00,2023-07-14 10:00:00
ASG12898,TSK2353,EMP084,PRJ183,2024-03-08,AI-Recommended,EMP303,Pending,,100.0,82.4,75.2,84.7,84.0,72.8,True,Completed,0,,6.0,True,77.1,10,2024-03-08 09:00:00,2024-04-05 08:45:00
ASG12909,TSK2270,EMP1245,PRJ101,2023-04-14,Auto-Scheduled,EMP993,Accepted,2023-04-14,50.0,70.6,75.8,87.2,68.2,56.1,True,Completed,0,,10.0,True,150.0,6,2023-04-14 09:00:00,2023-05-10 12:30:00
ASG12918,TSK1647,EMP841,PRJ106,2024-09-19,Manual,EMP020,Accepted,2024-09-19,0.0,38.8,27.4,76.3,32.3,84.8,True,Completed,0,,6.0,True,150.0,1,2024-09-19 09:00:00,2024-10-04 18:45:00
ASG12975,TSK7964,EMP936,PRJ071,2024-07-29,AI-Recommended,EMP938,Pending,,0.0,97.4,100.0,45.8,56.1,74.2,False,In Progress,0,,,,,3,2024-07-29 09:00:00,2024-08-02 14:00:00
ASG12991,TSK9319,EMP815,PRJ324,2023-03-05,Auto-Scheduled,EMP146,Pending,,0.0,73.3,76.1,82.8,51.3,69.4,False,Cancelled,0,,,,,2,2023-03-05 09:00:00,2023-03-06 18:15:00
ASG13007,TSK7916,EMP1326,PRJ493,2024-06-05,Auto-Scheduled,EMP314,Accepted,2024-06-05,0.0,60.7,25.0,65.9,37.0,51.7,True,Completed,0,,9.0,True,82.5,1,2024-06-05 09:00:00,2024-06-09 08:30:00
ASG13043,TSK5927,EMP899,PRJ026,2024-02-29,Auto-Scheduled,EMP1460,Pending,,0.0,91.7,82.1,86.1,61.5,70.3,True,Completed,0,,7.0,True,150.0,4,2024-02-29 09:00:00,2024-03-12 13:30:00
ASG13059,TSK7277,EMP084,PRJ285,2023-12-27,Manual,EMP078,Accepted,2023-12-28,50.0,82.1,74.6,81.5,67.0,76.6,False,Cancelled,0,,,,,7,2023-12-27 09:00:00,2024-01-23 17:45:00
ASG13073,TSK2293,EMP427,PRJ693,2024-08-29,AI-Recommended,EMP1442,Accepted,2024-08-30,50.0,66.7,31.7,75.2,52.3,67.9,False,Reassigned,0,,,,,5,2024-08-29 09:00:00,2024-09-22 12:45:00
ASG13109,TSK0016,EMP740,PRJ243,2024-06-21,Manual,EMP793,Accepted,2024-06-22,0.0,80.7,68.9,71.5,44.4,77.7,True,Completed,0,,7.0,True,121.2,2,2024-06-21 09:00:00,2024-07-15 12:00:00
ASG13191,TSK4786,EMP1174,PRJ782,2024-08-20,Manual,EMP1288,Accepted,2024-08-21,100.0,25.3,27.4,76.6,65.6,75.8,True,Completed,0,,9.0,True,150.0,6,2024-08-20 09:00:00,2024-09-14 16:30:00
ASG13276,TSK9677,EMP936,PRJ689,2024-08-25,Auto-Scheduled,EMP015,Accepted,2024-08-27,0.0,100.0,94.4,29.7,56.0,71.4,False,In Progress,0,,,,,4,2024-08-25 09:00:00,2024-09-16 15:30:00
ASG13315,TSK3239,EMP1092,PRJ656,2024-07-31,Manual,EMP1411,Accepted,2024-08-02,100.0,64.3,31.9,89.9,79.9,54.7,True,Completed,0,,9.0,True,72.9,8,2024-07-31 09:00:00,2024-08-27 12:15:00
ASG13324,TSK0080,EMP521,PRJ487,2023-12-05,AI-Recommended,EMP800,Pending,,0.0,61.2,35.4,75.4,35.8,62.2,True,Completed,0,,9.0,True,72.2,3,2023-12-05 09:00:00,2024-01-03 09:00:00
ASG13363,TSK8462,EMP1193,PRJ290,2024-02-09,Manual,EMP1396,Declined,,0.0,83.3,81.3,51.5,50.2,67.6,True,Completed,0,,7.0,True,104.3,2,2024-02-09 09:00:00,2024-02-17 08:45:00
ASG13407,TSK2207,EMP702,PRJ028,2024-12-06,Auto-Scheduled,EMP281,Accepted,2024-12-07,0.0,57.0,48.1,39.6,30.5,79.0,True,Completed,0,,9.0,True,123.0,2,2024-12-06 09:00:00,2024-12-07 09:15:00
ASG13429,TSK2015,EMP815,PRJ062,2023-10-06,AI-Recommended,EMP381,Accepted,2023-10-08,50.0,83.7,75.6,93.9,74.5,64.4,True,Completed,0,,8.0,True,150.0,7,2023-10-06 09:00:00,2023-10-15 09:30:00
ASG13485,TSK5412,EMP611,PRJ767,2023-09-25,AI-Recommended,EMP068,Accepted,2023-09-26,0.0,76.9,32.1,91.9,46.8,58.2,True,Completed,0,,6.0,True,150.0,1,2023-09-25 09:00:00,2023-09-28 14:15:00
ASG13506,TSK3729,EMP050,PRJ713,2024-10-01,AI-Recommended,EMP643,Pending,,0.0,67.3,61.1,60.9,38.9,72.1,False,In Progress,0,,,,,3,2024-10-01 09:00:00,2024-10-18 17:15:00
ASG13531,TSK7938,EMP382,PRJ750,2023-08-08,Manual,EMP1166,Accepted,2023-08-08,50.0,85.7,100.0,91.0,83.0,87.2,False,In Progress,0,,,,,7,2023-08-08 09:00:00,2023-08-28 14:15:00
ASG13560,TSK5273,EMP1184,PRJ401,2024-04-17,Auto-Scheduled,EMP160,Accepted,2024-04-17,50.0,92.4,67.9,82.3,76.0,79.4,False,Completed,0,,9.0,False,150.0,6,2024-04-17 09:00:00,2024-05-13 10:00:00
ASG13640,TSK5318,EMP740,PRJ163,2023-03-20,Manual,EMP508,Accepted,2023-03-20,0.0,85.6,65.0,42.3,43.8,81.4,True,Completed,0,,7.0,True,150.0,2,2023-03-20 09:00:00,2023-04-14 15:15:00
ASG13662,TSK1669,EMP521,PRJ154,2023-09-26,AI-Recommended,EMP291,Accepted,2023-09-28,0.0,73.8,42.7,81.5,46.8,72.6,True,Completed,0,,6.0,True,150.0,2,2023-09-26 09:00:00,2023-10-07 10:30:00
ASG13678,TSK8083,EMP611,PRJ248,2023-09-26,Manual,EMP1369,Accepted,2023-09-28,50.0,77.5,59.5,90.1,66.4,61.3,True,Completed,0,,8.0,True,150.0,4,2023-09-26 09:00:00,2023-10-05 12:45:00
ASG13679,TSK7582,EMP1184,PRJ759,2024-02-16,Manual,EMP979,Accepted,2024-02-17,0.0,74.1,74.2,100.0,59.5,89.9,False,Reassigned,2,Overload,,,,4,2024-02-16 09:00:00,2024-02-22 17:45:00
ASG13717,TSK2697,EMP611,PRJ448,2024-09-18,AI-Recommended,EMP058,Declined,,66.7,76.6,18.9,51.0,57.6,75.2,False,In Progress,0,,,,,5,2024-09-18 09:00:00,2024-10-06 16:00:00
ASG13731,TSK6372,EMP287,PRJ679,2024-02-15,AI-Recommended,EMP1247,Accepted,2024-02-15,0.0,78.7,90.4,41.0,50.9,79.0,False,Completed,0,,8.0,False,150.0,5,2024-02-15 09:00:00,2024-02-18 15:00:00
ASG13737,TSK0577,EMP251,PRJ053,2023-09-15,AI-Recommended,EMP191,Declined,,50.0,84.7,82.8,84.6,72.0,82.1,False,In Progress,0,,,,,8,2023-09-15 09:00:00,2023-10-14 13:30:00
ASG13754,TSK1648,EMP702,PRJ172,2024-12-07,Manual,EMP1485,Pending,,0.0,62.7,50.0,21.5,26.0,56.2,False,Cancelled,0,,,,,3,2024-12-07 09:00:00,2024-12-31 18:30:00
ASG13772,TSK0342,EMP185,PRJ758,2023-07-10,AI-Recommended,EMP1114,Declined,,100.0,73.7,67.3,83.3,82.4,84.4,True,Completed,0,,9.0,True,150.0,9,2023-07-10 09:00:00,2023-08-05 09:00:00
ASG13846,TSK4001,EMP185,PRJ477,2023-05-15,Manual,EMP126,Pending,,0.0,79.9,80.2,65.7,51.1,75.2,True,Completed,0,,6.0,True,150.0,4,2023-05-15 09:00:00,2023-05-30 14:45:00
ASG13891,TSK0882,EMP450,PRJ313,2023-03-23,Manual,EMP217,Accepted,2023-03-25,0.0,82.0,72.5,80.1,56.2,79.3,True,Completed,0,,8.0,True,150.0,2,2023-03-23 09:00:00,2023-04-12 17:30:00
ASG13892,TSK9803,EMP076,PRJ096,2023-09-12,Manual,EMP938,Accepted,2023-09-13,0.0,99.5,85.2,46.6,50.9,76.0,True,Completed,0,,8.0,True,107.4,5,2023-09-12 09:00:00,2023-09-29 11:45:00
ASG13897,TSK6762,EMP076,PRJ362,2024-02-22,AI-Recommended,EMP395,Accepted,2024-02-22,0.0,97.3,89.5,86.0,56.6,61.2,False,In Progress,0,,,,,5,2024-02-22 09:00:00,2024-02-25 18:30:00
ASG13907,TSK1334,EMP251,PRJ761,2023-05-02,Manual,EMP101,Accepted,2023-05-04,50.0,72.2,78.2,84.7,68.0,77.6,False,Cancelled,0,,,,,7,2023-05-02 09:00:00,2023-05-29 08:45:00
ASG13940,TSK0591,EMP1092,PRJ503,2024-05-16,Manual,EMP952,Pending,,0.0,58.5,44.6,89.7,45.2,59.3,True,Completed,0,,8.0,True,150.0,2,2024-05-16 09:00:00,2024-06-12 09:00:00
ASG13973,TSK7359,EMP740,PRJ206,2023-11-25,Manual,EMP1320,Pending,,0.0,83.6,81.9,45.9,48.1,70.2,False,Cancelled,0,,,,,3,2023-11-25 09:00:00,2023-11-29 18:45:00
ASG14185,TSK4316,EMP427,PRJ492,2024-05-25,Auto-Scheduled,EMP1153,Accepted,2024-05-26,66.7,68.2,33.9,83.2,65.2,72.2,False,Completed,0,,8.0,False,122.5,3,2024-05-25 09:00:00,2024-06-04 18:45:00
ASG14196,TSK5943,EMP084,PRJ479,2024-08-23,Auto-Scheduled,EMP1368,Accepted,2024-08-24,50.0,74.4,57.2,69.2,63.4,66.3,False,Cancelled,0,,,,,5,2024-08-23 09:00:00,2024-09-15 18:45:00
ASG14258,TSK5425,EMP267,PRJ601,2024-05-02,Manual,EMP914,Accepted,2024-05-02,0.0,76.5,40.8,85.2,46.7,66.5,False,Completed,0,,7.0,False,83.9,2,2024-05-02 09:00:00,2024-05-22 09:15:00
ASG14283,TSK1210,EMP084,PRJ697,2023-07-04,Auto-Scheduled,EMP1044,Accepted,2023-07-05,100.0,83.2,84.8,100.0,90.2,72.6,True,Completed,0,,8.0,True,120.1,10,2023-07-04 09:00:00,2023-07-28 09:30:00
ASG14338,TSK8503,EMP841,PRJ621,2023-05-25,AI-Recommended,EMP1444,Accepted,2023-05-26,0.0,60.5,29.2,96.8,43.5,77.8,True,Completed,0,,7.0,True,150.0,1,2023-05-25 09:00:00,2023-06-22 15:45:00
ASG14382,TSK1847,EMP936,PRJ625,2024-07-28,Auto-Scheduled,EMP184,Accepted,2024-07-30,0.0,92.7,85.7,11.8,43.6,75.6,True,Completed,0,,6.0,True,121.1,6,2024-07-28 09:00:00,2024-08-14 10:30:00
ASG14398,TSK5906,EMP815,PRJ342,2024-01-26,AI-Recommended,EMP688,Accepted,2024-01-26,0.0,88.2,67.4,77.8,52.4,59.6,True,Completed,0,,8.0,True,87.7,4,2024-01-26 09:00:00,2024-02-19 14:15:00
ASG14443,TSK7068,EMP521,PRJ704,2023-08-19,Manual,EMP1082,Accepted,2023-08-21,0.0,62.5,35.4,88.3,41.3,60.0,False,Completed,0,,7.0,False,150.0,1,2023-08-19 09:00:00,2023-09-15 11:15:00
ASG14444,TSK5501,EMP162,PRJ522,2023-04-20,AI-Recommended,EMP686,Accepted,2023-04-21,33.3,59.0,35.6,95.9,52.1,77.1,True,Completed,0,,8.0,True,150.0,3,2023-04-20 09:00:00,2023-05-13 13:00:00
ASG14445,TSK4196,EMP149,PRJ136,2024-09-05,AI-Recommended,EMP1357,Accepted,2024-09-05,0.0,97.1,100.0,86.3,63.5,68.1,False,In Progress,0,,,,,5,2024-09-05 09:00:00,2024-09-29 18:00:00
ASG14536,TSK5346,EMP1041,PRJ173,2023-02-12,AI-Recommended,EMP038,Accepted,2023-02-13,0.0,31.0,20.6,100.0,28.8,67.5,False,Reassigned,0,,,,,1,2023-02-12 09:00:00,2023-03-11 17:45:00
ASG14643,TSK0616,EMP084,PRJ150,2023-12-12,Auto-Scheduled,EMP280,Pending,,0.0,81.0,80.6,98.4,57.4,100.0,False,Completed,0,,9.0,False,150.0,4,2023-12-12 09:00:00,2024-01-10 16:30:00
ASG14769,TSK2734,EMP006,PRJ476,2024-02-03,Auto-Scheduled,EMP172,Declined,,0.0,52.0,11.9,52.1,29.5,89.8,False,In Progress,0,,,,,1,2024-02-03 09:00:00,2024-02-23 13:30:00
ASG14805,TSK4997,EMP382,PRJ571,2024-08-28,AI-Recommended,EMP1368,Accepted,2024-08-30,0.0,100.0,100.0,66.9,64.7,67.2,True,Completed,0,,8.0,True,150.0,6,2024-08-28 09:00:00,2024-09-27 15:45:00
ASG14840,TSK4803,EMP740,PRJ206,2023-10-25,Manual,EMP322,Renegotiated,,0.0,72.6,70.7,80.2,47.9,74.7,False,In Progress,0,,,,,3,2023-10-25 09:00:00,2023-11-09 08:30:00
ASG14842,TSK0685,EMP076,PRJ349,2023-07-22,Auto-Scheduled,EMP782,Accepted,2023-07-22,66.7,92.2,81.4,57.1,72.2,81.2,False,In Progress,0,,,,,7,2023-07-22 09:00:00,2023-07-27 14:00:00
ASG14847,TSK8492,EMP936,PRJ725,2024-07-28,AI-Recommended,EMP797,Accepted,2024-07-29,0.0,75.7,100.0,17.4,41.7,59.2,True,Completed,0,,8.0,True,150.0,6,2024-07-28 09:00:00,2024-08-05 09:45:00
ASG14860,TSK3953,EMP899,PRJ146,2023-06-05,Manual,EMP1385,Accepted,2023-06-05,0.0,94.9,89.8,93.1,63.4,77.4,True,Completed,0,,8.0,True,129.8,3,2023-06-05 09:00:00,2023-06-13 10:45:00
ASG14865,TSK4969,EMP936,PRJ689,2024-08-28,AI-Recommended,EMP454,Accepted,2024-08-28,0.0,90.7,91.3,22.7,44.6,61.1,True,Completed,0,,7.0,True,72.4,4,2024-08-28 09:00:00,2024-09-26 16:15:00
ASG14894,TSK7933,EMP899,PRJ040,2024-07-16,Manual,EMP193,Accepted,2024-07-16,0.0,87.0,96.1,90.5,60.9,70.6,True,Completed,0,,7.0,True,125.7,3,2024-07-16 09:00:00,2024-08-08 13:15:00
ASG14989,TSK1604,EMP702,PRJ416,2024-12-06,Manual,EMP824,Pending,,100.0,67.3,32.7,19.8,62.0,50.2,True,Completed,0,,7.0,True,77.7,8,2024-12-06 09:00:00,2024-12-14 12:15:00
ASG14994,TSK5920,EMP006,PRJ552,2024-02-03,AI-Recommended,EMP1206,Accepted,2024-02-03,0.0,54.6,17.3,14.6,20.3,78.9,False,Cancelled,0,,,,,1,2024-02-03 09:00:00,2024-02-08 10:45:00
