team_id,team_name,project_id,formation_date,formation_method,team_lead_id,member_ids,team_size,role_distribution,seniority_mix,skill_diversity_score,experience_balance_score,collaborative_history_score,workload_balance_score,predicted_success_rate,actual_performance_score,collaboration_effectiveness,project_completed,completion_time_days,met_deadline,quality_rating,budget_adherence,stakeholder_satisfaction,resource_utilization,skill_utilization_rate,team_feedback_score,team_status,dissolution_date,dissolution_reason,created_at,last_updated
TEAM006,Phoenix Team,PRJ792,2023-11-01,Manual,EMP1395,"EMP352,EMP611,EMP766",4,"{""UI/UX"": 1, ""Product"": 1, ""Graphic"": 2}","{""Senior"": 1, ""Junior"": 2, ""Mid"": 1}",77.8,32.5,64.7,62.7,75.7,86.5,64.0,True,273.0,True,8.0,0.3,6.0,99.6,100.0,6.0,Completed,2024-07-31,Project Complete,2023-11-01 09:00:00,2024-11-14 13:15:00
TEAM013,Gamma Team,PRJ699,2024-07-31,Manual,EMP459,"EMP196,EMP1314,EMP1382,EMP857,EMP699,EMP899",7,"{""Operations"": 5, ""Project"": 1, ""Scrum"": 1}","{""Senior"": 2, ""Principal"": 2, ""Mid"": 2, ""Lead"": 1}",41.9,100.0,73.0,79.5,70.7,,67.6,False,,,8.0,,,31.4,100.0,5.0,Active,,,2024-07-31 09:00:00,2024-10-14 14:15:00
TEAM024,Beta Crew 2,PRJ479,2024-06-24,Manual,EMP084,"EMP407,EMP735",3,"{""HR"": 1, ""Accountant"": 2}","{""Lead"": 1, ""Mid"": 2}",100.0,64.4,79.1,90.6,78.8,60.0,80.2,False,,,8.0,,,51.6,80.0,8.0,Active,,,2024-06-24 09:00:00,2025-01-16 13:00:00
TEAM033,Nexus Crew 2,PRJ469,2023-07-22,Hybrid,EMP1419,"EMP723,EMP740,EMP131",4,"{""SEO"": 1, ""Marketing"": 3}","{""Senior"": 1, ""Junior"": 2, ""Mid"": 1}",71.0,67.5,90.0,39.6,71.5,71.1,80.3,True,125.0,False,7.0,1.4,7.0,101.5,100.0,7.0,Completed,2023-11-24,Project Complete,2023-07-22 09:00:00,2024-12-21 12:15:00
TEAM046,Platform Team 2,PRJ040,2024-07-10,Manual,EMP1314,"EMP1104,EMP598,EMP899,EMP1242,EMP1202,EMP109,EMP1023,EMP173",9,"{""Operations"": 7, ""Scrum"": 2}","{""Principal"": 1, ""Junior"": 4, ""Lead"": 1, ""Mid"": 2, ""Senior"": 1}",39.6,10.0,64.8,72.7,63.4,68.6,83.2,True,307.0,False,7.0,0.2,8.0,92.4,100.0,7.0,Completed,2025-05-13,Project Complete,2024-07-10 09:00:00,2024-09-07 14:15:00
TEAM060,Data Squad 3,PRJ556,2024-06-12,Manual,EMP357,"EMP638,EMP1420,EMP162,EMP1116,EMP1494,EMP837,EMP1165,EMP417",9,"{""Senior"": 1, ""Software"": 3, ""Team"": 1, ""Developer"": 3, ""Principal"": 1}","{""Lead"": 3, ""Mid"": 4, ""Senior"": 2}",52.9,100.0,61.3,73.1,73.7,,68.8,False,,,7.0,,,67.9,100.0,7.0,Active,,,2024-06-12 09:00:00,2024-06-22 17:45:00
TEAM064,Vortex Team 5,PRJ139,2024-09-03,Manual,EMP263,"EMP899,EMP559,EMP834,EMP173,EMP095,EMP1320,EMP393,EMP1202,EMP1500",10,"{""Operations"": 6, ""Scrum"": 4}","{""Lead"": 3, ""Mid"": 4, ""Junior"": 2, ""Senior"": 1}",30.4,56.2,75.1,69.0,66.1,56.0,70.2,False,,,7.0,,,44.6,100.0,5.0,Active,,,2024-09-03 09:00:00,2024-12-09 13:15:00
TEAM066,Titan Squad 4,PRJ768,2023-11-10,AI-Recommended,EMP111,"EMP640,EMP251",3,"{""Software"": 1, ""Principal"": 1, ""Team"": 1}","{""Principal"": 1, ""Mid"": 1, ""Senior"": 1}",100.0,55.9,91.5,93.7,75.3,90.9,77.2,True,197.0,True,7.0,0.5,8.0,96.7,80.0,8.0,Completed,2024-05-25,Project Complete,2023-11-10 09:00:00,2024-02-20 08:15:00
TEAM070,Platform Team 3,PRJ356,2023-02-16,Manual,EMP683,"EMP1459,EMP705,EMP1112,EMP1084,EMP436,EMP363,EMP494,EMP456",9,"{""Product"": 2, ""Design"": 2, ""UI/UX"": 3, ""Graphic"": 2}","{""Lead"": 2, ""Principal"": 2, ""Junior"": 3, ""Mid"": 2}",43.4,60.7,72.5,46.0,75.8,54.7,64.4,False,,,7.0,,,54.9,100.0,6.0,Active,,,2023-02-16 09:00:00,2024-12-10 13:00:00
TEAM072,Innovation Lab 5,PRJ725,2023-11-11,AI-Recommended,EMP085,"EMP987,EMP706,EMP1121,EMP700,EMP275,EMP936,EMP243,EMP1339",9,"{""SEO"": 4, ""Content"": 3, ""Marketing"": 2}","{""Lead"": 2, ""Senior"": 3, ""Mid"": 2, ""Principal"": 1, ""Junior"": 1}",33.8,100.0,64.9,58.8,72.1,,70.9,False,,,6.0,,,24.8,100.0,,On Hold,,,2023-11-11 09:00:00,2024-03-28 17:45:00
TEAM075,QA Guardians,PRJ507,2023-11-28,Manual,EMP322,"EMP292,EMP1397,EMP427,EMP692,EMP477,EMP084,EMP507",8,"{""Recruiter"": 3, ""HR"": 4, ""L&D"": 1}","{""Senior"": 5, ""Junior"": 1, ""Mid"": 1, ""Lead"": 1}",39.4,82.3,70.6,51.5,72.2,,71.9,False,,,9.0,,,32.2,100.0,6.0,Active,,,2023-11-28 09:00:00,2024-03-15 13:30:00
TEAM076,Agile Avengers 4,PRJ349,2023-04-10,Hybrid,EMP084,"EMP477,EMP833,EMP335,EMP1094,EMP1229,EMP292",7,"{""HR"": 6, ""L&D"": 1}","{""Lead"": 1, ""Senior"": 2, ""Mid"": 3, ""Junior"": 1}",48.6,82.5,71.0,37.3,72.9,90.8,84.3,True,193.0,True,8.0,0.6,7.0,93.3,100.0,7.0,Completed,2023-10-20,Project Complete,2023-04-10 09:00:00,2024-05-30 15:15:00
TEAM077,Delta Force 6,PRJ708,2023-06-18,Manual,EMP1107,"EMP006,EMP1482,EMP1098,EMP694,EMP418,EMP255,EMP460,EMP643,EMP1149",10,"{""Sales"": 7, ""Account"": 2, ""Business"": 1}","{""Senior"": 3, ""Junior"": 2, ""Mid"": 3, ""Principal"": 1, ""Lead"": 1}",35.8,54.4,53.2,39.3,65.0,,75.5,False,,,7.0,,,50.2,100.0,4.0,Active,,,2023-06-18 09:00:00,2024-04-14 11:45:00
TEAM081,Gamma Team 2,PRJ757,2024-01-23,Hybrid,EMP851,"EMP1214,EMP503,EMP1347,EMP740,EMP285,EMP475",7,"{""SEO"": 2, ""Content"": 2, ""Marketing"": 3}","{""Lead"": 2, ""Senior"": 2, ""Junior"": 2, ""Mid"": 1}",49.4,73.5,65.3,80.5,77.7,88.4,76.0,True,183.0,True,8.0,0.6,7.0,97.3,100.0,7.0,Completed,2024-07-24,Project Complete,2024-01-23 09:00:00,2025-03-24 11:30:00
TEAM083,Apex Unit 4,PRJ715,2023-09-06,AI-Recommended,EMP410,"EMP1245,EMP304,EMP1239,EMP909,EMP1166,EMP1047,EMP876,EMP1361,EMP720",10,"{""Design"": 2, ""Graphic"": 3, ""Product"": 3, ""UI/UX"": 2}","{""Senior"": 4, ""Mid"": 3, ""Lead"": 2, ""Junior"": 1}",34.9,91.1,71.6,61.0,78.9,,87.2,False,,,8.0,,,49.3,100.0,9.0,Active,,,2023-09-06 09:00:00,2024-12-29 15:45:00
TEAM090,Delta Force 7,PRJ436,2023-03-28,AI-Recommended,EMP1491,"EMP1434,EMP625,EMP084,EMP820,EMP1281",6,"{""Controller"": 1, ""Finance"": 1, ""Accountant"": 2, ""HR"": 1, ""Financial"": 1}","{""Lead"": 3, ""Junior"": 2, ""Mid"": 1}",76.4,70.8,78.8,42.0,82.0,90.2,73.3,False,,,8.0,,,44.2,100.0,6.0,Active,,,2023-03-28 09:00:00,2023-05-28 10:30:00
TEAM096,Data Squad 4,PRJ338,2024-04-01,Manual,EMP161,"EMP1314,EMP871,EMP795,EMP899,EMP542,EMP1193,EMP778,EMP157,EMP744",10,"{""Operations"": 6, ""Scrum"": 2, ""Project"": 2}","{""Lead"": 3, ""Principal"": 1, ""Junior"": 1, ""Senior"": 1, ""Mid"": 4}",34.8,77.4,64.9,69.1,78.3,100.0,65.4,False,,,7.0,,,45.5,100.0,7.0,Active,,,2024-04-01 09:00:00,2025-01-07 08:45:00
TEAM101,Innovation Lab 6,PRJ231,2023-04-18,AI-Recommended,EMP1184,"EMP344,EMP442,EMP075",4,"{""Financial"": 2, ""L&D"": 1, ""Operations"": 1}","{""Principal"": 1, ""Senior"": 2, ""Mid"": 1}",100.0,78.5,73.4,76.9,76.7,,79.2,False,,,8.0,,,30.1,100.0,7.0,Active,,,2023-04-18 09:00:00,2023-09-22 15:30:00
TEAM102,Titan Squad 6,PRJ522,2023-02-13,Hybrid,EMP319,"EMP001,EMP1423,EMP162,EMP146,EMP1012,EMP1284",7,"{""Software"": 4, ""Team"": 2, ""Developer"": 1}","{""Senior"": 3, ""Mid"": 1, ""Principal"": 2, ""Junior"": 1}",78.6,69.8,67.5,60.7,77.8,,65.9,False,,,6.0,,,30.6,100.0,6.0,Active,,,2023-02-13 09:00:00,2024-05-25 16:15:00
TEAM104,QA Guardians 2,PRJ003,2024-07-22,Hybrid,EMP1227,"EMP1340,EMP1193,EMP817,EMP1223,EMP416,EMP578",7,"{""Scrum"": 1, ""Project"": 3, ""Operations"": 3}","{""Senior"": 1, ""Mid"": 6}",45.9,63.5,72.3,80.2,67.3,,73.9,False,,,8.0,,,54.7,100.0,7.0,Active,,,2024-07-22 09:00:00,2025-02-28 10:45:00
TEAM105,Data Squad 5,PRJ552,2023-07-05,Hybrid,EMP1095,"EMP1128,EMP742,EMP463,EMP451,EMP061,EMP006,EMP1107",8,"{""Sales"": 7, ""Business"": 1}","{""Senior"": 3, ""Lead"": 1, ""Junior"": 2, ""Mid"": 2}",41.2,89.2,52.5,44.5,69.4,86.1,65.2,False,,,8.0,,,69.5,100.0,6.0,Active,,,2023-07-05 09:00:00,2024-10-13 13:15:00
TEAM108,AI Task Force 3,PRJ451,2023-08-18,AI-Recommended,EMP683,"EMP1404,EMP1414,EMP436,EMP267,EMP773,EMP684,EMP1367,EMP1406,EMP611",10,"{""Product"": 3, ""Graphic"": 2, ""UI/UX"": 1, ""Design"": 4}","{""Lead"": 1, ""Mid"": 5, ""Junior"": 4}",33.2,14.5,52.3,41.2,58.3,,66.5,False,,,8.0,,,44.0,100.0,,On Hold,,,2023-08-18 09:00:00,2024-01-23 09:45:00
TEAM109,Delta Force 8,PRJ272,2023-04-22,AI-Recommended,EMP1464,"EMP604,EMP292,EMP325,EMP452,EMP243,EMP544,EMP1326,EMP862",9,"{""Financial"": 2, ""Account"": 1, ""HR"": 1, ""Controller"": 3, ""Recruiter"": 1, ""Marketing"": 1}","{""Principal"": 1, ""Mid"": 4, ""Junior"": 1, ""Senior"": 3}",94.6,92.5,68.5,58.4,85.1,,75.8,False,,,,,,4.5,100.0,,Active,,,2023-04-22 09:00:00,2024-03-23 18:45:00
TEAM114,Core Team 6,PRJ238,2023-07-05,AI-Recommended,EMP829,"EMP999,EMP610,EMP084,EMP110,EMP695,EMP1368",7,"{""L&D"": 4, ""Recruiter"": 2, ""HR"": 1}","{""Principal"": 1, ""Senior"": 3, ""Mid"": 1, ""Lead"": 2}",41.5,93.7,82.0,64.1,75.4,54.5,71.9,False,,,9.0,,,30.5,100.0,8.0,Active,,,2023-07-05 09:00:00,2023-07-14 15:30:00
TEAM115,DevOps Warriors 3,PRJ694,2023-01-14,Manual,EMP084,"EMP1178,EMP1485,EMP195,EMP1236",5,"{""HR"": 2, ""L&D"": 2, ""Recruiter"": 1}","{""Lead"": 2, ""Junior"": 1, ""Senior"": 2}",56.8,91.1,64.4,56.6,74.3,63.3,82.9,False,,,8.0,,,31.9,100.0,9.0,Active,,,2023-01-14 09:00:00,2024-01-02 17:30:00
TEAM117,Apex Unit 6,PRJ495,2024-06-16,Hybrid,EMP084,"EMP692,EMP979,EMP1219,EMP195,EMP1287",6,"{""HR"": 4, ""Recruiter"": 1, ""L&D"": 1}","{""Lead"": 1, ""Senior"": 5}",44.8,58.3,75.4,81.9,76.2,,73.0,False,,,8.0,,,62.7,100.0,6.0,Active,,,2024-06-16 09:00:00,2024-11-14 08:45:00
TEAM119,Innovation Lab 7,PRJ636,2024-07-12,AI-Recommended,EMP1107,"EMP134,EMP1394,EMP808,EMP521",5,"{""Sales"": 5}","{""Senior"": 3, ""Junior"": 1, ""Mid"": 1}",49.4,99.8,63.1,44.7,81.9,,83.1,False,,,7.0,,,69.4,100.0,10.0,Active,,,2024-07-12 09:00:00,2024-08-01 12:45:00
TEAM123,Growth Squad 4,PRJ571,2024-07-29,AI-Recommended,EMP382,"EMP249,EMP769,EMP460",4,"{""Account"": 2, ""Sales"": 2}","{""Senior"": 1, ""Junior"": 1, ""Mid"": 2}",70.6,99.8,62.1,77.4,80.9,94.6,73.7,False,,,8.0,,,36.4,100.0,7.0,Active,,,2024-07-29 09:00:00,2024-08-29 15:30:00
TEAM124,Gamma Team 3,PRJ689,2024-08-31,Manual,EMP532,"EMP1468,EMP708,EMP402,EMP131,EMP1064,EMP936",7,"{""Content"": 1, ""SEO"": 2, ""Marketing"": 4}","{""Lead"": 1, ""Mid"": 3, ""Junior"": 3}",46.9,41.7,74.1,46.8,62.0,,58.5,False,,,8.0,,,69.1,100.0,6.0,Active,,,2024-08-31 09:00:00,2025-02-19 11:45:00
TEAM129,DevOps Warriors 4,PRJ034,2023-08-25,AI-Recommended,EMP696,"EMP536,EMP161,EMP136,EMP795,EMP1041,EMP588,EMP542",8,"{""Operations"": 4, ""Scrum"": 3, ""Project"": 1}","{""Senior"": 4, ""Mid"": 1, ""Lead"": 3}",38.5,58.7,68.4,55.8,76.2,,71.8,False,,,,,,3.2,100.0,,Active,,,2023-08-25 09:00:00,2024-11-22 11:30:00
TEAM132,Sprint Masters 5,PRJ071,2023-09-08,Hybrid,EMP646,"EMP1260,EMP049,EMP936,EMP1276,EMP080",6,"{""Marketing"": 5, ""SEO"": 1}","{""Lead"": 1, ""Mid"": 2, ""Junior"": 2, ""Senior"": 1}",61.3,42.9,56.6,65.8,63.7,,66.5,False,,,7.0,,,43.3,100.0,7.0,Active,,,2023-09-08 09:00:00,2024-02-06 17:00:00
TEAM133,Cloud Ninjas 4,PRJ284,2023-07-02,AI-Recommended,EMP1145,"EMP669,EMP1207,EMP833,EMP185",5,"{""L&D"": 3, ""HR"": 2}","{""Senior"": 1, ""Mid"": 4}",54.1,80.8,71.8,53.2,77.1,,62.9,False,,,7.0,,,58.4,100.0,6.0,Active,,,2023-07-02 09:00:00,2023-12-27 09:00:00
TEAM134,Backend Crew 6,PRJ135,2024-02-08,AI-Recommended,EMP1354,"EMP162,EMP1115,EMP528,EMP807,EMP1450,EMP572,EMP1012",8,"{""Principal"": 1, ""Team"": 2, ""Software"": 3, ""Developer"": 2}","{""Lead"": 2, ""Senior"": 2, ""Mid"": 1, ""Junior"": 2, ""Principal"": 1}",74.9,97.4,75.9,58.5,81.5,50.7,76.7,False,,,7.0,,,30.9,100.0,,On Hold,,,2024-02-08 09:00:00,2024-02-16 10:30:00
TEAM156,Mobile Team 2,PRJ415,2023-04-30,Manual,EMP1491,"EMP781,EMP1184,EMP224,EMP326,EMP278,EMP365,EMP840",8,"{""Controller"": 5, ""Financial"": 1, ""Finance"": 2}","{""Lead"": 1, ""Senior"": 2, ""Principal"": 1, ""Junior"": 1, ""Mid"": 3}",38.1,55.5,74.5,46.4,66.8,83.1,74.9,False,,,8.0,,,57.9,100.0,7.0,Active,,,2023-04-30 09:00:00,2024-05-04 09:45:00
TEAM170,Frontend Force 3,PRJ662,2023-09-01,Manual,EMP1041,"EMP433,EMP1317,EMP142,EMP1223,EMP761,EMP1144,EMP817,EMP904",9,"{""Operations"": 6, ""Scrum"": 2, ""Project"": 1}","{""Lead"": 1, ""Mid"": 6, ""Junior"": 1, ""Principal"": 1}",48.1,86.1,68.3,75.8,82.9,,70.0,False,,,7.0,,,55.9,100.0,6.0,Active,,,2023-09-01 09:00:00,2023-09-19 13:30:00
TEAM179,Security Squad 4,PRJ084,2023-12-14,AI-Recommended,EMP1270,"EMP162,EMP1008,EMP1059,EMP1412,EMP693",6,"{""Software"": 1, ""Team"": 3, ""Senior"": 2}","{""Senior"": 2, ""Mid"": 2, ""Lead"": 1, ""Junior"": 1}",92.7,98.2,78.9,55.4,80.9,,79.4,False,,,7.0,,,53.5,100.0,9.0,Active,,,2023-12-14 09:00:00,2024-12-13 18:30:00
TEAM188,Security Squad 5,PRJ791,2024-01-16,AI-Recommended,EMP226,"EMP719,EMP1282,EMP641,EMP1242,EMP899,EMP269,EMP861",8,"{""Project"": 3, ""Operations"": 4, ""Scrum"": 1}","{""Senior"": 3, ""Junior"": 2, ""Lead"": 1, ""Mid"": 2}",33.2,67.7,68.1,72.4,70.7,71.2,70.9,True,267.0,False,8.0,0.2,6.0,105.8,100.0,6.0,Completed,2024-10-09,Project Complete,2024-01-16 09:00:00,2025-02-17 18:45:00
TEAM218,Frontend Force 5,PRJ076,2023-12-03,Manual,EMP1411,"EMP872,EMP162,EMP1321,EMP303,EMP420,EMP1012,EMP111,EMP612,EMP579",10,"{""Principal"": 3, ""Developer"": 2, ""Team"": 1, ""Software"": 4}","{""Lead"": 3, ""Junior"": 2, ""Senior"": 2, ""Principal"": 2, ""Mid"": 1}",51.6,71.2,76.2,61.0,70.8,71.9,67.7,True,188.0,False,8.0,0.4,7.0,101.4,100.0,7.0,Completed,2024-06-08,Project Complete,2023-12-03 09:00:00,2025-01-12 13:30:00
TEAM223,Agile Avengers 8,PRJ612,2024-05-17,AI-Recommended,EMP084,"EMP073,EMP335,EMP635,EMP661,EMP979,EMP910",7,"{""HR"": 6, ""Recruiter"": 1}","{""Lead"": 1, ""Mid"": 3, ""Senior"": 3}",42.1,99.4,74.1,54.1,73.8,78.3,76.2,False,,,8.0,,,35.0,100.0,8.0,Active,,,2024-05-17 09:00:00,2024-06-12 17:45:00
TEAM235,Phoenix Team 7,PRJ180,2023-09-16,AI-Recommended,EMP1184,"EMP432,EMP1352,EMP544,EMP069",5,"{""Financial"": 2, ""Controller"": 2, ""Accountant"": 1}","{""Principal"": 1, ""Senior"": 1, ""Mid"": 3}",62.8,65.0,79.0,37.9,72.1,,77.5,False,,,8.0,,,65.5,100.0,6.0,Active,,,2023-09-16 09:00:00,2024-07-08 08:00:00
TEAM242,Frontend Force 6,PRJ164,2023-04-09,AI-Recommended,EMP700,"EMP551,EMP414,EMP1263,EMP646,EMP986,EMP287",7,"{""Content"": 3, ""Marketing"": 4}","{""Principal"": 1, ""Lead"": 4, ""Mid"": 2}",42.5,93.6,81.4,63.3,69.9,,73.7,False,,,,,,7.5,100.0,,Active,,,2023-04-09 09:00:00,2024-12-28 11:15:00
TEAM244,Cloud Ninjas 8,PRJ719,2024-05-02,AI-Recommended,EMP1257,"EMP1143,EMP278,EMP067,EMP564,EMP1131,EMP671,EMP840,EMP185,EMP1285",10,"{""Financial"": 2, ""Controller"": 1, ""Finance"": 4, ""Accountant"": 1, ""HR"": 1, ""SEO"": 1}","{""Lead"": 1, ""Junior"": 2, ""Mid"": 4, ""Senior"": 3}",59.8,81.8,84.5,59.8,68.8,71.7,76.9,True,122.0,False,7.0,1.1,7.0,94.2,100.0,9.0,Completed,2024-09-01,Project Complete,2024-05-02 09:00:00,2024-06-12 16:45:00
TEAM247,Design Dream Team 12,PRJ094,2024-01-29,AI-Recommended,EMP1485,"EMP635,EMP1044,EMP1329,EMP427,EMP514,EMP1396,EMP950,EMP291,EMP1000",10,"{""L&D"": 2, ""HR"": 6, ""Recruiter"": 2}","{""Lead"": 2, ""Senior"": 7, ""Mid"": 1}",21.3,65.6,75.9,60.4,74.8,68.2,76.8,True,121.0,False,8.0,3.2,8.0,102.6,100.0,8.0,Completed,2024-05-29,Project Complete,2024-01-29 09:00:00,2024-09-18 17:00:00
TEAM263,Agile Avengers 11,PRJ461,2024-02-12,Hybrid,EMP698,"EMP823,EMP1492,EMP051,EMP464,EMP772,EMP1406,EMP953",8,"{""Graphic"": 2, ""UI/UX"": 2, ""Product"": 3, ""Design"": 1}","{""Senior"": 1, ""Junior"": 5, ""Mid"": 2}",43.2,24.0,79.2,75.0,71.9,76.3,73.5,False,,,8.0,,,54.9,100.0,8.0,Active,,,2024-02-12 09:00:00,2024-05-19 08:30:00
TEAM268,Titan Squad 10,PRJ740,2024-02-09,Hybrid,EMP686,"EMP815,EMP602,EMP586,EMP1312,EMP1234,EMP179,EMP849",8,"{""Controller"": 3, ""Finance"": 3, ""Accountant"": 1, ""Financial"": 1}","{""Lead"": 3, ""Senior"": 3, ""Mid"": 1, ""Junior"": 1}",50.6,100.0,84.4,73.2,81.8,68.8,61.5,True,77.0,False,7.0,4.3,6.0,95.6,100.0,6.0,Completed,2024-04-26,Project Complete,2024-02-09 09:00:00,2025-02-22 10:00:00
TEAM270,QA Guardians 7,PRJ584,2023-10-08,Manual,EMP908,"EMP306,EMP391,EMP676,EMP1388,EMP311",6,"{""Principal"": 2, ""Team"": 3, ""Senior"": 1}","{""Lead"": 1, ""Junior"": 2, ""Mid"": 3}",74.2,57.8,56.7,84.8,79.4,74.8,67.3,True,185.0,False,7.0,0.7,8.0,88.7,100.0,7.0,Completed,2024-04-10,Project Complete,2023-10-08 09:00:00,2025-02-21 15:15:00
TEAM275,Mobile Team 6,PRJ013,2023-01-18,Manual,EMP1354,"EMP391,EMP1122,EMP786,EMP1160,EMP848,EMP146",7,"{""Principal"": 2, ""Team"": 3, ""Senior"": 1, ""Software"": 1}","{""Lead"": 3, ""Mid"": 2, ""Junior"": 1, ""Principal"": 1}",73.8,66.9,50.1,77.8,80.8,84.4,72.3,True,180.0,True,8.0,0.3,6.0,91.3,100.0,8.0,Completed,2023-07-17,Project Complete,2023-01-18 09:00:00,2023-07-20 09:00:00
TEAM280,Beta Crew 15,PRJ709,2023-06-06,Manual,EMP382,"EMP1183,EMP1390,EMP249,EMP769,EMP808,EMP685,EMP378,EMP1017,EMP177",10,"{""Account"": 5, ""Sales"": 3, ""Business"": 2}","{""Senior"": 2, ""Junior"": 3, ""Mid"": 3, ""Lead"": 1, ""Principal"": 1}",19.8,42.2,100.0,63.2,72.4,,63.9,False,,,8.0,,,45.0,100.0,,On Hold,,,2023-06-06 09:00:00,2023-08-21 18:30:00
TEAM288,Growth Squad 10,PRJ106,2024-08-27,Manual,EMP1443,"EMP841,EMP345,EMP1342",4,"{""Sales"": 2, ""Account"": 2}","{""Principal"": 1, ""Senior"": 2, ""Junior"": 1}",78.3,70.1,60.3,38.7,78.6,89.9,68.7,False,,,8.0,,,55.2,100.0,7.0,Active,,,2024-08-27 09:00:00,2024-09-19 17:30:00
TEAM293,Strategy Unit 8,PRJ338,2024-04-02,Hybrid,EMP1168,"EMP985,EMP696,EMP857,EMP1174,EMP1340,EMP622,EMP395",8,"{""Operations"": 6, ""Scrum"": 1, ""Project"": 1}","{""Lead"": 1, ""Mid"": 3, ""Senior"": 2, ""Principal"": 1, ""Junior"": 1}",41.1,55.0,83.6,55.0,66.3,83.1,77.4,False,,,7.0,,,45.5,100.0,9.0,Active,,,2024-04-02 09:00:00,2024-06-10 12:30:00
TEAM302,Growth Squad 11,PRJ101,2023-03-26,Manual,EMP1299,"EMP456,EMP1346,EMP527,EMP741,EMP1245",6,"{""Product"": 1, ""Design"": 1, ""UI/UX"": 2, ""Graphic"": 2}","{""Principal"": 1, ""Mid"": 1, ""Senior"": 2, ""Junior"": 1, ""Lead"": 1}",56.5,76.4,71.8,64.8,74.0,,65.5,False,,,,,,4.0,100.0,,Active,,,2023-03-26 09:00:00,2024-11-09 17:15:00
TEAM304,Omega Unit 8,PRJ495,2024-06-16,Hybrid,EMP084,"EMP729,EMP1466,EMP1479,EMP452,EMP669,EMP118",7,"{""HR"": 2, ""Recruiter"": 3, ""L&D"": 2}","{""Lead"": 2, ""Junior"": 2, ""Senior"": 1, ""Mid"": 1, ""Principal"": 1}",41.5,59.7,78.1,61.1,64.2,,70.4,False,,,8.0,,,62.7,100.0,5.0,Active,,,2024-06-16 09:00:00,2024-12-11 12:30:00
TEAM306,Gamma Team 11,PRJ308,2024-07-13,Manual,EMP829,"EMP1376,EMP1368,EMP084",4,"{""L&D"": 2, ""Recruiter"": 1, ""HR"": 1}","{""Principal"": 1, ""Senior"": 2, ""Lead"": 1}",72.4,60.5,62.8,77.6,81.3,80.1,79.2,False,,,8.0,,,40.6,100.0,9.0,Active,,,2024-07-13 09:00:00,2024-10-05 11:15:00
TEAM311,AI Task Force 9,PRJ612,2024-05-16,Manual,EMP1376,"EMP1028,EMP1495,EMP1000,EMP910,EMP514,EMP427,EMP1439,EMP731",9,"{""Recruiter"": 5, ""HR"": 3, ""L&D"": 1}","{""Senior"": 5, ""Junior"": 1, ""Mid"": 3}",32.4,93.9,77.7,64.2,75.2,93.4,66.2,False,,,8.0,,,35.0,100.0,5.0,Active,,,2024-05-16 09:00:00,2025-01-05 17:15:00
TEAM313,Data Squad 17,PRJ245,2023-12-22,AI-Recommended,EMP1401,"EMP611,EMP573,EMP1047",4,"{""Design"": 1, ""Graphic"": 2, ""UI/UX"": 1}","{""Principal"": 1, ""Mid"": 3}",96.6,36.9,68.8,69.1,74.2,74.1,91.5,True,292.0,False,8.0,0.1,6.0,92.8,100.0,10.0,Completed,2024-10-09,Project Complete,2023-12-22 09:00:00,2024-07-25 10:45:00
TEAM316,Research Collective 7,PRJ426,2023-06-28,AI-Recommended,EMP195,"EMP543,EMP128,EMP1218,EMP274,EMP623,EMP984,EMP747,EMP253,EMP185",10,"{""HR"": 10}","{""Senior"": 2, ""Mid"": 3, ""Junior"": 3, ""Lead"": 2}",26.3,50.2,83.7,58.0,66.8,,73.9,False,,,8.0,,,31.2,100.0,8.0,Active,,,2023-06-28 09:00:00,2023-07-29 11:30:00
TEAM317,Apex Unit 13,PRJ034,2023-08-18,Hybrid,EMP1041,"EMP761,EMP1227,EMP175,EMP1317,EMP1223",6,"{""Operations"": 2, ""Scrum"": 3, ""Project"": 1}","{""Lead"": 1, ""Mid"": 4, ""Senior"": 1}",65.3,89.9,60.1,64.8,70.6,,66.2,False,,,,,,3.2,100.0,,Active,,,2023-08-18 09:00:00,2024-02-06 15:45:00
TEAM324,QA Guardians 10,PRJ256,2023-07-06,AI-Recommended,EMP084,"EMP253,EMP1479,EMP746,EMP1301,EMP546,EMP1303,EMP1439",8,"{""HR"": 3, ""Recruiter"": 4, ""L&D"": 1}","{""Lead"": 3, ""Senior"": 5}",34.9,69.2,66.0,73.1,70.9,43.5,61.3,False,,,8.0,,,52.5,100.0,8.0,Active,,,2023-07-06 09:00:00,2023-11-28 17:30:00
TEAM325,Cloud Ninjas 13,PRJ643,2024-07-28,Manual,EMP084,"EMP1212,EMP653,EMP750,EMP991,EMP1372,EMP1033,EMP1261,EMP1485",9,"{""HR"": 5, ""L&D"": 3, ""Recruiter"": 1}","{""Lead"": 4, ""Senior"": 2, ""Mid"": 2, ""Junior"": 1}",31.6,93.7,79.7,58.4,71.3,68.7,66.9,False,,,8.0,,,32.0,100.0,7.0,Active,,,2024-07-28 09:00:00,2025-03-10 09:45:00
TEAM330,Vortex Team 10,PRJ163,2023-03-31,AI-Recommended,EMP1357,"EMP824,EMP732,EMP740,EMP1490,EMP723,EMP153",7,"{""Marketing"": 4, ""SEO"": 1, ""Content"": 2}","{""Senior"": 3, ""Lead"": 1, ""Mid"": 1, ""Principal"": 1, ""Junior"": 1}",47.3,76.3,72.2,60.3,74.9,73.6,76.1,False,,,8.0,,,12.8,100.0,,Disbanded,,Reorganization,2023-03-31 09:00:00,2023-06-23 13:15:00
TEAM333,Delta Force 17,PRJ711,2023-09-11,AI-Recommended,EMP1397,"EMP148,EMP1094,EMP1212,EMP185,EMP1177,EMP1205,EMP523,EMP1075,EMP024",10,"{""HR"": 9, ""L&D"": 1}","{""Senior"": 3, ""Mid"": 5, ""Lead"": 1, ""Junior"": 1}",39.6,86.2,84.3,66.1,78.3,,76.1,False,,,6.0,,,31.5,100.0,,On Hold,,,2023-09-11 09:00:00,2023-12-24 09:30:00
TEAM339,Frontend Force 8,PRJ246,2024-06-20,Manual,EMP1265,"EMP1193,EMP1171,EMP1293,EMP190,EMP461,EMP1307,EMP312,EMP034",9,"{""Operations"": 5, ""Project"": 3, ""Scrum"": 1}","{""Lead"": 2, ""Mid"": 5, ""Principal"": 1, ""Senior"": 1}",36.1,83.3,68.0,69.2,81.6,73.5,62.7,True,86.0,False,8.0,1.7,9.0,91.6,100.0,6.0,Completed,2024-09-14,Project Complete,2024-06-20 09:00:00,2024-11-29 10:45:00
TEAM344,Design Dream Team 17,PRJ401,2024-04-03,Manual,EMP022,"EMP1184,EMP883,EMP437",4,"{""Accountant"": 2, ""Financial"": 1, ""Controller"": 1}","{""Lead"": 1, ""Principal"": 1, ""Junior"": 1, ""Senior"": 1}",74.8,82.1,97.3,14.0,76.0,,70.9,False,,,,,,4.5,100.0,,Active,,,2024-04-03 09:00:00,2024-08-03 08:15:00
TEAM350,AI Task Force 12,PRJ759,2023-10-09,Manual,EMP1184,"EMP874,EMP398",3,"{""Financial"": 2, ""Accountant"": 1}","{""Principal"": 1, ""Senior"": 1, ""Mid"": 1}",100.0,89.5,58.4,70.0,80.0,97.2,60.6,False,,,8.0,,,43.7,100.0,,On Hold,,,2023-10-09 09:00:00,2023-10-21 11:00:00
TEAM355,Omega Unit 10,PRJ476,2023-02-04,Hybrid,EMP665,"EMP345,EMP841,EMP1222,EMP1380,EMP891,EMP004,EMP378,EMP385,EMP127",10,"{""Business"": 3, ""Account"": 3, ""Sales"": 4}","{""Lead"": 2, ""Junior"": 3, ""Senior"": 3, ""Mid"": 2}",31.1,54.5,70.2,36.1,64.2,91.1,68.6,True,176.0,True,8.0,1.1,8.0,114.9,100.0,6.0,Completed,2023-07-30,Project Complete,2023-02-04 09:00:00,2023-02-10 14:00:00
TEAM358,Platform Team 20,PRJ470,2024-08-12,Manual,EMP1041,"EMP1171,EMP433,EMP1104",4,"{""Operations"": 4}","{""Lead"": 1, ""Principal"": 1, ""Mid"": 1, ""Junior"": 1}",79.4,52.2,50.1,44.8,75.0,72.8,61.0,False,,,7.0,,,53.2,100.0,3.0,Active,,,2024-08-12 09:00:00,2024-09-15 18:45:00
TEAM361,Omega Unit 12,PRJ279,2023-12-22,Hybrid,EMP1245,"EMP464,EMP1208,EMP376",4,"{""Graphic"": 2, ""Product"": 2}","{""Senior"": 1, ""Junior"": 1, ""Mid"": 2}",98.9,85.0,75.0,68.5,79.6,,73.5,False,,,7.0,,,40.5,100.0,,On Hold,,,2023-12-22 09:00:00,2025-01-24 17:00:00
TEAM373,Frontend Force 9,PRJ612,2024-05-13,Manual,EMP084,"EMP236,EMP477",3,"{""HR"": 3}","{""Lead"": 1, ""Senior"": 2}",96.1,37.1,87.8,49.0,76.3,65.4,80.6,False,,,8.0,,,35.0,100.0,7.0,Active,,,2024-05-13 09:00:00,2025-03-08 11:15:00
TEAM376,Cloud Ninjas 16,PRJ721,2023-04-15,AI-Recommended,EMP557,"EMP1148,EMP280,EMP1418,EMP511,EMP460,EMP973,EMP1184",8,"{""Finance"": 1, ""Business"": 1, ""Marketing"": 1, ""L&D"": 1, ""Project"": 1, ""Sales"": 1, ""Accountant"": 1, ""Financial"": 1}","{""Senior"": 3, ""Lead"": 1, ""Mid"": 3, ""Principal"": 1}",100.0,79.2,81.0,57.3,80.4,66.4,66.4,True,109.0,False,7.0,1.1,4.0,89.6,100.0,7.0,Completed,2023-08-02,Project Complete,2023-04-15 09:00:00,2024-08-31 16:30:00
TEAM387,Research Collective 9,PRJ424,2023-06-16,Manual,EMP135,"EMP719,EMP916,EMP130,EMP226,EMP388,EMP1041,EMP190,EMP1290",9,"{""Scrum"": 1, ""Operations"": 6, ""Project"": 2}","{""Lead"": 2, ""Senior"": 4, ""Mid"": 1, ""Junior"": 2}",28.5,81.8,83.1,70.2,71.8,71.3,69.9,True,76.0,False,8.0,1.3,7.0,89.8,100.0,7.0,Completed,2023-08-31,Project Complete,2023-06-16 09:00:00,2024-02-01 10:45:00
TEAM404,QA Guardians 13,PRJ406,2023-04-01,Manual,EMP843,"EMP487,EMP1298,EMP1436,EMP331,EMP1315,EMP377,EMP1469",8,"{""SEO"": 2, ""Marketing"": 5, ""Content"": 1}","{""Lead"": 1, ""Mid"": 5, ""Junior"": 2}",39.8,50.9,74.6,75.0,71.1,76.3,73.4,False,,,8.0,,,63.2,100.0,8.0,Active,,,2023-04-01 09:00:00,2024-01-01 13:00:00
TEAM406,Mobile Team 9,PRJ793,2024-04-18,Hybrid,EMP653,"EMP187,EMP1046,EMP450,EMP1236,EMP1006,EMP1396,EMP048",8,"{""HR"": 4, ""L&D"": 1, ""Recruiter"": 3}","{""Senior"": 5, ""Mid"": 3}",30.9,93.5,92.6,38.3,72.8,95.1,71.4,True,74.0,True,8.0,2.5,8.0,113.6,100.0,6.0,Completed,2024-07-01,Project Complete,2024-04-18 09:00:00,2024-11-12 15:30:00
TEAM410,Growth Squad 12,PRJ248,2023-03-26,AI-Recommended,EMP258,"EMP611,EMP1231,EMP1047,EMP232,EMP928,EMP266,EMP376,EMP315,EMP889",10,"{""Product"": 3, ""Graphic"": 3, ""UI/UX"": 2, ""Design"": 2}","{""Lead"": 3, ""Mid"": 4, ""Senior"": 2, ""Junior"": 1}",37.0,94.1,73.0,36.6,65.9,71.4,76.1,True,86.0,False,7.0,3.6,8.0,90.0,100.0,7.0,Completed,2023-06-20,Project Complete,2023-03-26 09:00:00,2024-03-18 13:15:00
TEAM413,Apex Unit 15,PRJ486,2023-12-20,AI-Recommended,EMP1184,"EMP017,EMP581,EMP831,EMP019",5,"{""Financial"": 3, ""Accountant"": 1, ""Controller"": 1}","{""Principal"": 1, ""Junior"": 1, ""Mid"": 2, ""Senior"": 1}",47.6,48.5,80.6,65.7,71.0,77.7,67.8,True,129.0,False,8.0,0.5,7.0,113.7,100.0,6.0,Completed,2024-04-27,Project Complete,2023-12-20 09:00:00,2024-12-18 18:30:00
TEAM415,Gamma Team 17,PRJ310,2024-08-01,Manual,EMP1037,"EMP618,EMP1472,EMP463,EMP006,EMP879,EMP228,EMP061,EMP1010",9,"{""Sales"": 4, ""Business"": 3, ""Account"": 2}","{""Senior"": 2, ""Mid"": 4, ""Junior"": 3}",41.9,86.1,89.7,34.7,80.7,56.7,71.3,False,,,7.0,,,67.7,100.0,8.0,Active,,,2024-08-01 09:00:00,2024-08-02 16:30:00
TEAM422,Titan Squad 13,PRJ697,2023-07-15,Manual,EMP204,"EMP126,EMP183,EMP788,EMP1479,EMP561,EMP1432,EMP084",8,"{""L&D"": 2, ""HR"": 2, ""Recruiter"": 4}","{""Principal"": 1, ""Senior"": 3, ""Lead"": 2, ""Mid"": 2}",35.2,99.0,66.0,72.5,72.5,60.3,72.5,False,,,6.0,,,61.3,100.0,6.0,Active,,,2023-07-15 09:00:00,2024-05-24 14:30:00
TEAM425,Backend Crew 11,PRJ206,2023-10-30,AI-Recommended,EMP595,"EMP948,EMP1374,EMP1233,EMP740,EMP279,EMP1061,EMP1263,EMP1462",9,"{""SEO"": 4, ""Content"": 1, ""Marketing"": 4}","{""Lead"": 1, ""Junior"": 2, ""Senior"": 3, ""Mid"": 3}",31.9,97.1,95.1,44.1,82.0,94.6,69.6,True,114.0,True,8.0,1.5,8.0,111.9,100.0,4.0,Completed,2024-02-21,Project Complete,2023-10-30 09:00:00,2024-04-28 13:00:00
TEAM433,Gamma Team 18,PRJ127,2024-02-05,Hybrid,EMP686,"EMP1163,EMP1184",3,"{""Controller"": 2, ""Financial"": 1}","{""Lead"": 1, ""Mid"": 1, ""Principal"": 1}",97.2,80.9,89.7,71.5,95.4,81.1,76.8,True,156.0,True,8.0,0.3,4.0,89.8,100.0,6.0,Completed,2024-07-10,Project Complete,2024-02-05 09:00:00,2025-01-04 08:00:00
TEAM437,Phoenix Team 12,PRJ536,2023-01-08,Hybrid,EMP1389,"EMP162,EMP1059,EMP931,EMP361,EMP319,EMP343,EMP112",8,"{""Developer"": 1, ""Team"": 1, ""Senior"": 3, ""Principal"": 1, ""Software"": 2}","{""Principal"": 1, ""Senior"": 2, ""Lead"": 2, ""Mid"": 3}",79.7,87.9,76.2,54.6,76.3,72.2,75.0,False,,,8.0,,,42.2,100.0,6.0,Active,,,2023-01-08 09:00:00,2023-02-17 16:45:00
TEAM449,Beta Crew 20,PRJ680,2023-03-02,AI-Recommended,EMP419,"EMP204,EMP1261,EMP110,EMP185,EMP829,EMP959,EMP371,EMP1130",9,"{""HR"": 5, ""L&D"": 4}","{""Principal"": 3, ""Senior"": 2, ""Lead"": 3, ""Mid"": 1}",33.0,81.5,62.7,69.0,74.9,56.6,83.6,False,,,8.0,,,25.2,100.0,,On Hold,,,2023-03-02 09:00:00,2023-03-13 18:15:00
TEAM453,Beta Crew 21,PRJ511,2024-05-18,AI-Recommended,EMP895,"EMP1145,EMP1129,EMP084,EMP1178,EMP692,EMP507,EMP1000",8,"{""HR"": 4, ""L&D"": 2, ""Recruiter"": 2}","{""Lead"": 2, ""Senior"": 5, ""Junior"": 1}",38.5,68.8,67.3,41.1,67.5,90.3,71.1,True,68.0,True,8.0,2.0,9.0,94.4,100.0,7.0,Completed,2024-07-25,Project Complete,2024-05-18 09:00:00,2025-02-27 16:00:00
TEAM454,Frontend Force 10,PRJ094,2024-01-27,AI-Recommended,EMP1303,"EMP360,EMP427,EMP959,EMP195,EMP1021,EMP218",7,"{""HR"": 4, ""L&D"": 2, ""Recruiter"": 1}","{""Senior"": 2, ""Mid"": 4, ""Lead"": 1}",43.5,92.8,76.6,64.5,72.8,73.5,83.2,True,123.0,False,8.0,3.2,8.0,102.6,100.0,9.0,Completed,2024-05-29,Project Complete,2024-01-27 09:00:00,2025-03-24 08:15:00
TEAM455,Sprint Masters 19,PRJ466,2024-08-07,Manual,EMP319,"EMP104,EMP1412,EMP579,EMP509,EMP251,EMP1410,EMP1083,EMP1379,EMP035",10,"{""Software"": 2, ""Principal"": 2, ""Team"": 3, ""Developer"": 2, ""Senior"": 1}","{""Senior"": 5, ""Junior"": 2, ""Lead"": 1, ""Mid"": 2}",54.8,92.7,68.0,58.6,73.9,86.8,73.0,True,16.0,True,8.0,12.0,8.0,100.3,100.0,9.0,Completed,2024-08-23,Project Complete,2024-08-07 09:00:00,2025-01-22 11:00:00
TEAM466,Core Team 18,PRJ026,2024-03-04,AI-Recommended,EMP136,"EMP899,EMP299,EMP403,EMP327",5,"{""Operations"": 4, ""Project"": 1}","{""Senior"": 3, ""Lead"": 2}",69.6,66.4,74.8,90.0,79.9,73.9,74.8,False,,,7.0,,,56.6,100.0,9.0,Active,,,2024-03-04 09:00:00,2024-04-01 11:30:00
TEAM467,Core Team 19,PRJ769,2024-08-13,Manual,EMP110,"EMP076,EMP1301,EMP1094,EMP164",5,"{""L&D"": 1, ""Recruiter"": 3, ""HR"": 1}","{""Lead"": 1, ""Mid"": 2, ""Senior"": 2}",56.5,96.2,87.1,63.1,81.2,,81.1,False,,,8.0,,,51.3,100.0,10.0,Active,,,2024-08-13 09:00:00,2024-10-16 10:00:00
TEAM473,Vortex Team 17,PRJ387,2023-03-12,AI-Recommended,EMP510,"EMP520,EMP006,EMP1209,EMP530,EMP516,EMP694,EMP981,EMP1107",9,"{""Sales"": 8, ""Account"": 1}","{""Senior"": 4, ""Junior"": 3, ""Mid"": 2}",38.6,99.1,82.4,48.3,74.5,65.5,71.2,False,,,6.0,,,36.8,100.0,,Disbanded,,Reorganization,2023-03-12 09:00:00,2023-07-23 10:30:00
TEAM474,Mobile Team 12,PRJ006,2023-02-27,Manual,EMP084,"EMP561,EMP1207,EMP1006,EMP040,EMP654,EMP1033,EMP1466,EMP1000,EMP336",10,"{""HR"": 4, ""L&D"": 3, ""Recruiter"": 3}","{""Lead"": 1, ""Mid"": 3, ""Senior"": 4, ""Junior"": 2}",27.4,74.8,79.7,63.5,78.7,60.4,64.2,False,,,8.0,,,37.7,100.0,,On Hold,,,2023-02-27 09:00:00,2024-01-23 17:00:00
TEAM488,AI Task Force 16,PRJ677,2024-01-22,AI-Recommended,EMP962,"EMP409,EMP1311,EMP392,EMP124,EMP509,EMP1109,EMP1071,EMP311,EMP111",10,"{""Senior"": 1, ""Principal"": 2, ""Software"": 4, ""Developer"": 2, ""Team"": 1}","{""Principal"": 3, ""Mid"": 4, ""Senior"": 2, ""Junior"": 1}",51.5,72.0,78.0,75.6,68.8,71.9,85.0,True,115.0,False,7.0,0.9,6.0,104.5,100.0,9.0,Completed,2024-05-16,Project Complete,2024-01-22 09:00:00,2024-10-27 12:15:00
TEAM489,AI Task Force 17,PRJ306,2024-05-06,Manual,EMP258,"EMP482,EMP1231,EMP644,EMP527,EMP1459,EMP1404,EMP1481",8,"{""Product"": 3, ""Graphic"": 3, ""Design"": 1, ""UI/UX"": 1}","{""Lead"": 3, ""Mid"": 2, ""Junior"": 1, ""Principal"": 2}",51.6,92.8,65.2,57.4,74.7,74.7,66.7,False,,,7.0,,,35.5,100.0,5.0,Active,,,2024-05-06 09:00:00,2025-02-14 10:00:00
TEAM490,Nexus Crew 17,PRJ043,2024-03-30,Hybrid,EMP283,"EMP866,EMP890,EMP650,EMP521,EMP865,EMP1431,EMP538,EMP1350",9,"{""Sales"": 6, ""Account"": 2, ""Business"": 1}","{""Senior"": 2, ""Lead"": 4, ""Mid"": 3}",42.3,96.1,76.9,51.5,69.4,77.8,86.4,False,,,8.0,,,66.3,100.0,9.0,Active,,,2024-03-30 09:00:00,2024-09-22 11:45:00
TEAM491,Phoenix Team 14,PRJ662,2023-09-04,Manual,EMP160,"EMP1041,EMP960,EMP734,EMP622",5,"{""Project"": 1, ""Operations"": 3, ""Scrum"": 1}","{""Senior"": 2, ""Lead"": 1, ""Mid"": 2}",64.9,84.9,75.3,44.6,71.3,,77.9,False,,,7.0,,,55.9,100.0,7.0,Active,,,2023-09-04 09:00:00,2024-04-17 17:30:00
TEAM507,Security Squad 18,PRJ530,2024-03-17,Hybrid,EMP1354,"EMP1137,EMP992,EMP1115,EMP1175,EMP113,EMP251,EMP1035,EMP533",9,"{""Principal"": 3, ""Software"": 4, ""Team"": 2}","{""Lead"": 2, ""Junior"": 1, ""Mid"": 4, ""Senior"": 2}",56.2,85.0,91.5,59.0,80.1,86.3,70.7,False,,,9.0,,,40.2,100.0,,On Hold,,,2024-03-17 09:00:00,2024-09-09 15:45:00
TEAM510,Beta Crew 23,PRJ494,2024-05-31,Manual,EMP1257,"EMP209,EMP715,EMP737,EMP751,EMP1243,EMP466,EMP843,EMP309,EMP584",10,"{""Financial"": 2, ""Accountant"": 2, ""Controller"": 2, ""Finance"": 1, ""Account"": 1, ""SEO"": 1, ""Content"": 1}","{""Lead"": 3, ""Senior"": 3, ""Mid"": 2, ""Junior"": 2}",69.9,78.0,66.6,54.6,79.9,72.3,63.7,True,15.0,False,8.0,2.7,7.0,111.5,100.0,6.0,Completed,2024-06-15,Project Complete,2024-05-31 09:00:00,2024-08-04 17:15:00
TEAM516,Analytics Crew 14,PRJ154,2023-08-10,Manual,EMP169,"EMP1222,EMP728,EMP521",4,"{""Business"": 1, ""Sales"": 3}","{""Principal"": 1, ""Mid"": 2, ""Senior"": 1}",56.1,68.0,65.7,78.3,69.7,,64.5,False,,,,,,6.0,100.0,,Active,,,2023-08-10 09:00:00,2023-09-18 16:00:00
TEAM517,Beta Crew 25,PRJ096,2023-08-14,Manual,EMP979,"EMP1336,EMP076,EMP1432,EMP473",5,"{""HR"": 2, ""L&D"": 1, ""Recruiter"": 2}","{""Senior"": 2, ""Mid"": 3}",58.0,76.9,81.6,67.8,80.5,98.1,59.4,True,71.0,True,8.0,1.1,8.0,107.9,100.0,6.0,Completed,2023-10-24,Project Complete,2023-08-14 09:00:00,2025-02-06 14:15:00
TEAM522,Phoenix Team 15,PRJ774,2023-04-10,AI-Recommended,EMP094,"EMP1433,EMP1090,EMP1175,EMP535,EMP1030,EMP409,EMP1181,EMP1109",9,"{""Developer"": 2, ""Team"": 2, ""Software"": 2, ""Senior"": 2, ""Principal"": 1}","{""Lead"": 1, ""Mid"": 3, ""Senior"": 3, ""Principal"": 1, ""Junior"": 1}",54.7,89.0,81.8,52.0,72.8,,72.2,False,,,8.0,,,2.2,100.0,,Active,,,2023-04-10 09:00:00,2024-04-23 16:45:00
TEAM526,Sprint Masters 22,PRJ411,2023-11-01,Manual,EMP494,"EMP410,EMP352,EMP566,EMP436,EMP1459,EMP1446",7,"{""UI/UX"": 2, ""Design"": 4, ""Product"": 1}","{""Principal"": 2, ""Senior"": 1, ""Junior"": 3, ""Mid"": 1}",55.2,38.2,61.2,52.9,66.1,,65.2,False,,,6.0,,,7.3,100.0,,Active,,,2023-11-01 09:00:00,2024-04-28 18:45:00
TEAM531,Phoenix Team 17,PRJ466,2024-08-16,AI-Recommended,EMP1389,"EMP104,EMP1366,EMP1194,EMP391,EMP162,EMP245,EMP035,EMP1422",9,"{""Developer"": 1, ""Principal"": 3, ""Team"": 3, ""Senior"": 1, ""Software"": 1}","{""Principal"": 1, ""Junior"": 2, ""Mid"": 3, ""Senior"": 2, ""Lead"": 1}",61.7,68.2,71.0,45.6,73.8,92.1,72.4,True,7.0,True,8.0,12.0,8.0,100.3,100.0,6.0,Completed,2024-08-23,Project Complete,2024-08-16 09:00:00,2024-11-28 16:00:00
TEAM535,Platform Team 26,PRJ392,2023-02-03,Manual,EMP899,"EMP142,EMP362,EMP299,EMP1153,EMP1173",6,"{""Operations"": 5, ""Project"": 1}","{""Lead"": 1, ""Junior"": 1, ""Mid"": 2, ""Senior"": 2}",60.0,76.2,72.1,88.7,81.8,71.6,80.0,True,96.0,False,7.0,1.3,7.0,105.8,100.0,10.0,Completed,2023-05-10,Project Complete,2023-02-03 09:00:00,2024-08-04 08:30:00
TEAM539,Backend Crew 12,PRJ693,2024-07-22,Manual,EMP1376,"EMP427,EMP627,EMP1033,EMP1397,EMP994,EMP024,EMP371,EMP1349,EMP1044",10,"{""Recruiter"": 3, ""L&D"": 2, ""HR"": 5}","{""Senior"": 5, ""Mid"": 3, ""Junior"": 1, ""Lead"": 1}",26.0,91.5,69.7,52.0,78.7,70.0,82.5,True,193.0,False,8.0,0.3,8.0,93.5,100.0,10.0,Completed,2025-01-31,Project Complete,2024-07-22 09:00:00,2024-11-25 17:30:00
TEAM540,Beta Crew 26,PRJ503,2024-02-20,AI-Recommended,EMP1092,"EMP751,EMP1085,EMP339,EMP1237,EMP923,EMP620",7,"{""Finance"": 2, ""Financial"": 3, ""Operations"": 1, ""Accountant"": 1}","{""Principal"": 1, ""Mid"": 2, ""Junior"": 1, ""Lead"": 2, ""Senior"": 1}",66.1,63.8,81.8,75.4,77.7,,75.2,False,,,9.0,,,33.9,100.0,8.0,Active,,,2024-02-20 09:00:00,2024-11-15 14:45:00
TEAM549,Frontend Force 13,PRJ353,2023-09-08,Manual,EMP485,"EMP088,EMP760,EMP1335,EMP1187,EMP130,EMP857,EMP1036,EMP899",9,"{""Scrum"": 2, ""Operations"": 5, ""Project"": 2}","{""Principal"": 2, ""Senior"": 4, ""Mid"": 1, ""Lead"": 2}",31.4,88.4,70.9,55.9,80.5,,61.5,False,,,,,,4.8,100.0,,Active,,,2023-09-08 09:00:00,2024-03-29 17:15:00
TEAM553,Agile Avengers 23,PRJ278,2023-11-09,AI-Recommended,EMP1168,"EMP332,EMP138,EMP1041,EMP761,EMP899,EMP993,EMP423,EMP362,EMP834",10,"{""Operations"": 5, ""Scrum"": 3, ""Project"": 2}","{""Lead"": 3, ""Senior"": 3, ""Mid"": 3, ""Junior"": 1}",32.8,97.0,95.7,56.9,79.1,58.4,66.9,False,,,7.0,,,33.8,100.0,6.0,Active,,,2023-11-09 09:00:00,2024-09-04 16:45:00
TEAM555,Sprint Masters 23,PRJ407,2024-05-23,AI-Recommended,EMP1041,"EMP1289,EMP263,EMP680",4,"{""Operations"": 3, ""Project"": 1}","{""Lead"": 2, ""Senior"": 2}",72.7,31.9,85.5,58.9,75.7,93.5,79.2,True,66.0,True,8.0,0.3,8.0,105.3,100.0,8.0,Completed,2024-07-28,Project Complete,2024-05-23 09:00:00,2024-12-12 16:00:00
TEAM563,Delta Force 25,PRJ256,2023-07-06,Hybrid,EMP1397,"EMP1094,EMP1132,EMP603,EMP730,EMP561,EMP084,EMP1205,EMP950",9,"{""HR"": 6, ""Recruiter"": 1, ""L&D"": 2}","{""Senior"": 2, ""Mid"": 4, ""Junior"": 1, ""Lead"": 2}",25.9,74.7,64.9,79.3,69.2,68.5,73.7,False,,,8.0,,,52.5,100.0,6.0,Active,,,2023-07-06 09:00:00,2024-09-10 18:15:00
TEAM578,AI Task Force 21,PRJ195,2024-05-12,Hybrid,EMP1401,"EMP779,EMP476,EMP1178,EMP427",5,"{""Design"": 1, ""HR"": 1, ""Recruiter"": 1, ""L&D"": 2}","{""Principal"": 1, ""Junior"": 2, ""Mid"": 2}",85.8,23.6,96.7,51.4,62.7,68.0,86.2,True,88.0,False,6.0,0.9,6.0,97.5,100.0,8.0,Completed,2024-08-08,Project Complete,2024-05-12 09:00:00,2025-02-19 10:00:00
TEAM579,Frontend Force 15,PRJ544,2023-12-08,AI-Recommended,EMP120,"EMP237,EMP1043,EMP314,EMP584,EMP564,EMP1040,EMP302,EMP149,EMP265",10,"{""Finance"": 1, ""Financial"": 2, ""Accountant"": 5, ""Controller"": 2}","{""Senior"": 2, ""Junior"": 4, ""Mid"": 4}",36.8,75.6,92.0,69.8,69.4,,70.7,False,,,8.0,,,55.4,100.0,8.0,Active,,,2023-12-08 09:00:00,2024-07-27 08:45:00
TEAM584,Nexus Crew 20,PRJ674,2023-01-23,AI-Recommended,EMP146,"EMP1124,EMP097,EMP409,EMP1311,EMP1433,EMP642",7,"{""Software"": 2, ""Accountant"": 1, ""Senior"": 1, ""Principal"": 1, ""Team"": 1, ""Developer"": 1}","{""Principal"": 2, ""Mid"": 4, ""Junior"": 1}",77.1,47.0,59.6,67.7,74.5,91.8,78.0,True,267.0,True,7.0,0.2,9.0,112.4,100.0,8.0,Completed,2023-10-17,Project Complete,2023-01-23 09:00:00,2024-11-24 15:00:00
TEAM592,Apex Unit 21,PRJ464,2024-05-27,Manual,EMP143,"EMP1239,EMP616,EMP611,EMP032,EMP1489,EMP945,EMP766,EMP1080",9,"{""Product"": 2, ""Graphic"": 3, ""Design"": 3, ""UI/UX"": 1}","{""Senior"": 3, ""Mid"": 4, ""Junior"": 2}",47.3,75.6,54.4,76.4,66.9,70.0,78.4,True,204.0,False,7.0,0.1,6.0,90.4,100.0,9.0,Completed,2024-12-17,Project Complete,2024-05-27 09:00:00,2025-03-28 08:15:00
TEAM594,Beta Crew 29,PRJ791,2024-01-20,Manual,EMP297,"EMP1009,EMP175,EMP1193,EMP1252,EMP993,EMP254",7,"{""Operations"": 4, ""Project"": 2, ""Scrum"": 1}","{""Principal"": 1, ""Senior"": 2, ""Mid"": 2, ""Lead"": 2}",49.0,89.2,68.1,45.7,73.8,75.0,69.7,True,263.0,False,8.0,0.2,6.0,105.8,100.0,5.0,Completed,2024-10-09,Project Complete,2024-01-20 09:00:00,2024-09-11 13:15:00
TEAM602,Innovation Lab 18,PRJ573,2024-08-28,Hybrid,EMP137,"EMP168,EMP1301,EMP669,EMP371,EMP1145,EMP1372,EMP1075,EMP1218,EMP427",10,"{""L&D"": 5, ""HR"": 3, ""Recruiter"": 2}","{""Senior"": 3, ""Mid"": 3, ""Lead"": 3, ""Junior"": 1}",31.3,95.1,59.3,71.7,70.4,,71.1,False,,,,,,6.8,100.0,,Active,,,2024-08-28 09:00:00,2025-01-21 11:15:00
TEAM612,Beta Crew 32,PRJ324,2023-02-08,Manual,EMP557,"EMP1092,EMP1152,EMP1282",4,"{""Finance"": 3, ""Operations"": 1}","{""Senior"": 2, ""Principal"": 1, ""Mid"": 1}",100.0,73.2,59.9,58.3,75.7,72.9,80.0,True,100.0,False,8.0,2.6,6.0,100.0,100.0,8.0,Completed,2023-05-19,Project Complete,2023-02-08 09:00:00,2023-10-19 16:30:00
TEAM613,Core Team 25,PRJ342,2023-10-27,AI-Recommended,EMP221,"EMP1434,EMP815,EMP591,EMP017,EMP757,EMP637,EMP519,EMP1382",9,"{""Controller"": 2, ""Finance"": 2, ""Financial"": 3, ""Accountant"": 1, ""Operations"": 1}","{""Principal"": 2, ""Junior"": 3, ""Lead"": 1, ""Senior"": 2, ""Mid"": 1}",45.1,55.8,74.5,70.6,81.2,,82.6,False,,,8.0,,,33.8,100.0,,On Hold,,,2023-10-27 09:00:00,2024-10-21 13:30:00
TEAM619,Analytics Crew 17,PRJ150,2023-11-26,Manual,EMP084,"EMP623,EMP421",3,"{""HR"": 2, ""L&D"": 1}","{""Lead"": 1, ""Mid"": 1, ""Junior"": 1}",87.1,56.1,70.5,47.6,79.7,59.3,66.4,False,,,8.0,,,33.5,100.0,,Disbanded,,Reorganization,2023-11-26 09:00:00,2024-06-24 14:30:00
TEAM630,Agile Avengers 26,PRJ093,2023-02-11,AI-Recommended,EMP1355,"EMP728,EMP1394,EMP1482,EMP891,EMP521,EMP323,EMP026",8,"{""Sales"": 5, ""Business"": 3}","{""Senior"": 4, ""Mid"": 2, ""Junior"": 2}",38.5,87.6,75.1,72.8,75.0,97.0,76.7,True,38.0,True,8.0,3.7,8.0,100.8,100.0,8.0,Completed,2023-03-21,Project Complete,2023-02-11 09:00:00,2023-06-17 09:00:00
TEAM634,AI Task Force 24,PRJ121,2023-03-22,Hybrid,EMP147,"EMP1065,EMP442,EMP034,EMP899",5,"{""Scrum"": 1, ""Operations"": 4}","{""Senior"": 3, ""Mid"": 1, ""Lead"": 1}",64.8,83.8,87.0,61.7,79.0,70.3,71.8,True,126.0,False,8.0,0.5,7.0,95.5,100.0,7.0,Completed,2023-07-26,Project Complete,2023-03-22 09:00:00,2024-08-13 16:00:00
TEAM637,Mobile Team 19,PRJ034,2023-08-24,Manual,EMP1457,"EMP555,EMP1041,EMP484,EMP846,EMP299,EMP1293",7,"{""Operations"": 5, ""Project"": 2}","{""Senior"": 3, ""Lead"": 3, ""Mid"": 1}",50.5,68.7,79.0,57.3,76.9,,60.7,False,,,,,,3.2,100.0,,Active,,,2023-08-24 09:00:00,2023-11-21 08:00:00
TEAM640,Delta Force 27,PRJ070,2024-06-04,Hybrid,EMP1314,"EMP784,EMP919,EMP899,EMP778,EMP423,EMP502,EMP486,EMP1203",9,"{""Operations"": 6, ""Scrum"": 1, ""Project"": 2}","{""Principal"": 1, ""Mid"": 4, ""Lead"": 1, ""Senior"": 2, ""Junior"": 1}",32.4,87.0,73.6,62.6,68.7,,64.5,False,,,7.0,,,5.9,100.0,,Active,,,2024-06-04 09:00:00,2024-10-31 15:15:00
TEAM644,Nexus Crew 23,PRJ533,2023-05-13,AI-Recommended,EMP531,"EMP409,EMP245,EMP931,EMP268,EMP1016,EMP1194,EMP872,EMP845,EMP1360",10,"{""Senior"": 2, ""Principal"": 4, ""Developer"": 2, ""Team"": 1, ""Software"": 1}","{""Principal"": 3, ""Lead"": 1, ""Mid"": 4, ""Junior"": 1, ""Senior"": 1}",45.0,83.9,78.9,64.9,81.9,94.6,68.9,True,70.0,True,8.0,0.5,10.0,98.9,100.0,7.0,Completed,2023-07-22,Project Complete,2023-05-13 09:00:00,2023-05-14 09:00:00
TEAM645,Cloud Ninjas 21,PRJ477,2023-04-20,Manual,EMP1309,"EMP590,EMP1235,EMP185",4,"{""Account"": 1, ""Controller"": 1, ""Accountant"": 1, ""HR"": 1}","{""Principal"": 1, ""Mid"": 3}",100.0,100.0,82.2,36.0,93.5,,70.6,False,,,7.0,,,43.3,100.0,6.0,Active,,,2023-04-20 09:00:00,2025-01-09 14:45:00
TEAM647,Platform Team 28,PRJ656,2024-06-01,AI-Recommended,EMP470,"EMP998,EMP075,EMP911,EMP735,EMP1092,EMP840",7,"{""Accountant"": 3, ""Financial"": 1, ""Finance"": 3}","{""Senior"": 2, ""Mid"": 4, ""Principal"": 1}",46.1,48.4,88.2,34.1,71.5,,70.9,False,,,7.0,,,53.1,100.0,5.0,Active,,,2024-06-01 09:00:00,2025-03-09 13:00:00
TEAM660,Vortex Team 21,PRJ546,2024-05-18,AI-Recommended,EMP848,"EMP1157,EMP1164,EMP1165,EMP113,EMP1076,EMP391,EMP413,EMP104,EMP251",10,"{""Team"": 3, ""Developer"": 1, ""Software"": 2, ""Principal"": 3, ""Senior"": 1}","{""Lead"": 3, ""Mid"": 3, ""Junior"": 2, ""Senior"": 2}",49.9,95.1,65.8,71.7,68.0,79.1,60.3,True,180.0,False,7.0,1.0,10.0,104.1,100.0,6.0,Completed,2024-11-14,Project Complete,2024-05-18 09:00:00,2024-07-15 08:00:00
TEAM662,Analytics Crew 21,PRJ176,2023-01-04,AI-Recommended,EMP1394,"EMP1449,EMP382,EMP977,EMP1228,EMP1087,EMP694",7,"{""Sales"": 4, ""Account"": 2, ""Business"": 1}","{""Senior"": 4, ""Junior"": 3}",48.5,75.9,69.1,56.9,74.4,70.9,83.3,True,325.0,False,8.0,0.3,7.0,109.6,100.0,9.0,Completed,2023-11-25,Project Complete,2023-01-04 09:00:00,2024-11-25 08:00:00
TEAM663,Phoenix Team 19,PRJ393,2024-07-14,Manual,EMP120,"EMP501,EMP815,EMP209",4,"{""Finance"": 1, ""Controller"": 2, ""Accountant"": 1}","{""Senior"": 2, ""Mid"": 1, ""Lead"": 1}",73.3,88.8,76.0,53.6,78.6,,58.9,False,,,8.0,,,33.4,100.0,,Disbanded,,Reorganization,2024-07-14 09:00:00,2025-02-27 17:30:00
TEAM666,Data Squad 30,PRJ230,2023-05-02,Hybrid,EMP414,"EMP940,EMP424,EMP646,EMP373,EMP050,EMP066",7,"{""Content"": 2, ""Marketing"": 5}","{""Lead"": 2, ""Senior"": 3, ""Mid"": 2}",44.8,84.1,79.3,67.8,74.3,,68.8,False,,,10.0,,,35.3,100.0,,On Hold,,,2023-05-02 09:00:00,2023-11-05 18:30:00
TEAM685,Innovation Lab 21,PRJ146,2023-06-15,AI-Recommended,EMP1168,"EMP687,EMP899,EMP734,EMP1457,EMP1317,EMP088",7,"{""Operations"": 6, ""Scrum"": 1}","{""Lead"": 2, ""Junior"": 1, ""Mid"": 2, ""Senior"": 2}",44.6,87.4,76.9,59.4,77.2,73.3,70.9,True,188.0,False,7.0,0.5,9.0,105.2,100.0,7.0,Completed,2023-12-20,Project Complete,2023-06-15 09:00:00,2023-09-02 18:30:00
TEAM692,Frontend Force 16,PRJ771,2023-07-28,AI-Recommended,EMP009,"EMP838,EMP568,EMP808,EMP1209,EMP983,EMP1453,EMP841,EMP382",9,"{""Account"": 4, ""Business"": 1, ""Sales"": 4}","{""Lead"": 1, ""Senior"": 5, ""Junior"": 1, ""Mid"": 2}",38.5,93.4,74.7,40.1,75.6,71.9,72.9,True,72.0,False,8.0,1.1,5.0,98.9,100.0,6.0,Completed,2023-10-08,Project Complete,2023-07-28 09:00:00,2023-09-21 18:30:00
TEAM695,Frontend Force 17,PRJ460,2024-06-20,Manual,EMP588,"EMP960,EMP578,EMP1036,EMP1193,EMP259,EMP542,EMP1398",8,"{""Project"": 3, ""Scrum"": 2, ""Operations"": 3}","{""Senior"": 2, ""Mid"": 3, ""Lead"": 2, ""Junior"": 1}",37.7,89.2,71.3,67.2,73.2,73.8,62.0,True,80.0,False,7.0,0.2,7.0,112.3,100.0,6.0,Completed,2024-09-08,Project Complete,2024-06-20 09:00:00,2025-01-27 17:30:00
TEAM713,Data Squad 33,PRJ512,2023-05-04,AI-Recommended,EMP221,"EMP1286,EMP633,EMP1141,EMP1326,EMP625,EMP893,EMP437,EMP1150,EMP1124",10,"{""Controller"": 5, ""Accountant"": 3, ""Financial"": 2}","{""Principal"": 1, ""Junior"": 2, ""Mid"": 5, ""Senior"": 2}",27.2,81.6,68.1,43.0,69.3,79.7,66.0,True,109.0,False,8.0,1.3,8.0,113.5,100.0,5.0,Completed,2023-08-21,Project Complete,2023-05-04 09:00:00,2023-09-02 11:45:00
TEAM717,Design Dream Team 24,PRJ117,2024-07-22,Manual,EMP900,"EMP571,EMP231,EMP1013,EMP1431,EMP006",6,"{""Sales"": 3, ""Business"": 1, ""Account"": 2}","{""Lead"": 1, ""Mid"": 3, ""Junior"": 2}",50.3,60.5,90.1,44.9,71.3,,85.1,False,,,8.0,,,39.7,100.0,7.0,Active,,,2024-07-22 09:00:00,2024-10-16 18:45:00
TEAM722,Omega Unit 26,PRJ427,2024-05-19,Manual,EMP103,"EMP020,EMP1152,EMP600,EMP815,EMP1070,EMP638,EMP580,EMP417,EMP1487",10,"{""Team"": 2, ""Finance"": 2, ""Controller"": 2, ""Software"": 1, ""Developer"": 3}","{""Lead"": 3, ""Principal"": 1, ""Mid"": 1, ""Senior"": 4, ""Junior"": 1}",76.1,89.2,67.1,83.1,78.0,67.0,85.5,False,,,8.0,,,63.1,100.0,8.0,Active,,,2024-05-19 09:00:00,2024-10-04 16:45:00
TEAM725,Gamma Team 30,PRJ476,2023-02-11,AI-Recommended,EMP127,"EMP192,EMP006,EMP121,EMP728,EMP890",6,"{""Sales"": 4, ""Account"": 2}","{""Lead"": 1, ""Mid"": 3, ""Junior"": 1, ""Senior"": 1}",57.8,88.1,51.5,54.4,64.6,87.9,74.7,True,169.0,True,8.0,1.1,8.0,114.9,100.0,6.0,Completed,2023-07-30,Project Complete,2023-02-11 09:00:00,2023-07-13 18:45:00
TEAM732,Velocity Squad 25,PRJ277,2023-09-29,AI-Recommended,EMP1397,"EMP185,EMP1396,EMP670,EMP320,EMP1344,EMP1094,EMP024",8,"{""HR"": 7, ""L&D"": 1}","{""Senior"": 4, ""Mid"": 3, ""Junior"": 1}",41.7,93.5,59.4,62.7,71.5,63.1,69.8,False,,,7.0,,,38.9,100.0,7.0,Active,,,2023-09-29 09:00:00,2023-11-29 12:15:00
TEAM734,AI Task Force 28,PRJ619,2023-01-08,AI-Recommended,EMP548,"EMP165,EMP265,EMP1352,EMP815",5,"{""Controller"": 2, ""Accountant"": 3}","{""Senior"": 2, ""Junior"": 1, ""Mid"": 1, ""Lead"": 1}",59.8,76.8,84.7,70.4,70.8,,70.9,False,,,,,,6.1,100.0,,Active,,,2023-01-08 09:00:00,2023-08-31 09:45:00
TEAM755,Mobile Team 23,PRJ125,2024-06-14,Manual,EMP084,"EMP1229,EMP984",3,"{""HR"": 2, ""L&D"": 1}","{""Lead"": 1, ""Mid"": 1, ""Junior"": 1}",84.9,59.5,79.7,70.5,64.7,49.0,92.3,False,,,7.0,,,67.6,80.0,10.0,Active,,,2024-06-14 09:00:00,2024-11-24 10:00:00
TEAM757,QA Guardians 28,PRJ579,2023-07-27,AI-Recommended,EMP852,"EMP1384,EMP054,EMP917,EMP862,EMP1326,EMP1086,EMP1125,EMP431,EMP820",10,"{""Finance"": 2, ""Accountant"": 4, ""Controller"": 2, ""Financial"": 2}","{""Lead"": 1, ""Mid"": 7, ""Junior"": 2}",19.7,51.6,68.8,61.0,70.5,,68.7,False,,,7.0,,,24.2,100.0,,On Hold,,,2023-07-27 09:00:00,2023-09-06 10:00:00
TEAM775,Security Squad 28,PRJ324,2023-02-14,Hybrid,EMP1257,"EMP844,EMP815,EMP1184,EMP375,EMP728,EMP022",7,"{""Financial"": 2, ""Finance"": 2, ""Controller"": 1, ""Sales"": 1, ""Accountant"": 1}","{""Lead"": 5, ""Principal"": 1, ""Mid"": 1}",66.2,100.0,75.7,51.7,74.0,72.9,75.4,True,94.0,False,8.0,2.6,6.0,100.0,100.0,6.0,Completed,2023-05-19,Project Complete,2023-02-14 09:00:00,2023-07-11 08:15:00
TEAM778,QA Guardians 30,PRJ472,2024-03-26,Hybrid,EMP384,"EMP496,EMP740,EMP915",4,"{""Marketing"": 3, ""SEO"": 1}","{""Principal"": 1, ""Mid"": 2, ""Junior"": 1}",70.5,66.4,63.4,69.2,73.0,,64.0,False,,,7.0,,,68.0,100.0,7.0,Active,,,2024-03-26 09:00:00,2024-09-20 12:30:00
TEAM781,Cloud Ninjas 25,PRJ020,2024-03-19,AI-Recommended,EMP258,"EMP667,EMP611,EMP352,EMP656,EMP1220,EMP805,EMP792,EMP252,EMP051",10,"{""Product"": 4, ""UI/UX"": 2, ""Graphic"": 3, ""Design"": 1}","{""Lead"": 2, ""Principal"": 2, ""Mid"": 1, ""Junior"": 3, ""Senior"": 2}",38.8,48.5,69.1,60.1,76.1,76.9,64.6,True,194.0,False,8.0,0.7,9.0,99.0,100.0,6.0,Completed,2024-09-29,Project Complete,2024-03-19 09:00:00,2025-02-19 16:00:00
TEAM786,Design Dream Team 26,PRJ186,2024-04-19,Manual,EMP1184,"EMP806,EMP584,EMP1384,EMP633,EMP022,EMP757,EMP432",8,"{""Financial"": 2, ""Controller"": 2, ""Accountant"": 3, ""Finance"": 1}","{""Principal"": 2, ""Junior"": 2, ""Mid"": 2, ""Lead"": 1, ""Senior"": 1}",45.3,41.9,79.7,63.8,65.5,57.9,68.6,False,,,8.0,,,56.4,100.0,5.0,Active,,,2024-04-19 09:00:00,2024-08-06 16:15:00
TEAM790,AI Task Force 31,PRJ704,2023-07-27,Manual,EMP1309,"EMP685,EMP981,EMP521,EMP941,EMP329,EMP406,EMP463,EMP1409,EMP896",10,"{""Account"": 4, ""Business"": 3, ""Sales"": 3}","{""Principal"": 1, ""Lead"": 1, ""Mid"": 1, ""Senior"": 5, ""Junior"": 2}",27.5,77.3,73.1,53.7,76.8,,69.6,False,,,7.0,,,3.5,100.0,,Active,,,2023-07-27 09:00:00,2024-10-07 11:00:00
TEAM795,Sprint Masters 32,PRJ497,2023-09-06,Manual,EMP1166,"EMP1024,EMP889,EMP827,EMP953,EMP1459,EMP188",7,"{""UI/UX"": 2, ""Graphic"": 1, ""Design"": 2, ""Product"": 2}","{""Lead"": 2, ""Mid"": 2, ""Senior"": 1, ""Principal"": 2}",51.9,100.0,60.2,71.9,75.4,87.9,56.7,False,,,7.0,,,44.1,100.0,,On Hold,,,2023-09-06 09:00:00,2024-12-14 09:00:00
TEAM804,Gamma Team 32,PRJ784,2024-06-15,AI-Recommended,EMP024,"EMP991,EMP450,EMP994,EMP128,EMP610,EMP1145,EMP1218",8,"{""HR"": 5, ""Recruiter"": 2, ""L&D"": 1}","{""Senior"": 3, ""Junior"": 3, ""Mid"": 1, ""Lead"": 1}",41.2,57.9,66.9,59.2,64.6,,63.8,False,,,6.0,,,6.0,100.0,,Active,,,2024-06-15 09:00:00,2025-01-20 13:30:00
TEAM825,Strategy Unit 24,PRJ285,2024-01-05,AI-Recommended,EMP419,"EMP421,EMP084,EMP110,EMP617",5,"{""HR"": 3, ""L&D"": 2}","{""Principal"": 1, ""Junior"": 2, ""Lead"": 2}",62.5,84.2,57.0,61.7,70.1,72.7,78.3,True,102.0,False,8.0,0.8,6.0,111.7,100.0,8.0,Completed,2024-04-16,Project Complete,2024-01-05 09:00:00,2024-01-22 18:00:00
TEAM827,Alpha Squad 19,PRJ702,2024-09-02,Hybrid,EMP1459,"EMP1414,EMP188,EMP856,EMP934,EMP436",6,"{""Design"": 2, ""Product"": 2, ""Graphic"": 1, ""UI/UX"": 1}","{""Principal"": 2, ""Junior"": 2, ""Mid"": 1, ""Lead"": 1}",61.8,78.0,61.6,54.1,77.3,,53.0,False,,,6.0,,,6.3,100.0,,Active,,,2024-09-02 09:00:00,2024-12-11 12:30:00
TEAM839,Vortex Team 27,PRJ429,2023-01-18,AI-Recommended,EMP952,"EMP605,EMP740,EMP1328,EMP575,EMP012,EMP1263,EMP1110,EMP1339",9,"{""Marketing"": 6, ""SEO"": 3}","{""Principal"": 3, ""Mid"": 4, ""Senior"": 2}",41.2,71.0,78.4,66.0,67.5,,72.0,False,,,,,,6.8,100.0,,Active,,,2023-01-18 09:00:00,2023-09-16 17:45:00
TEAM841,Backend Crew 19,PRJ726,2023-05-01,Manual,EMP1110,"EMP843,EMP1478,EMP1213,EMP167,EMP1121,EMP377",7,"{""SEO"": 3, ""Marketing"": 3, ""Content"": 1}","{""Principal"": 1, ""Lead"": 3, ""Junior"": 2, ""Mid"": 1}",44.5,64.6,61.3,84.1,71.8,85.2,63.1,True,241.0,True,8.0,0.2,6.0,106.7,100.0,7.0,Completed,2023-12-28,Project Complete,2023-05-01 09:00:00,2023-12-27 15:30:00
TEAM842,Data Squad 38,PRJ621,2023-04-09,Manual,EMP841,"EMP1351,EMP516",3,"{""Account"": 2, ""Sales"": 1}","{""Senior"": 1, ""Mid"": 2}",84.4,77.6,64.6,58.8,73.4,,82.8,False,,,7.0,,,36.2,100.0,,Disbanded,,Reorganization,2023-04-09 09:00:00,2024-02-12 14:30:00
TEAM843,Platform Team 34,PRJ136,2024-03-06,Manual,EMP1343,"EMP050,EMP1470",3,"{""SEO"": 1, ""Marketing"": 2}","{""Senior"": 2, ""Mid"": 1}",77.4,84.6,72.2,75.3,74.7,81.6,77.7,False,,,7.0,,,40.4,100.0,8.0,Active,,,2024-03-06 09:00:00,2024-11-13 13:45:00
TEAM848,Frontend Force 20,PRJ447,2024-03-28,Manual,EMP667,"EMP886,EMP1480,EMP909,EMP656,EMP036,EMP014,EMP1245,EMP801,EMP106",10,"{""UI/UX"": 2, ""Product"": 2, ""Graphic"": 5, ""Design"": 1}","{""Principal"": 1, ""Junior"": 3, ""Mid"": 3, ""Senior"": 3}",39.5,58.5,68.2,62.2,69.0,,74.7,False,,,7.0,,,43.2,100.0,8.0,Active,,,2024-03-28 09:00:00,2025-03-26 16:45:00
TEAM859,Platform Team 35,PRJ275,2023-10-20,Hybrid,EMP160,"EMP272,EMP480,EMP1171,EMP1193,EMP138,EMP356,EMP641,EMP846",9,"{""Project"": 5, ""Operations"": 4}","{""Senior"": 1, ""Mid"": 3, ""Junior"": 3, ""Principal"": 1, ""Lead"": 1}",38.5,39.4,53.6,89.1,64.9,80.3,48.7,True,171.0,False,8.0,0.1,9.0,104.4,100.0,4.0,Completed,2024-04-08,Project Complete,2023-10-20 09:00:00,2024-10-03 15:15:00
TEAM866,AI Task Force 32,PRJ639,2023-01-13,AI-Recommended,EMP484,"EMP899,EMP157,EMP486,EMP1041,EMP912,EMP142",7,"{""Operations"": 5, ""Project"": 2}","{""Lead"": 4, ""Mid"": 1, ""Senior"": 1, ""Junior"": 1}",51.9,92.7,68.6,45.8,77.1,84.2,73.9,True,177.0,True,8.0,0.3,6.0,109.1,100.0,8.0,Completed,2023-07-09,Project Complete,2023-01-13 09:00:00,2024-12-02 09:45:00
TEAM880,AI Task Force 35,PRJ741,2024-04-05,AI-Recommended,EMP506,"EMP254,EMP960,EMP1322,EMP622,EMP226,EMP899,EMP547,EMP985",9,"{""Project"": 2, ""Operations"": 6, ""Scrum"": 1}","{""Senior"": 4, ""Lead"": 2, ""Mid"": 2, ""Junior"": 1}",44.8,100.0,88.4,33.9,65.6,73.3,75.2,True,192.0,False,7.0,0.3,9.0,100.1,100.0,7.0,Completed,2024-10-14,Project Complete,2024-04-05 09:00:00,2024-06-26 17:15:00
TEAM887,Innovation Lab 28,PRJ781,2024-06-18,Hybrid,EMP1443,"EMP516,EMP802,EMP841,EMP163,EMP1107,EMP890,EMP1316,EMP1309,EMP026",10,"{""Sales"": 4, ""Business"": 3, ""Account"": 3}","{""Principal"": 2, ""Mid"": 3, ""Junior"": 1, ""Senior"": 3, ""Lead"": 1}",29.0,92.8,86.8,55.3,67.2,,63.5,False,,,7.0,,,51.0,100.0,6.0,Active,,,2024-06-18 09:00:00,2024-12-21 13:15:00
TEAM894,Nexus Crew 29,PRJ541,2024-01-09,Manual,EMP760,"EMP455,EMP1193,EMP658,EMP639",5,"{""Project"": 3, ""Operations"": 2}","{""Senior"": 1, ""Principal"": 1, ""Mid"": 1, ""Junior"": 1, ""Lead"": 1}",56.0,76.6,67.3,52.2,74.6,76.5,67.4,False,,,8.0,,,39.7,100.0,,On Hold,,,2024-01-09 09:00:00,2024-10-13 17:45:00
TEAM906,Gamma Team 38,PRJ712,2023-03-11,Manual,EMP163,"EMP072,EMP406,EMP665,EMP1482,EMP1497,EMP742,EMP841,EMP1380,EMP1087",10,"{""Sales"": 7, ""Business"": 2, ""Account"": 1}","{""Senior"": 5, ""Lead"": 1, ""Junior"": 4}",31.3,67.1,79.0,52.1,70.5,73.2,80.9,True,294.0,False,8.0,0.2,8.0,89.4,100.0,9.0,Completed,2023-12-30,Project Complete,2023-03-11 09:00:00,2024-11-16 14:00:00
TEAM907,Platform Team 37,PRJ124,2023-07-24,AI-Recommended,EMP1148,"EMP210,EMP499,EMP841,EMP802,EMP966,EMP728",7,"{""Business"": 3, ""Account"": 2, ""Sales"": 2}","{""Lead"": 1, ""Mid"": 3, ""Senior"": 2, ""Junior"": 1}",45.7,86.6,49.7,53.6,71.7,58.9,65.3,False,,,8.0,,,53.4,100.0,7.0,Active,,,2023-07-24 09:00:00,2023-12-27 09:30:00
TEAM917,Growth Squad 27,PRJ349,2023-04-12,AI-Recommended,EMP1028,"EMP1301,EMP1304,EMP076,EMP449",5,"{""Recruiter"": 3, ""HR"": 2}","{""Senior"": 4, ""Mid"": 1}",58.6,67.1,71.9,66.5,78.1,89.2,73.5,True,191.0,True,8.0,0.6,7.0,93.3,100.0,6.0,Completed,2023-10-20,Project Complete,2023-04-12 09:00:00,2023-10-01 12:15:00
TEAM923,Growth Squad 29,PRJ312,2023-02-22,AI-Recommended,EMP163,"EMP1048,EMP983,EMP728,EMP1149,EMP900,EMP939,EMP329,EMP521",9,"{""Sales"": 7, ""Account"": 1, ""Business"": 1}","{""Senior"": 3, ""Mid"": 5, ""Lead"": 1}",44.2,93.5,88.2,67.2,73.9,74.2,86.6,True,121.0,False,7.0,1.5,8.0,102.6,100.0,9.0,Completed,2023-06-23,Project Complete,2023-02-22 09:00:00,2023-08-13 11:45:00
TEAM927,Core Team 38,PRJ626,2023-09-10,Manual,EMP105,"EMP537,EMP295,EMP967,EMP948,EMP1019,EMP936,EMP074",8,"{""Marketing"": 3, ""Content"": 1, ""SEO"": 4}","{""Senior"": 2, ""Lead"": 1, ""Mid"": 3, ""Junior"": 2}",46.1,74.4,63.8,48.5,74.5,71.7,54.2,True,121.0,False,7.0,3.3,6.0,110.3,100.0,6.0,Completed,2024-01-09,Project Complete,2023-09-10 09:00:00,2024-08-04 13:15:00
TEAM928,Omega Unit 34,PRJ471,2024-07-17,Hybrid,EMP1396,"EMP291,EMP623,EMP128,EMP1033,EMP1432,EMP076,EMP322",8,"{""HR"": 5, ""Recruiter"": 3}","{""Senior"": 3, ""Mid"": 4, ""Junior"": 1}",43.6,92.0,77.2,44.6,74.9,,67.3,False,,,,,,5.5,100.0,,Active,,,2024-07-17 09:00:00,2024-07-18 17:45:00
TEAM931,Frontend Force 25,PRJ362,2024-02-19,Manual,EMP1376,"EMP561,EMP187,EMP076,EMP624,EMP1329,EMP371,EMP152,EMP183",9,"{""Recruiter"": 3, ""L&D"": 3, ""HR"": 3}","{""Senior"": 3, ""Mid"": 5, ""Lead"": 1}",35.1,94.4,61.3,49.3,65.7,94.1,62.4,False,,,,,,57.7,100.0,5.0,Active,,,2024-02-19 09:00:00,2024-09-04 10:00:00
TEAM933,Titan Squad 27,PRJ197,2024-03-23,Manual,EMP727,"EMP1051,EMP267,EMP573,EMP129,EMP540,EMP194",7,"{""Product"": 3, ""Design"": 3, ""Graphic"": 1}","{""Senior"": 2, ""Junior"": 4, ""Mid"": 1}",52.1,57.8,78.0,58.5,65.7,76.7,66.0,False,,,7.0,,,21.4,100.0,,On Hold,,,2024-03-23 09:00:00,2024-07-20 15:30:00
TEAM944,Research Collective 18,PRJ075,2024-09-06,AI-Recommended,EMP792,"EMP1170,EMP540,EMP232,EMP1058,EMP464,EMP611,EMP705,EMP1391,EMP1096",10,"{""Design"": 4, ""Graphic"": 4, ""Product"": 2}","{""Principal"": 1, ""Senior"": 2, ""Lead"": 1, ""Mid"": 4, ""Junior"": 2}",37.3,51.5,62.9,54.4,75.3,,65.2,False,,,7.0,,,61.9,100.0,6.0,Active,,,2024-09-06 09:00:00,2024-10-07 09:00:00
TEAM960,Mobile Team 31,PRJ389,2024-04-21,AI-Recommended,EMP1357,"EMP700,EMP1082,EMP740",4,"{""Marketing"": 3, ""Content"": 1}","{""Senior"": 1, ""Principal"": 1, ""Lead"": 1, ""Mid"": 1}",83.7,84.0,90.8,56.1,79.2,87.3,72.6,False,,,8.0,,,39.4,100.0,,On Hold,,,2024-04-21 09:00:00,2024-08-06 12:45:00
TEAM968,Beta Crew 39,PRJ303,2023-05-10,Manual,EMP962,"EMP409,EMP035,EMP1430,EMP361,EMP113,EMP690,EMP1118",8,"{""Senior"": 3, ""Principal"": 3, ""Software"": 2}","{""Principal"": 2, ""Senior"": 3, ""Mid"": 3}",72.7,91.5,65.6,52.6,82.7,,64.6,False,,,8.0,,,4.3,100.0,,Active,,,2023-05-10 09:00:00,2024-08-28 16:30:00
TEAM982,Titan Squad 29,PRJ072,2023-07-02,Manual,EMP1464,"EMP020,EMP513,EMP1237,EMP1092,EMP1255,EMP558,EMP550,EMP1143",9,"{""Financial"": 3, ""Finance"": 4, ""Controller"": 2}","{""Principal"": 3, ""Senior"": 3, ""Lead"": 1, ""Junior"": 2}",31.1,72.2,67.3,66.7,70.4,59.0,65.8,False,,,7.0,,,30.8,100.0,,Disbanded,,Reorganization,2023-07-02 09:00:00,2024-04-25 18:00:00
TEAM983,Backend Crew 21,PRJ466,2024-08-02,Hybrid,EMP1175,"EMP343,EMP785,EMP062,EMP162,EMP251,EMP799,EMP549",8,"{""Software"": 4, ""Senior"": 1, ""Principal"": 1, ""Team"": 2}","{""Senior"": 5, ""Mid"": 2, ""Junior"": 1}",63.9,100.0,65.0,56.1,79.2,83.1,77.1,True,21.0,True,8.0,12.0,8.0,100.3,100.0,6.0,Completed,2024-08-23,Project Complete,2024-08-02 09:00:00,2025-03-10 14:45:00
TEAM988,Velocity Squad 33,PRJ662,2023-09-05,Manual,EMP1022,"EMP339,EMP1026,EMP904,EMP899,EMP793,EMP1308,EMP1293,EMP068,EMP555",10,"{""Project"": 2, ""Operations"": 6, ""Scrum"": 2}","{""Principal"": 1, ""Lead"": 3, ""Senior"": 3, ""Mid"": 3}",23.9,93.9,80.7,53.7,72.9,,84.9,False,,,7.0,,,55.9,100.0,8.0,Active,,,2023-09-05 09:00:00,2024-07-05 14:15:00
TEAM989,DevOps Warriors 24,PRJ426,2023-06-20,Manual,EMP1485,"EMP186,EMP427,EMP1287,EMP561",5,"{""L&D"": 4, ""HR"": 1}","{""Lead"": 1, ""Mid"": 3, ""Senior"": 1}",60.5,90.7,69.7,87.3,78.0,,70.5,False,,,8.0,,,31.2,100.0,6.0,Active,,,2023-06-20 09:00:00,2024-07-17 18:15:00
