employee_id,first_name,last_name,email,department,role,seniority_level,employment_type,hire_date,years_of_experience,current_salary,primary_skills,secondary_skills,certifications,languages_known,technical_proficiency_score,domain_expertise_score,weekly_capacity_hours,is_available,current_project_count,preferred_work_hours,timezone,remote_work_status,historical_performance_score,productivity_trend,average_task_completion_rate,collaboration_score,communication_effectiveness,leadership_potential,stress_level,burnout_risk_score,recent_overtime_hours,days_since_last_leave,work_life_balance_score,preferred_team_size,past_team_members,successful_project_count,failed_project_count,cross_functional_experience,mentoring_experience,last_updated,created_at
EMP001,Elena,Taylor,elena.taylor1@company.com,Design,UI Designer,Junior,Full-time,2024-02-12,0.9,55000,"Illustrator,Sketch","Presentation,Leadership",,"Spanish,Portuguese",5.9,5.2,40.0,True,0,9am-5pm,IST,Remote,79.3,Stable,87.0,5.8,6.1,4.0,Medium,0,11.8,3,6.5,Medium (5-8),,0,1,False,False,2026-02-24 10:00:00,2024-02-12 09:00:00
EMP002,Tom,Jackson,tom.jackson2@company.com,Marketing,SEO Specialist,Mid,Full-time,2018-07-07,1.6,60000,"Content Marketing,Adobe Suite,Email Marketing","PowerPoint,Leadership",,"Portuguese,German,Mandarin",4.3,7.7,40.0,True,0,Flexible,EST,Office,69.8,Increasing,75.0,7.9,7.4,4.5,High,20.0,13.0,311,10.0,Medium (5-8),,2,0,False,False,2026-02-26 10:00:00,2018-07-07 09:00:00
EMP003,Jason,Young,jason.young3@company.com,HR,People Operations,Junior,Full-time,2024-07-22,0.5,36000,"SAP HR,Employment Law","Presentation,Data Analysis",,Portuguese,3.8,5.2,40.0,True,2,Flexible,CET,Remote,80.0,Decreasing,100,6.5,7.0,5.2,High,27.8,8.4,32,5.0,Medium (5-8),,5,1,True,False,2026-02-25 10:00:00,2024-07-22 09:00:00
EMP004,Arjun,Anderson,arjun.anderson4@company.com,Engineering,Team Lead,Senior,Full-time,2020-03-25,7.3,114000,"JavaScript,Django,React,Java","Excel,Leadership",,"Japanese,German,Hindi",8.0,4.3,40.0,True,0,8am-4pm,UTC,Remote,66.9,Stable,73.6,6.2,7.9,7.0,High,26.0,11.3,40,7.6,Large (9+),,15,1,False,True,2026-03-06 10:00:00,2020-03-25 09:00:00
EMP005,Arjun,Chen,arjun.chen5@company.com,Engineering,Team Lead,Junior,Full-time,2025-01-28,0.5,44000,"TypeScript,React","Agile,PowerPoint",Scrum Master,Spanish,5.3,4.7,40.0,True,0,8am-4pm,EST,Hybrid,74.9,Decreasing,80.0,7.1,8.8,4.7,High,35.4,4.9,242,6.8,Small (2-4),,3,1,False,False,2026-02-27 10:00:00,2025-01-28 09:00:00
EMP006,Chloe,Scott,chloe.scott6@company.com,Sales,Sales Representative,Mid,Part-time,2024-03-04,1.6,82000,"Negotiation,Prospecting,Excel","Scrum,Agile",,"German,English",6.6,5.2,20.0,True,0,10am-6pm,UTC,Office,71.5,Decreasing,100,6.0,7.7,6.8,Medium,34.8,0.0,199,6.0,Large (9+),,10,0,False,True,2026-03-11 10:00:00,2024-03-04 09:00:00
EMP007,Fatima,Hall,fatima.hall7@company.com,Operations,Project Coordinator,Junior,Full-time,2024-05-22,1.5,39000,"Project Management,Power BI","Data Analysis,Presentation","PMP,APICS CPIM","Hindi,French,Arabic",5.0,6.1,40.0,True,0,9am-5pm,JST,Office,58.1,Stable,89.4,4.2,6.6,5.2,Medium,55.4,2.6,330,6.1,Small (2-4),,1,1,True,False,2026-03-04 10:00:00,2024-05-22 09:00:00
EMP008,Jason,Singh,jason.singh8@company.com,Design,UI Designer,Lead,Full-time,2019-04-18,11.2,154000,"Sketch,Adobe XD,User Research,Prototyping","Data Analysis,Presentation",,"French,English,Japanese",6.3,7.7,40.0,True,1,10am-6pm,JST,Remote,80.1,Increasing,81.6,6.2,6.4,6.0,Low,42.6,5.5,1,7.4,Medium (5-8),,15,1,True,True,2026-02-20 10:00:00,2019-04-18 09:00:00
EMP009,Daniel,Smith,daniel.smith9@company.com,Engineering,Team Lead,Senior,Part-time,2019-09-26,4.3,111000,"Django,PostgreSQL,TypeScript,React","Data Analysis,Excel",,"German,Japanese,French",7.3,5.9,20.0,True,1,9am-5pm,PST,Remote,93.7,Decreasing,80.3,7.2,6.8,6.0,Low,7.1,5.3,359,8.9,Medium (5-8),,5,1,True,False,2026-02-23 10:00:00,2019-09-26 09:00:00
EMP010,Carlos,Martin,carlos.martin10@company.com,Marketing,Marketing Analyst,Junior,Full-time,2021-07-08,2.4,30000,"SEO,Email Marketing","Agile,Presentation",Meta Blueprint,"Hindi,Portuguese,Mandarin",6.1,6.4,40.0,True,1,10am-6pm,CET,Office,89.1,Decreasing,82.5,8.9,9.7,4.5,High,55.4,3.9,220,5.6,Medium (5-8),,2,1,False,False,2026-03-04 10:00:00,2021-07-08 09:00:00
EMP011,Jason,Walker,jason.walker11@company.com,HR,HR Specialist,Mid,Full-time,2021-08-12,3.0,56000,"HRIS,Training,Recruiting","Communication,Leadership",SHRM-SCP,Arabic,4.7,5.7,40.0,True,1,9am-5pm,AEST,Hybrid,50.7,Increasing,81.8,8.9,6.5,4.6,High,11.3,6.7,120,6.0,Medium (5-8),,5,1,False,True,2026-03-06 10:00:00,2021-08-12 09:00:00
EMP012,Carlos,Thompson,carlos.thompson12@company.com,Sales,Business Development,Junior,Full-time,2019-05-13,0.5,33000,"Negotiation,Salesforce","Presentation,Scrum",,Hindi,5.5,2.7,40.0,True,2,10am-6pm,JST,Remote,41.0,Increasing,100,6.2,5.5,2.9,High,13.9,17.2,230,6.8,Small (2-4),,2,1,False,False,2026-03-11 10:00:00,2019-05-13 09:00:00
EMP013,David,Martinez,david.martinez13@company.com,HR,People Operations,Mid,Full-time,2022-05-15,5.1,77000,"SAP HR,HRIS,Workday","Scrum,PowerPoint",,"Japanese,French,Portuguese",6.9,4.5,40.0,True,0,10am-6pm,AEST,Hybrid,84.7,Increasing,69.7,6.9,7.1,3.8,High,51.9,10.8,279,7.5,Medium (5-8),,4,0,False,False,2026-03-08 10:00:00,2022-05-15 09:00:00
EMP014,Maria,Walker,maria.walker14@company.com,Engineering,Team Lead,Mid,Full-time,2021-08-31,0.5,58000,"Python,PostgreSQL,TypeScript","Communication,Presentation",,"Spanish,German",7.6,4.9,40.0,False,3,10am-6pm,PST,Remote,100,Stable,82.9,7.5,8.5,5.5,High,26.2,19.1,20,7.1,Medium (5-8),,6,1,True,False,2026-02-23 10:00:00,2021-08-31 09:00:00
EMP015,Arjun,Martinez,arjun.martinez15@company.com,Engineering,Team Lead,Mid,Contract,2020-03-23,0.5,87000,"GCP,Python,React","Scrum,Data Analysis",AWS Certified,"Arabic,French",7.2,6.2,35.0,True,1,Flexible,PST,Remote,88.6,Stable,93.3,8.0,5.7,8.4,High,64.6,10.7,338,5.3,Medium (5-8),,4,1,False,False,2026-02-15 10:00:00,2020-03-23 09:00:00
EMP016,Nadia,Anderson,nadia.anderson16@company.com,Engineering,Team Lead,Lead,Full-time,2023-03-19,11.3,103000,"React,Django,MongoDB,Kubernetes","PowerPoint,Agile",Scrum Master,Spanish,6.8,6.5,40.0,True,2,Flexible,IST,Office,84.0,Stable,85.9,7.8,7.3,5.6,High,2.4,3.8,123,5.9,Medium (5-8),,9,1,False,True,2026-02-24 10:00:00,2023-03-19 09:00:00
EMP017,Kevin,Scott,kevin.scott17@company.com,Marketing,SEO Specialist,Senior,Full-time,2020-02-28,6.0,107000,"Content Marketing,Copywriting,Google Analytics,Email Marketing","Presentation,Agile",,"Spanish,English",5.9,8.1,40.0,True,1,8am-4pm,UTC,Remote,79.1,Stable,98.3,6.7,8.6,6.2,Low,0,5.9,184,6.6,Large (9+),,8,1,True,True,2026-03-01 10:00:00,2020-02-28 09:00:00
EMP018,Aisha,Johnson,aisha.johnson18@company.com,HR,HR Specialist,Mid,Full-time,2019-09-14,2.7,77000,"Workday,Employment Law,Conflict Resolution","Communication,Presentation","SHRM-CP,SHRM-SCP","Spanish,French",6.8,4.1,40.0,True,0,10am-6pm,PST,Office,100,Stable,73.3,6.6,5.6,4.1,High,4.4,17.2,219,7.0,Small (2-4),,4,0,True,False,2026-03-04 10:00:00,2019-09-14 09:00:00
EMP019,Oliver,Martin,oliver.martin19@company.com,Design,Product Designer,Junior,Full-time,2024-08-12,0.5,56000,"Sketch,Photoshop","Data Analysis,PowerPoint",,"Mandarin,Hindi",3.8,2.1,40.0,False,3,Flexible,CET,Remote,78.4,Increasing,87.7,7.6,7.8,4.8,High,30.5,8.8,239,5.6,Small (2-4),,0,0,False,False,2026-02-17 10:00:00,2024-08-12 09:00:00
EMP020,David,Taylor,david.taylor20@company.com,Operations,Project Coordinator,Mid,Full-time,2021-02-13,0.5,75000,"Project Management,Supply Chain,Power BI","Agile,Excel",PMP,"Portuguese,English",7.0,4.5,40.0,True,0,9am-5pm,EST,Hybrid,61.5,Stable,72.9,7.2,6.8,5.9,Medium,19.3,18.9,281,5.3,Large (9+),,10,1,False,True,2026-02-24 10:00:00,2021-02-13 09:00:00
EMP021,Aisha,Young,aisha.young21@company.com,Sales,Sales Manager,Mid,Full-time,2024-10-29,5.4,89000,"Excel,Prospecting,Communication","PowerPoint,Data Analysis",,"Portuguese,French,Japanese",6.3,3.6,40.0,True,2,Flexible,AEST,Office,57.6,Increasing,79.0,10.0,9.1,6.7,Low,13.4,10.0,149,5.3,Small (2-4),,6,1,True,False,2026-02-23 10:00:00,2024-10-29 09:00:00
EMP022,Zara,Rodriguez,zara.rodriguez22@company.com,Design,Product Designer,Lead,Full-time,2023-06-07,9.9,116000,"Illustrator,Prototyping,Adobe XD,User Research","Communication,Leadership","Interaction Design Foundation,Adobe Certified","Spanish,Arabic",8.4,5.9,40.0,True,2,Flexible,CET,Office,68.4,Stable,100,4.5,7.1,8.4,High,56.8,14.1,195,7.2,Small (2-4),,17,1,True,False,2026-03-01 10:00:00,2023-06-07 09:00:00
EMP023,Fatima,Scott,fatima.scott23@company.com,Design,UI Designer,Lead,Part-time,2021-07-21,10.9,115000,"Adobe XD,Prototyping,Sketch,Figma","Communication,Excel",,"Japanese,French",5.9,5.4,20.0,False,3,8am-4pm,CET,Office,74.3,Increasing,81.1,8.5,7.7,10.0,High,0,19.6,324,6.3,Small (2-4),,14,1,True,False,2026-03-06 10:00:00,2021-07-21 09:00:00
EMP024,Sarah,White,sarah.white24@company.com,HR,Recruiter,Junior,Full-time,2023-02-26,0.5,44000,"Recruiting,HRIS","Scrum,Presentation",,"Hindi,English,Japanese",5.1,5.4,40.0,True,1,8am-4pm,AEST,Hybrid,47.7,Stable,100,8.3,8.0,4.4,High,8.7,20.0,247,6.8,Large (9+),,3,1,True,False,2026-02-17 10:00:00,2023-02-26 09:00:00
EMP025,Hina,Hall,hina.hall25@company.com,Operations,Project Coordinator,Senior,Full-time,2025-05-24,4.6,84000,"Excel,ERP,Power BI,Project Management","Presentation,Scrum",Lean Six Sigma Green Belt,"Spanish,Arabic",6.4,5.7,40.0,True,0,Flexible,UTC,Hybrid,86.2,Stable,74.8,6.5,8.2,4.0,Medium,9.4,6.5,212,6.9,Small (2-4),,6,0,False,False,2026-03-13 10:00:00,2025-05-24 09:00:00
EMP026,Emma,Jackson,emma.jackson26@company.com,Marketing,Marketing Analyst,Mid,Full-time,2020-12-09,3.2,53000,"A/B Testing,Google Analytics,SEO","Communication,Data Analysis",,Portuguese,4.9,5.9,40.0,True,1,10am-6pm,IST,Office,69.9,Decreasing,69.3,7.3,8.0,4.8,High,59.4,18.2,154,7.6,Small (2-4),,8,1,True,False,2026-03-10 10:00:00,2020-12-09 09:00:00
EMP027,Zara,White,zara.white27@company.com,Operations,Logistics,Senior,Contract,2020-06-08,5.6,122000,"Power BI,Excel,Project Management,Supply Chain","Agile,Leadership",,Spanish,4.3,7.3,35.0,True,2,9am-5pm,PST,Remote,86.8,Stable,91.9,3.8,6.1,5.1,Low,40.6,19.0,232,7.4,Large (9+),,7,0,False,True,2026-03-09 10:00:00,2020-06-08 09:00:00
EMP028,Alex,Rodriguez,alex.rodriguez28@company.com,Finance,Finance Manager,Senior,Full-time,2018-04-16,6.6,109000,"Bloomberg,Financial Modeling,VBA,Excel","Presentation,PowerPoint","CPA,FRM","Japanese,Spanish",7.3,6.7,40.0,True,0,Flexible,IST,Office,56.5,Increasing,84.5,7.3,6.9,4.3,High,7.0,11.9,231,7.0,Medium (5-8),,15,3,True,True,2026-02-25 10:00:00,2018-04-16 09:00:00
EMP029,Oliver,Martinez,oliver.martinez29@company.com,Marketing,Campaign Manager,Mid,Full-time,2025-05-05,2.7,65000,"Copywriting,Google Analytics,A/B Testing","Leadership,Communication",Google Analytics Certified,"French,English",4.8,3.7,40.0,True,1,9am-5pm,PST,Office,49.3,Decreasing,91.9,5.1,8.2,3.3,Medium,44.2,13.3,191,8.7,Large (9+),,10,2,True,True,2026-03-04 10:00:00,2025-05-05 09:00:00
EMP030,Daniel,Patel,daniel.patel30@company.com,Marketing,Marketing Analyst,Mid,Full-time,2025-05-13,1.8,49000,"Content Marketing,Copywriting,Email Marketing","Presentation,Excel",,Japanese,6.0,4.5,40.0,True,0,Flexible,PST,Office,84.4,Stable,84.0,5.4,7.8,2.6,Low,2.3,13.9,14,5.1,Small (2-4),,4,0,True,False,2026-03-03 10:00:00,2025-05-13 09:00:00
EMP031,Michael,Thomas,michael.thomas31@company.com,Operations,Operations Analyst,Lead,Full-time,2018-12-01,10.0,123000,"Excel,Project Management,Power BI,Supply Chain","Presentation,Leadership",,"Mandarin,Spanish",7.2,9.0,40.0,False,3,Flexible,UTC,Hybrid,62.3,Increasing,76.6,7.3,8.4,6.5,High,33.0,9.7,341,6.1,Small (2-4),,13,2,True,True,2026-02-14 10:00:00,2018-12-01 09:00:00
EMP032,Mei,Young,mei.young32@company.com,Design,UI Designer,Mid,Full-time,2018-11-15,3.5,78000,"Adobe XD,Illustrator,Photoshop","Scrum,Presentation",,"Mandarin,German",4.8,3.7,40.0,False,3,10am-6pm,EST,Remote,63.6,Stable,80.5,8.2,7.7,5.1,High,47.1,1.8,54,3.6,Medium (5-8),,4,0,False,True,2026-03-09 10:00:00,2018-11-15 09:00:00
EMP033,Jason,Johnson,jason.johnson33@company.com,Marketing,Content Strategist,Junior,Full-time,2025-01-16,0.5,42000,"Google Analytics,Content Marketing","Leadership,Excel",,"Hindi,Spanish",3.3,4.6,40.0,False,3,8am-4pm,AEST,Office,61.6,Stable,64.2,4.8,4.2,2.7,Medium,72.7,1.4,226,4.7,Large (9+),,0,1,False,False,2026-02-21 10:00:00,2025-01-16 09:00:00
EMP034,Chloe,Singh,chloe.singh34@company.com,Sales,Sales Manager,Senior,Full-time,2018-09-11,4.0,73000,"Prospecting,Negotiation,HubSpot,CRM","Agile,Communication",Salesforce Certified,"Hindi,Portuguese",7.2,8.1,40.0,True,0,Flexible,JST,Office,42.9,Increasing,76.8,7.0,7.0,7.7,High,10.3,18.4,198,5.6,Large (9+),,14,2,False,True,2026-02-20 10:00:00,2018-09-11 09:00:00
EMP035,Arjun,White,arjun.white35@company.com,HR,Recruiter,Mid,Contract,2021-09-07,2.0,79000,"Training,Recruiting,Employment Law","Communication,Agile",,"French,Portuguese",6.4,3.8,35.0,True,0,Flexible,AEST,Office,64.3,Stable,74.7,6.3,7.9,5.7,High,37.6,3.8,70,7.2,Small (2-4),,4,1,True,False,2026-02-16 10:00:00,2021-09-07 09:00:00
EMP036,Ryan,Taylor,ryan.taylor36@company.com,HR,Recruiter,Mid,Full-time,2023-04-06,3.5,75000,"SAP HR,Workday,Employment Law","Leadership,Agile",,Hindi,5.4,4.7,40.0,False,3,Flexible,UTC,Hybrid,58.0,Stable,75.1,7.2,5.9,6.5,Low,28.5,5.0,328,5.7,Medium (5-8),,10,0,False,True,2026-03-12 10:00:00,2023-04-06 09:00:00
EMP037,James,Harris,james.harris37@company.com,HR,HR Manager,Junior,Contract,2019-02-10,0.5,46000,"Employment Law,Conflict Resolution","Scrum,Communication",SHRM-CP,German,5.8,3.0,35.0,True,1,10am-6pm,JST,Remote,78.4,Decreasing,89.3,7.9,5.4,6.0,Low,48.9,18.1,9,6.4,Medium (5-8),,5,1,True,False,2026-03-04 10:00:00,2019-02-10 09:00:00
EMP038,Arjun,Johnson,arjun.johnson38@company.com,HR,HR Specialist,Senior,Full-time,2022-09-03,8.8,108000,"Conflict Resolution,Recruiting,Employment Law,Workday","Excel,Communication",SHRM-SCP,"French,Arabic,Mandarin",8.0,5.2,40.0,True,0,Flexible,EST,Remote,70.3,Stable,74.3,7.9,4.8,2.9,Low,20.3,4.8,336,6.9,Medium (5-8),,14,0,False,True,2026-02-16 10:00:00,2022-09-03 09:00:00
EMP039,Arjun,White,arjun.white39@company.com,Sales,Sales Representative,Mid,Full-time,2023-04-24,0.5,81000,"Communication,Prospecting,Negotiation","Presentation,Scrum",,Japanese,5.8,7.4,40.0,True,1,8am-4pm,EST,Office,66.6,Stable,100,8.7,7.5,4.9,Medium,60.5,14.9,197,6.0,Large (9+),,4,1,True,True,2026-02-27 10:00:00,2023-04-24 09:00:00
EMP040,Carlos,Brown,carlos.brown40@company.com,Marketing,Campaign Manager,Junior,Part-time,2021-12-15,1.3,39000,"Content Marketing,Google Analytics","PowerPoint,Scrum","HubSpot Marketing,Meta Blueprint","English,French,Mandarin",4.3,3.1,20.0,True,0,Flexible,EST,Remote,55.7,Stable,95.7,7.8,5.6,6.5,Low,42.1,15.6,17,8.1,Medium (5-8),,2,1,False,True,2026-03-13 10:00:00,2021-12-15 09:00:00
EMP041,Nadia,Jackson,nadia.jackson41@company.com,Design,UX Researcher,Mid,Full-time,2020-12-02,1.4,66000,"Photoshop,User Research,Sketch","Presentation,Scrum",,"French,Mandarin,Hindi",5.6,4.6,40.0,True,2,Flexible,IST,Office,57.0,Stable,48.9,7.2,7.6,6.1,Low,30.5,16.2,163,5.3,Small (2-4),,3,0,False,True,2026-03-09 10:00:00,2020-12-02 09:00:00
EMP042,Aisha,White,aisha.white42@company.com,Finance,Financial Analyst,Junior,Full-time,2023-05-15,0.5,33000,"VBA,Excel","Excel,Data Analysis",,"German,Mandarin,Hindi",4.7,4.7,40.0,True,2,9am-5pm,CET,Office,67.8,Decreasing,76.2,6.0,6.5,3.3,Low,26.2,10.1,28,5.7,Medium (5-8),,0,1,True,False,2026-03-08 10:00:00,2023-05-15 09:00:00
EMP043,Daniel,Young,daniel.young43@company.com,Finance,Accountant,Junior,Full-time,2024-04-27,1.6,41000,"SAP,Financial Modeling","Scrum,Excel",CPA,Arabic,6.9,5.1,40.0,True,0,Flexible,IST,Remote,88.5,Decreasing,87.0,5.5,6.2,4.7,Medium,4.4,17.8,279,5.6,Medium (5-8),,3,1,True,False,2026-02-17 10:00:00,2024-04-27 09:00:00
EMP044,David,Martin,david.martin44@company.com,Marketing,Marketing Analyst,Mid,Full-time,2020-12-31,6.1,64000,"Copywriting,Content Marketing,Social Media","Communication,Data Analysis",Meta Blueprint,German,6.0,8.1,40.0,False,3,8am-4pm,PST,Office,81.0,Stable,83.2,9.4,7.6,6.4,Medium,29.3,19.9,239,7.3,Large (9+),,7,0,True,False,2026-03-13 10:00:00,2020-12-31 09:00:00
EMP045,Alex,Brown,alex.brown45@company.com,Operations,Operations Analyst,Mid,Part-time,2022-02-07,2.1,52000,"ERP,Excel,Power BI","Excel,Leadership","APICS CPIM,Lean Six Sigma Green Belt",English,6.1,5.5,20.0,True,1,Flexible,EST,Hybrid,65.6,Stable,89.3,6.0,7.9,2.6,High,13.5,2.4,49,4.4,Small (2-4),,7,1,False,True,2026-02-22 10:00:00,2022-02-07 09:00:00
EMP046,Tom,Martinez,tom.martinez46@company.com,Design,Graphic Designer,Mid,Full-time,2023-09-19,4.2,53000,"Photoshop,Adobe XD,Figma","Data Analysis,Leadership",,"German,English,Hindi",5.5,4.7,40.0,True,2,8am-4pm,AEST,Office,93.0,Decreasing,80.6,7.5,6.1,5.9,Low,12.1,13.1,296,5.8,Large (9+),,3,0,True,False,2026-02-18 10:00:00,2023-09-19 09:00:00
EMP047,Aisha,Johnson,aisha.johnson47@company.com,Engineering,Senior Engineer,Mid,Full-time,2022-03-24,4.2,69000,"AWS,FastAPI,Docker","PowerPoint,Agile","Scrum Master,CKA","Hindi,Portuguese,English",5.6,6.1,40.0,True,2,Flexible,JST,Remote,54.7,Increasing,78.7,8.2,5.7,5.7,Low,10.2,5.6,152,7.1,Large (9+),,10,1,False,False,2026-03-02 10:00:00,2022-03-24 09:00:00
EMP048,Priya,Johnson,priya.johnson48@company.com,HR,HR Manager,Senior,Full-time,2024-01-16,10.0,97000,"Recruiting,Employment Law,HRIS,SAP HR","Data Analysis,PowerPoint","SHRM-CP,PHR","English,Spanish,Mandarin",7.9,6.2,40.0,True,1,8am-4pm,AEST,Hybrid,77.7,Stable,83.7,8.8,5.3,5.7,Medium,14.1,13.6,70,8.0,Large (9+),,7,0,False,True,2026-03-08 10:00:00,2024-01-16 09:00:00
EMP049,Oliver,Rodriguez,oliver.rodriguez49@company.com,Design,Graphic Designer,Lead,Full-time,2021-10-04,9.3,126000,"Photoshop,Prototyping,Adobe XD,User Research","Scrum,Data Analysis",Interaction Design Foundation,"Spanish,French",6.8,10.0,40.0,False,3,Flexible,PST,Office,76.9,Stable,79.6,6.0,7.0,7.4,High,8.3,14.4,7,6.3,Small (2-4),,13,1,False,True,2026-02-18 10:00:00,2021-10-04 09:00:00
EMP050,Jason,Anderson,jason.anderson50@company.com,Finance,Financial Analyst,Mid,Full-time,2020-08-25,0.5,74000,"SAP,Risk Analysis,Bloomberg","Data Analysis,Scrum","CFA,CPA","Spanish,Arabic,Hindi",6.0,5.0,40.0,True,2,10am-6pm,CET,Office,83.5,Stable,77.8,5.4,8.1,4.8,Low,3.2,19.8,191,6.7,Large (9+),,7,0,False,True,2026-03-09 10:00:00,2020-08-25 09:00:00
EMP051,Carlos,Kumar,carlos.kumar51@company.com,Sales,Sales Manager,Lead,Full-time,2023-06-26,9.0,101000,"CRM,Prospecting,Negotiation,Excel","Communication,Data Analysis",,French,8.4,8.0,40.0,True,0,10am-6pm,JST,Hybrid,58.2,Stable,86.5,6.6,7.1,4.3,High,33.5,5.1,1,6.4,Large (9+),,17,3,True,False,2026-03-10 10:00:00,2023-06-26 09:00:00
EMP052,Oliver,Johnson,oliver.johnson52@company.com,Sales,Business Development,Mid,Full-time,2020-07-01,0.5,78000,"Excel,CRM,Salesforce","PowerPoint,Communication",,"English,German",4.4,6.7,40.0,False,3,10am-6pm,CET,Hybrid,70.2,Stable,64.8,6.6,7.0,6.7,High,25.5,13.2,314,6.1,Large (9+),,2,1,False,False,2026-03-06 10:00:00,2020-07-01 09:00:00
EMP053,Nadia,Anderson,nadia.anderson53@company.com,Operations,Operations Manager,Mid,Full-time,2019-08-10,3.0,62000,"Excel,ERP,Supply Chain","Scrum,Leadership",,"Arabic,German,Japanese",7.0,5.3,40.0,False,3,10am-6pm,IST,Remote,70.7,Stable,86.4,9.3,6.2,7.1,Medium,10.2,0.9,176,8.6,Small (2-4),,6,0,False,False,2026-03-05 10:00:00,2019-08-10 09:00:00
EMP054,Michael,Wilson,michael.wilson54@company.com,Sales,Sales Manager,Senior,Contract,2022-02-28,5.2,120000,"Salesforce,Excel,CRM,Prospecting","PowerPoint,Agile","Challenger Sales,Salesforce Certified",Portuguese,7.5,6.6,35.0,True,0,8am-4pm,UTC,Office,80.8,Stable,87.5,6.4,7.1,3.7,Medium,36.1,6.1,7,9.7,Medium (5-8),,8,1,True,False,2026-02-26 10:00:00,2022-02-28 09:00:00
EMP055,Emma,Chen,emma.chen55@company.com,Operations,Operations Manager,Lead,Full-time,2020-06-25,8.3,142000,"Supply Chain,Power BI,Lean Six Sigma,ERP","Agile,Leadership",,"French,English",7.4,7.0,40.0,False,3,10am-6pm,UTC,Office,69.8,Stable,89.3,7.2,8.5,7.0,High,50.3,5.1,250,8.6,Large (9+),,6,0,False,False,2026-03-09 10:00:00,2020-06-25 09:00:00
EMP056,Lisa,Nguyen,lisa.nguyen56@company.com,Engineering,Senior Engineer,Mid,Full-time,2024-12-05,2.1,54000,"TypeScript,FastAPI,MongoDB","Excel,Leadership",,"Mandarin,Hindi",4.0,6.9,40.0,True,0,9am-5pm,JST,Office,62.8,Decreasing,95.7,7.1,8.5,5.4,Medium,61.4,13.5,91,6.8,Medium (5-8),,3,1,False,False,2026-02-17 10:00:00,2024-12-05 09:00:00
EMP057,Alex,Hall,alex.hall57@company.com,Engineering,Software Engineer,Mid,Full-time,2019-12-03,0.5,72000,"Java,Rust,Node.js","Agile,Communication",,"Japanese,Spanish,French",7.5,6.6,40.0,True,2,9am-5pm,CET,Office,50.3,Decreasing,75.1,8.2,7.8,6.3,High,28.6,5.4,38,6.0,Small (2-4),,5,1,False,False,2026-03-02 10:00:00,2019-12-03 09:00:00
EMP058,Maria,Chen,maria.chen58@company.com,Engineering,Software Engineer,Mid,Part-time,2021-10-27,1.4,58000,"AWS,PostgreSQL,Docker","Leadership,Communication",Google Cloud Professional,"French,Japanese,Portuguese",5.0,2.8,20.0,True,2,9am-5pm,EST,Hybrid,54.1,Stable,90.9,7.2,8.4,5.2,Medium,0,13.2,43,7.4,Medium (5-8),,3,0,True,False,2026-02-27 10:00:00,2021-10-27 09:00:00
EMP059,James,Lee,james.lee59@company.com,Finance,Controller,Junior,Full-time,2021-08-21,0.5,41000,"Excel,Financial Modeling","Scrum,Excel",CFP,Mandarin,5.1,4.4,40.0,False,3,Flexible,AEST,Office,68.2,Stable,85.7,9.1,5.5,6.4,Medium,21.4,3.4,137,5.9,Medium (5-8),,1,1,False,False,2026-03-01 10:00:00,2021-08-21 09:00:00
EMP060,Yuki,Chen,yuki.chen60@company.com,Operations,Operations Manager,Mid,Full-time,2025-04-20,4.2,75000,"Supply Chain,ERP,Project Management","PowerPoint,Presentation","PMP,APICS CPIM","German,Arabic",5.7,4.1,40.0,True,1,8am-4pm,AEST,Hybrid,98.3,Stable,76.8,7.1,6.2,6.1,High,59.2,6.5,143,6.0,Medium (5-8),,3,1,False,True,2026-03-11 10:00:00,2025-04-20 09:00:00
EMP061,Arjun,Walker,arjun.walker61@company.com,HR,People Operations,Mid,Full-time,2022-09-10,5.2,60000,"Conflict Resolution,SAP HR,Workday","Scrum,Communication",,Portuguese,4.1,4.8,40.0,True,2,10am-6pm,PST,Remote,65.4,Stable,65.5,4.8,5.5,6.2,Low,34.6,12.9,22,4.5,Large (9+),,10,2,False,False,2026-02-26 10:00:00,2022-09-10 09:00:00
EMP062,James,Young,james.young62@company.com,Engineering,Team Lead,Mid,Contract,2019-04-21,1.7,78000,"TypeScript,Rust,Node.js","PowerPoint,Presentation",,"Portuguese,Japanese",4.4,4.8,35.0,True,1,10am-6pm,IST,Office,81.0,Stable,73.8,6.9,8.6,6.7,Low,13.7,2.3,175,9.1,Medium (5-8),,5,1,False,True,2026-02-28 10:00:00,2019-04-21 09:00:00
EMP063,Chris,Lee,chris.lee63@company.com,HR,HR Specialist,Senior,Full-time,2018-09-14,6.0,72000,"SAP HR,Employment Law,HRIS,Workday","Leadership,Agile",,Hindi,5.0,5.3,40.0,True,1,8am-4pm,EST,Hybrid,66.7,Increasing,87.9,8.3,8.2,2.2,Medium,28.4,12.2,300,7.6,Small (2-4),,6,1,False,False,2026-02-21 10:00:00,2018-09-14 09:00:00
EMP064,Ryan,Singh,ryan.singh64@company.com,Finance,Accountant,Mid,Full-time,2019-07-29,3.4,77000,"Financial Modeling,Excel,Bloomberg","Communication,Scrum",,"German,Hindi",7.6,3.6,40.0,True,0,9am-5pm,AEST,Office,55.6,Decreasing,76.4,7.1,5.9,6.6,Medium,16.7,16.8,250,5.1,Small (2-4),,9,1,False,True,2026-02-27 10:00:00,2019-07-29 09:00:00
EMP065,Kevin,Scott,kevin.scott65@company.com,Finance,Accountant,Principal,Full-time,2021-05-04,16.2,124000,"Financial Modeling,VBA,Risk Analysis,Excel","Agile,Presentation",CFA,"Hindi,Portuguese,Arabic",8.4,7.9,40.0,True,2,10am-6pm,JST,Remote,59.2,Increasing,98.0,3.4,8.4,7.9,High,10.5,17.2,312,5.9,Medium (5-8),,24,0,True,False,2026-03-06 10:00:00,2021-05-04 09:00:00
EMP066,Oliver,Johnson,oliver.johnson66@company.com,Sales,Sales Manager,Senior,Full-time,2022-05-28,5.3,80000,"Communication,Prospecting,Negotiation,CRM","Scrum,Leadership",Salesforce Certified,"Hindi,Mandarin",6.7,6.2,40.0,False,3,9am-5pm,UTC,Office,84.3,Decreasing,98.8,8.0,7.1,4.6,High,2.8,11.6,47,7.0,Large (9+),,13,0,False,False,2026-02-16 10:00:00,2022-05-28 09:00:00
EMP067,Nathan,Brown,nathan.brown67@company.com,Operations,Logistics,Junior,Contract,2022-10-19,1.4,51000,"Power BI,Lean Six Sigma","Scrum,Agile",,German,5.5,6.3,35.0,True,1,9am-5pm,AEST,Hybrid,79.5,Increasing,77.3,8.7,5.3,5.7,High,35.5,18.1,84,8.5,Medium (5-8),,0,0,False,False,2026-02-19 10:00:00,2022-10-19 09:00:00
EMP068,Lisa,Rodriguez,lisa.rodriguez68@company.com,Sales,Business Development,Junior,Full-time,2019-02-24,1.2,50000,"Prospecting,HubSpot","Data Analysis,Scrum",,French,5.6,4.1,40.0,True,1,9am-5pm,EST,Office,83.2,Stable,73.5,5.6,8.4,5.3,Low,0,12.6,77,7.4,Small (2-4),,4,1,False,False,2026-02-22 10:00:00,2019-02-24 09:00:00
EMP069,Michael,Nguyen,michael.nguyen69@company.com,Finance,Finance Manager,Senior,Full-time,2021-05-20,7.3,82000,"QuickBooks,VBA,Financial Modeling,SAP","Scrum,Excel","CFA,FRM",English,7.0,7.9,40.0,True,1,8am-4pm,IST,Office,71.9,Stable,74.6,9.4,7.9,7.8,Medium,18.4,12.8,36,2.4,Large (9+),,5,0,True,True,2026-03-01 10:00:00,2021-05-20 09:00:00
EMP070,Kevin,Patel,kevin.patel70@company.com,Engineering,QA Engineer,Mid,Full-time,2018-12-09,1.8,65000,"JavaScript,React,Java","Data Analysis,Presentation","AWS Certified,CKA","French,Spanish,English",6.9,6.0,40.0,True,2,Flexible,EST,Office,92.9,Decreasing,72.0,8.1,7.9,3.3,High,0,4.8,125,7.9,Large (9+),,4,0,True,False,2026-02-17 10:00:00,2018-12-09 09:00:00
EMP071,Daniel,Rodriguez,daniel.rodriguez71@company.com,Operations,Operations Manager,Senior,Full-time,2022-10-25,7.1,92000,"Project Management,Lean Six Sigma,Power BI,Excel","Agile,PowerPoint",,Portuguese,6.5,6.7,40.0,True,0,9am-5pm,CET,Hybrid,57.7,Stable,83.3,9.2,7.8,6.5,Low,35.1,4.6,260,9.5,Large (9+),,15,3,True,True,2026-03-10 10:00:00,2022-10-25 09:00:00
EMP072,Elena,Nguyen,elena.nguyen72@company.com,Finance,Financial Analyst,Junior,Part-time,2018-07-08,0.5,47000,"VBA,Financial Modeling","PowerPoint,Leadership",,German,4.9,3.5,20.0,True,2,9am-5pm,EST,Office,74.1,Decreasing,77.1,8.3,7.8,4.6,Medium,24.0,7.4,252,5.4,Large (9+),,2,0,False,True,2026-03-06 10:00:00,2018-07-08 09:00:00
EMP073,Emma,Garcia,emma.garcia73@company.com,HR,People Operations,Principal,Contract,2018-06-29,15.8,175000,"HRIS,Workday,Conflict Resolution,Employment Law","Scrum,Agile","PHR,SHRM-SCP",Spanish,10.0,6.9,35.0,False,3,Flexible,AEST,Remote,68.5,Stable,73.8,7.5,6.9,8.4,Low,31.1,11.8,31,2.9,Small (2-4),,12,2,True,True,2026-02-27 10:00:00,2018-06-29 09:00:00
EMP074,David,Kumar,david.kumar74@company.com,Marketing,Campaign Manager,Mid,Full-time,2019-10-08,4.0,73000,"Google Analytics,Social Media,A/B Testing","PowerPoint,Communication",Google Analytics Certified,Spanish,5.0,4.9,40.0,True,1,Flexible,AEST,Remote,56.3,Decreasing,87.6,6.1,7.8,5.9,High,41.1,16.4,89,6.9,Small (2-4),,2,0,True,False,2026-03-13 10:00:00,2019-10-08 09:00:00
EMP075,Carlos,Hall,carlos.hall75@company.com,Engineering,Senior Engineer,Lead,Full-time,2021-09-20,12.2,160000,"Java,PostgreSQL,GCP,Go","Data Analysis,PowerPoint",,"French,Japanese",9.1,9.2,40.0,True,0,Flexible,IST,Office,79.7,Stable,94.4,7.5,5.9,9.1,Low,30.6,18.2,140,5.9,Small (2-4),,16,1,False,False,2026-02-16 10:00:00,2021-09-20 09:00:00
EMP076,Ryan,Hall,ryan.hall76@company.com,HR,HR Manager,Lead,Full-time,2022-05-10,13.1,129000,"Training,HRIS,Employment Law,SAP HR","Agile,Scrum",,"Mandarin,Portuguese,Hindi",7.6,7.0,40.0,True,2,8am-4pm,CET,Hybrid,70.3,Increasing,100,8.3,5.0,6.4,Low,48.7,5.3,28,7.8,Small (2-4),,17,2,False,False,2026-03-08 10:00:00,2022-05-10 09:00:00
EMP077,Nathan,White,nathan.white77@company.com,HR,HR Specialist,Junior,Full-time,2018-01-03,0.9,53000,"Workday,Conflict Resolution","Scrum,Presentation",,"French,Portuguese",4.3,5.9,40.0,True,1,Flexible,EST,Office,68.0,Stable,88.3,7.8,4.7,5.3,Low,29.1,15.5,269,8.9,Large (9+),,3,1,False,False,2026-02-23 10:00:00,2018-01-03 09:00:00
EMP078,Elena,Smith,elena.smith78@company.com,Operations,Project Coordinator,Mid,Full-time,2021-04-21,0.5,81000,"ERP,Project Management,Lean Six Sigma","Agile,Excel",,Mandarin,7.0,8.2,40.0,False,3,9am-5pm,IST,Hybrid,62.8,Increasing,93.2,5.3,6.3,4.9,High,29.7,18.7,72,8.4,Medium (5-8),,2,1,True,False,2026-02-18 10:00:00,2021-04-21 09:00:00
EMP079,Kevin,Martin,kevin.martin79@company.com,HR,Recruiter,Lead,Full-time,2019-02-20,8.6,146000,"Recruiting,Workday,Employment Law,SAP HR","Communication,PowerPoint",,Mandarin,8.2,5.3,40.0,True,1,Flexible,PST,Remote,74.4,Stable,86.3,7.6,6.2,5.4,Low,69.7,17.8,82,6.3,Small (2-4),,9,1,False,False,2026-03-10 10:00:00,2019-02-20 09:00:00
EMP080,Yuki,Garcia,yuki.garcia80@company.com,Engineering,DevOps Engineer,Mid,Part-time,2019-09-22,0.6,70000,"MongoDB,JavaScript,GCP","Scrum,Leadership",Scrum Master,"English,Hindi",5.8,7.3,20.0,False,3,9am-5pm,JST,Hybrid,83.7,Decreasing,83.7,7.3,7.5,6.4,Low,17.8,9.8,338,7.9,Medium (5-8),,9,1,True,False,2026-02-16 10:00:00,2019-09-22 09:00:00
EMP081,Raj,Kumar,raj.kumar81@company.com,Finance,Controller,Principal,Full-time,2023-11-11,12.3,144000,"VBA,SAP,Financial Modeling,Bloomberg","PowerPoint,Scrum",,"Spanish,Japanese",7.1,8.8,40.0,False,3,8am-4pm,CET,Hybrid,64.1,Stable,79.8,6.6,8.1,7.9,High,20.8,16.0,346,7.3,Small (2-4),,12,2,True,False,2026-02-24 10:00:00,2023-11-11 09:00:00
EMP082,Jason,Brown,jason.brown82@company.com,Marketing,SEO Specialist,Mid,Contract,2018-02-20,2.4,73000,"Email Marketing,Social Media,Content Marketing","Scrum,Agile",Meta Blueprint,French,4.4,4.2,35.0,False,3,10am-6pm,UTC,Office,70.2,Stable,90.6,8.3,4.3,3.4,Low,16.5,5.7,274,6.2,Medium (5-8),,8,0,False,False,2026-02-26 10:00:00,2018-02-20 09:00:00
EMP083,Lisa,Johnson,lisa.johnson83@company.com,Marketing,SEO Specialist,Junior,Part-time,2023-07-07,0.5,50000,"Email Marketing,A/B Testing","Communication,Presentation",,"Portuguese,Japanese,Spanish",6.0,3.1,20.0,True,1,8am-4pm,UTC,Hybrid,93.6,Increasing,100,4.9,7.8,4.3,Low,45.6,8.8,208,6.4,Large (9+),,4,0,True,False,2026-02-19 10:00:00,2023-07-07 09:00:00
EMP084,Chloe,Chen,chloe.chen84@company.com,Sales,Sales Manager,Mid,Full-time,2022-06-14,0.5,66000,"CRM,Salesforce,HubSpot","PowerPoint,Scrum",,"German,Hindi,Mandarin",5.4,6.5,40.0,False,3,10am-6pm,CET,Remote,74.2,Stable,91.9,9.2,6.0,4.6,Medium,24.8,5.7,197,4.2,Medium (5-8),,10,0,False,False,2026-03-06 10:00:00,2022-06-14 09:00:00
EMP085,Daniel,Martin,daniel.martin85@company.com,Marketing,SEO Specialist,Senior,Full-time,2021-11-29,5.5,131000,"SEO,Social Media,Google Analytics,Content Marketing","Presentation,Agile",,"Hindi,German,Spanish",5.9,6.5,40.0,True,2,10am-6pm,JST,Remote,62.1,Decreasing,66.3,6.6,7.3,3.9,High,22.9,11.2,304,5.5,Large (9+),,7,0,False,False,2026-02-21 10:00:00,2021-11-29 09:00:00
EMP086,Aisha,Taylor,aisha.taylor86@company.com,HR,HR Manager,Mid,Full-time,2022-05-10,1.7,68000,"HRIS,Workday,Recruiting","Data Analysis,Leadership","PHR,SHRM-CP","Spanish,German",4.5,7.6,40.0,True,2,9am-5pm,IST,Remote,71.3,Decreasing,82.0,6.2,4.9,4.7,High,0,16.8,285,6.4,Medium (5-8),,5,1,False,False,2026-02-14 10:00:00,2022-05-10 09:00:00
EMP087,Carlos,Smith,carlos.smith87@company.com,Design,UI Designer,Mid,Full-time,2023-12-11,4.2,80000,"Adobe XD,Sketch,Figma","Communication,PowerPoint",Google UX Design,French,5.7,5.8,40.0,True,1,9am-5pm,CET,Remote,77.2,Stable,88.1,5.7,7.8,6.7,High,12.8,3.6,41,4.4,Medium (5-8),,3,0,False,False,2026-02-18 10:00:00,2023-12-11 09:00:00
EMP088,Mei,Thompson,mei.thompson88@company.com,Marketing,Marketing Analyst,Lead,Full-time,2023-12-16,10.2,140000,"Email Marketing,Social Media,Copywriting,SEO","Agile,PowerPoint",,"English,German",8.8,6.6,40.0,True,2,9am-5pm,IST,Office,65.5,Increasing,81.2,7.5,6.0,6.9,Low,20.1,14.6,305,7.7,Small (2-4),,17,1,True,True,2026-03-05 10:00:00,2023-12-16 09:00:00
EMP089,Chloe,Williams,chloe.williams89@company.com,Operations,Operations Analyst,Mid,Full-time,2018-07-17,4.7,82000,"Supply Chain,Project Management,Excel","Presentation,Communication",,"German,Hindi,Japanese",5.4,4.2,40.0,False,3,8am-4pm,PST,Remote,78.5,Stable,88.3,6.8,6.2,5.2,Low,22.5,13.2,138,4.8,Large (9+),,5,1,False,False,2026-03-13 10:00:00,2018-07-17 09:00:00
EMP090,Mei,Allen,mei.allen90@company.com,Engineering,Software Engineer,Lead,Part-time,2023-07-17,8.4,135000,"Docker,GCP,SQL,FastAPI","Leadership,Communication",,French,7.8,5.3,20.0,True,0,Flexible,EST,Remote,70.6,Stable,94.9,6.0,3.8,8.0,Low,35.0,0.8,148,7.0,Medium (5-8),,11,1,False,True,2026-03-01 10:00:00,2023-07-17 09:00:00
EMP091,Chris,Young,chris.young91@company.com,HR,People Operations,Mid,Full-time,2025-04-11,4.1,54000,"Training,Conflict Resolution,HRIS","Data Analysis,PowerPoint",,"English,Spanish",6.3,4.9,40.0,True,1,10am-6pm,JST,Hybrid,70.6,Stable,79.7,7.7,6.7,3.6,High,38.5,3.6,194,6.9,Medium (5-8),,7,0,False,False,2026-02-25 10:00:00,2025-04-11 09:00:00
EMP092,Carlos,Martinez,carlos.martinez92@company.com,Finance,Financial Analyst,Mid,Full-time,2023-05-28,0.5,61000,"Excel,Bloomberg,Financial Modeling","Scrum,PowerPoint",,"Arabic,Spanish",7.0,3.7,40.0,True,0,9am-5pm,CET,Office,87.2,Increasing,100,7.2,5.7,5.2,Low,45.7,4.8,142,7.3,Medium (5-8),,9,1,True,False,2026-03-13 10:00:00,2023-05-28 09:00:00
EMP093,Tom,Taylor,tom.taylor93@company.com,Operations,Operations Analyst,Senior,Contract,2024-04-22,4.0,76000,"Lean Six Sigma,Project Management,ERP,Power BI","Presentation,Data Analysis",,Arabic,7.0,8.0,35.0,True,2,10am-6pm,JST,Hybrid,69.4,Stable,85.5,7.2,8.3,4.2,High,14.7,7.3,231,8.4,Small (2-4),,15,3,True,False,2026-03-10 10:00:00,2024-04-22 09:00:00
EMP094,Arjun,Hall,arjun.hall94@company.com,Operations,Logistics,Junior,Full-time,2024-08-08,2.2,55000,"Power BI,Excel","Excel,Agile",,"Mandarin,Japanese,German",6.5,3.0,40.0,True,1,10am-6pm,EST,Hybrid,76.2,Stable,83.9,7.0,6.9,2.6,High,1.3,18.4,90,6.7,Large (9+),,5,0,True,False,2026-02-22 10:00:00,2024-08-08 09:00:00
EMP095,Yuki,Rodriguez,yuki.rodriguez95@company.com,Design,Graphic Designer,Senior,Full-time,2024-03-17,5.0,122000,"Photoshop,User Research,Illustrator,Sketch","Scrum,Data Analysis",,Japanese,6.1,5.7,40.0,True,2,10am-6pm,AEST,Remote,61.5,Stable,62.2,8.3,8.4,7.0,High,23.1,6.4,59,6.6,Small (2-4),,4,0,True,False,2026-02-19 10:00:00,2024-03-17 09:00:00
EMP096,Yuki,Kumar,yuki.kumar96@company.com,Operations,Operations Manager,Junior,Full-time,2022-01-09,0.5,46000,"Power BI,ERP","Communication,Data Analysis","Lean Six Sigma Green Belt,PMP","German,Mandarin",4.6,5.8,40.0,True,1,10am-6pm,EST,Office,57.5,Increasing,82.4,5.5,7.2,7.1,High,22.8,7.6,213,6.1,Large (9+),,4,0,False,False,2026-02-25 10:00:00,2022-01-09 09:00:00
EMP097,Fatima,Anderson,fatima.anderson97@company.com,Engineering,DevOps Engineer,Junior,Full-time,2020-11-10,0.5,48000,"PostgreSQL,Rust","Leadership,Scrum","Google Cloud Professional,Scrum Master","Spanish,Mandarin",6.1,4.5,40.0,True,1,8am-4pm,CET,Office,98.7,Stable,88.7,5.3,5.8,2.5,High,0,11.0,37,6.8,Small (2-4),,1,1,False,False,2026-03-13 10:00:00,2020-11-10 09:00:00
EMP098,Ryan,Thompson,ryan.thompson98@company.com,Engineering,Team Lead,Mid,Contract,2024-11-18,1.2,76000,"Django,Java,Go","PowerPoint,Excel",,"Portuguese,English,Mandarin",5.4,7.8,35.0,False,3,8am-4pm,JST,Remote,78.2,Decreasing,100,5.5,5.9,6.5,High,33.5,16.1,228,5.2,Small (2-4),,5,0,False,False,2026-02-18 10:00:00,2024-11-18 09:00:00
EMP099,Alex,Young,alex.young99@company.com,Design,UX Researcher,Junior,Full-time,2019-12-31,1.1,45000,"Figma,Prototyping","Leadership,Excel","Google UX Design,Adobe Certified","Spanish,Hindi",5.4,3.0,40.0,True,1,8am-4pm,AEST,Office,82.4,Increasing,77.6,5.8,7.4,3.9,Low,43.2,12.8,316,8.8,Medium (5-8),,3,1,False,True,2026-03-04 10:00:00,2019-12-31 09:00:00
EMP100,Maria,Williams,maria.williams100@company.com,Design,UX Researcher,Mid,Part-time,2025-04-07,3.5,52000,"Prototyping,Photoshop,Adobe XD","Excel,Leadership",,"German,Spanish",7.5,4.0,20.0,True,0,8am-4pm,PST,Hybrid,67.0,Stable,95.6,7.4,5.8,6.5,Low,24.5,6.9,211,3.3,Small (2-4),,2,1,False,True,2026-03-09 10:00:00,2025-04-07 09:00:00
EMP101,Tom,Rodriguez,tom.rodriguez101@company.com,Design,UX Researcher,Junior,Full-time,2023-01-20,1.6,41000,"Prototyping,Sketch","Data Analysis,PowerPoint",Adobe Certified,"Portuguese,Spanish",4.3,6.1,40.0,True,1,9am-5pm,JST,Remote,61.5,Decreasing,79.2,6.5,8.2,5.6,High,25.5,12.8,141,6.9,Small (2-4),,5,0,False,False,2026-02-13 10:00:00,2023-01-20 09:00:00
EMP102,Tom,Anderson,tom.anderson102@company.com,Engineering,QA Engineer,Senior,Part-time,2024-06-29,5.3,83000,"FastAPI,Python,GCP,TypeScript","Excel,Scrum",,"French,Arabic,Portuguese",7.3,7.6,20.0,False,3,Flexible,IST,Hybrid,63.6,Decreasing,79.8,6.4,5.0,8.1,Medium,40.7,1.8,186,7.8,Small (2-4),,7,1,True,True,2026-02-12 10:00:00,2024-06-29 09:00:00
EMP103,Mei,White,mei.white103@company.com,HR,HR Specialist,Junior,Full-time,2025-02-08,3.6,55000,"Training,Workday","Data Analysis,Scrum",,Arabic,5.9,2.5,40.0,True,2,9am-5pm,JST,Remote,58.3,Increasing,76.8,6.2,7.8,1.8,Medium,2.6,7.5,114,5.1,Small (2-4),,1,0,False,False,2026-02-28 10:00:00,2025-02-08 09:00:00
EMP104,Fatima,Martin,fatima.martin104@company.com,Operations,Operations Manager,Senior,Full-time,2023-05-16,5.9,80000,"Supply Chain,Excel,Project Management,ERP","Presentation,Communication",,"Arabic,French",6.8,5.6,40.0,True,1,Flexible,EST,Office,62.1,Stable,95.6,7.4,7.9,7.9,High,32.3,18.4,264,7.2,Small (2-4),,10,2,True,False,2026-02-20 10:00:00,2023-05-16 09:00:00
EMP105,Nathan,Jackson,nathan.jackson105@company.com,Marketing,Campaign Manager,Mid,Full-time,2018-03-09,1.9,73000,"Google Analytics,A/B Testing,Email Marketing","Scrum,Presentation",HubSpot Marketing,"Portuguese,Japanese,Spanish",6.4,7.7,40.0,False,3,9am-5pm,IST,Remote,79.6,Stable,70.9,8.1,9.3,2.8,Low,0.9,1.9,337,7.9,Medium (5-8),,8,1,False,False,2026-03-05 10:00:00,2018-03-09 09:00:00
EMP106,Chris,Singh,chris.singh106@company.com,HR,Recruiter,Lead,Full-time,2024-09-16,11.5,144000,"Workday,Training,Employment Law,SAP HR","Agile,Presentation",SHRM-SCP,Japanese,6.7,7.9,40.0,True,0,8am-4pm,JST,Remote,89.5,Stable,78.6,6.7,8.7,7.0,Medium,17.0,8.5,299,6.9,Large (9+),,18,3,True,False,2026-02-14 10:00:00,2024-09-16 09:00:00
EMP107,Lisa,White,lisa.white107@company.com,Operations,Operations Analyst,Senior,Full-time,2020-05-28,5.7,91000,"Supply Chain,Power BI,ERP,Excel","Communication,Scrum",,"English,German",4.8,6.2,40.0,True,0,10am-6pm,JST,Remote,88.5,Decreasing,100,7.5,7.0,8.2,Low,61.1,5.3,189,6.9,Large (9+),,12,1,True,False,2026-03-02 10:00:00,2020-05-28 09:00:00
EMP108,Ryan,Hall,ryan.hall108@company.com,Sales,Sales Representative,Principal,Full-time,2021-02-04,15.2,164000,"Prospecting,Excel,HubSpot,CRM","Presentation,Leadership",,Portuguese,7.3,6.8,40.0,True,0,Flexible,JST,Hybrid,81.8,Stable,82.7,6.5,7.8,8.4,High,3.9,4.5,99,8.8,Medium (5-8),,18,0,False,False,2026-02-11 10:00:00,2021-02-04 09:00:00
EMP109,Hina,Rodriguez,hina.rodriguez109@company.com,HR,People Operations,Senior,Full-time,2023-03-03,7.6,95000,"Workday,Recruiting,SAP HR,Training","Leadership,Presentation",,"German,Hindi",8.2,4.9,40.0,False,3,10am-6pm,EST,Remote,75.3,Stable,85.5,4.4,4.1,5.6,Medium,12.0,10.3,4,6.1,Small (2-4),,15,1,True,True,2026-02-15 10:00:00,2023-03-03 09:00:00
EMP110,Nathan,Smith,nathan.smith110@company.com,Sales,Sales Manager,Junior,Full-time,2018-11-18,0.5,40000,"Prospecting,Salesforce","Excel,Communication","HubSpot Certified,Challenger Sales",Portuguese,3.7,3.0,40.0,True,0,9am-5pm,JST,Remote,58.6,Stable,88.6,6.1,6.0,7.4,High,0,18.3,143,6.7,Medium (5-8),,3,0,False,False,2026-03-01 10:00:00,2018-11-18 09:00:00
EMP111,Michael,Thomas,michael.thomas111@company.com,Finance,Financial Analyst,Mid,Full-time,2020-08-29,2.4,83000,"Risk Analysis,QuickBooks,Financial Modeling","Scrum,Data Analysis",,"French,Arabic,Japanese",5.5,8.4,40.0,True,2,Flexible,AEST,Hybrid,62.6,Stable,91.8,7.5,8.8,3.3,Low,53.2,11.4,294,5.4,Small (2-4),,4,1,False,False,2026-03-04 10:00:00,2020-08-29 09:00:00
EMP112,Emma,Harris,emma.harris112@company.com,Marketing,Marketing Analyst,Mid,Full-time,2018-09-03,0.5,71000,"Content Marketing,A/B Testing,Copywriting","Agile,Excel","Meta Blueprint,HubSpot Marketing","Spanish,Japanese",6.5,5.7,40.0,True,2,8am-4pm,AEST,Remote,67.4,Stable,82.4,8.1,5.0,4.3,Medium,54.1,19.3,101,8.6,Large (9+),,6,1,False,True,2026-03-11 10:00:00,2018-09-03 09:00:00
EMP113,Lisa,Young,lisa.young113@company.com,Sales,Sales Manager,Junior,Full-time,2025-03-25,0.5,50000,"Prospecting,CRM","Leadership,Communication",,"Portuguese,Spanish",3.3,6.0,40.0,True,2,Flexible,IST,Office,71.8,Increasing,70.9,6.3,7.2,5.0,Medium,16.8,18.8,358,6.5,Small (2-4),,2,0,True,False,2026-03-09 10:00:00,2025-03-25 09:00:00
EMP114,Mei,Nguyen,mei.nguyen114@company.com,Sales,Account Manager,Junior,Full-time,2021-08-25,0.5,49000,"HubSpot,Negotiation","Agile,PowerPoint","Salesforce Certified,Challenger Sales","Japanese,Hindi",4.2,6.4,40.0,False,3,8am-4pm,CET,Remote,51.7,Stable,99.1,9.2,5.4,4.0,High,8.1,10.5,327,5.0,Small (2-4),,2,0,True,False,2026-02-19 10:00:00,2021-08-25 09:00:00
EMP115,Daniel,Smith,daniel.smith115@company.com,HR,People Operations,Mid,Full-time,2018-01-30,3.1,56000,"Workday,Conflict Resolution,Employment Law","Presentation,PowerPoint",,French,5.2,5.2,40.0,False,3,10am-6pm,UTC,Office,66.3,Increasing,86.7,6.9,5.8,4.5,Low,35.8,10.3,313,7.3,Medium (5-8),,3,1,False,False,2026-03-13 10:00:00,2018-01-30 09:00:00
EMP116,Sarah,Williams,sarah.williams116@company.com,Sales,Sales Representative,Mid,Full-time,2022-12-01,0.5,68000,"Negotiation,Prospecting,CRM","Data Analysis,Leadership",,"Japanese,English",5.1,6.2,40.0,True,2,8am-4pm,JST,Remote,83.4,Stable,67.6,8.0,5.8,5.3,Low,6.4,19.0,28,9.0,Small (2-4),,5,1,False,False,2026-02-25 10:00:00,2022-12-01 09:00:00
EMP117,Sarah,Johnson,sarah.johnson117@company.com,Design,UX Researcher,Mid,Full-time,2025-01-21,2.0,78000,"Figma,Illustrator,Adobe XD","Communication,Data Analysis","Interaction Design Foundation,Adobe Certified",Mandarin,5.6,3.4,40.0,True,0,Flexible,JST,Remote,71.6,Decreasing,97.3,7.8,9.4,6.0,High,14.4,8.7,7,7.1,Small (2-4),,5,0,False,False,2026-02-19 10:00:00,2025-01-21 09:00:00
EMP118,Oliver,Harris,oliver.harris118@company.com,Finance,Financial Analyst,Junior,Full-time,2024-04-06,1.5,47000,"Bloomberg,Financial Modeling","Agile,Excel","FRM,CFA","Portuguese,French,English",3.4,4.9,40.0,True,1,8am-4pm,JST,Remote,59.9,Increasing,92.7,7.2,6.9,3.4,High,9.6,13.9,97,7.0,Large (9+),,1,1,True,False,2026-02-13 10:00:00,2024-04-06 09:00:00
EMP119,Tom,Harris,tom.harris119@company.com,Engineering,QA Engineer,Lead,Full-time,2025-05-20,10.2,161000,"Java,SQL,FastAPI,PostgreSQL","PowerPoint,Communication",,"Arabic,Hindi",9.2,6.7,40.0,True,1,8am-4pm,AEST,Remote,58.1,Stable,81.2,5.4,6.5,6.0,High,50.7,13.2,22,6.9,Small (2-4),,11,0,False,True,2026-02-27 10:00:00,2025-05-20 09:00:00
EMP120,Yuki,Patel,yuki.patel120@company.com,Operations,Operations Analyst,Mid,Full-time,2022-08-31,1.8,78000,"Power BI,Lean Six Sigma,Excel","Scrum,Agile",,"Mandarin,Arabic,Portuguese",4.2,7.0,40.0,True,0,8am-4pm,PST,Hybrid,78.0,Stable,81.1,4.7,7.7,5.8,Low,21.2,3.8,269,4.7,Large (9+),,8,0,True,True,2026-02-24 10:00:00,2022-08-31 09:00:00
EMP121,Raj,Jackson,raj.jackson121@company.com,Marketing,SEO Specialist,Mid,Full-time,2020-09-12,3.1,61000,"Social Media,A/B Testing,Content Marketing","Communication,Scrum",,"Mandarin,French",5.2,5.1,40.0,True,2,8am-4pm,CET,Remote,63.6,Stable,91.5,7.0,7.0,6.5,Low,28.5,19.9,154,10.0,Small (2-4),,6,1,False,True,2026-02-18 10:00:00,2020-09-12 09:00:00
EMP122,Lisa,Martinez,lisa.martinez122@company.com,Engineering,Team Lead,Senior,Full-time,2024-06-18,6.2,102000,"Python,Kubernetes,FastAPI,Go","Communication,Excel","CISSP,Google Cloud Professional","German,French,English",6.2,6.1,40.0,False,3,Flexible,AEST,Hybrid,69.4,Increasing,86.0,7.2,7.1,4.7,High,34.2,15.4,334,6.2,Large (9+),,15,3,False,False,2026-03-09 10:00:00,2024-06-18 09:00:00
EMP123,Fatima,Chen,fatima.chen123@company.com,Sales,Sales Manager,Junior,Full-time,2018-12-15,1.9,47000,"HubSpot,CRM","Leadership,Agile",HubSpot Certified,Mandarin,4.1,5.3,40.0,True,1,8am-4pm,UTC,Remote,73.0,Stable,71.6,7.4,8.1,2.8,Low,13.9,4.8,136,6.7,Medium (5-8),,4,0,False,False,2026-03-07 10:00:00,2018-12-15 09:00:00
EMP124,David,Smith,david.smith124@company.com,Design,Graphic Designer,Junior,Full-time,2018-12-18,0.5,46000,"Photoshop,Illustrator","Excel,Agile","Interaction Design Foundation,Google UX Design","Portuguese,English,French",5.2,7.1,40.0,True,2,9am-5pm,IST,Office,63.3,Stable,98.3,7.2,8.0,5.6,Low,24.1,10.9,132,5.5,Small (2-4),,0,1,True,False,2026-03-05 10:00:00,2018-12-18 09:00:00
EMP125,Ryan,Smith,ryan.smith125@company.com,Design,Graphic Designer,Lead,Full-time,2020-08-04,11.5,109000,"Illustrator,User Research,Adobe XD,Figma","Agile,Data Analysis",Adobe Certified,Portuguese,8.6,7.0,40.0,True,0,Flexible,EST,Remote,83.4,Stable,76.5,6.6,6.7,8.1,High,74.5,0.4,126,7.6,Medium (5-8),,18,0,False,False,2026-03-03 10:00:00,2020-08-04 09:00:00
EMP126,Oliver,Brown,oliver.brown126@company.com,HR,Recruiter,Junior,Full-time,2024-11-13,0.5,52000,"Workday,Conflict Resolution","Excel,PowerPoint",,"French,Mandarin,English",3.9,3.1,40.0,False,3,8am-4pm,IST,Hybrid,79.8,Increasing,100,6.5,6.3,6.1,Low,0,4.0,70,5.4,Large (9+),,4,0,True,False,2026-02-27 10:00:00,2024-11-13 09:00:00
EMP127,Arjun,Scott,arjun.scott127@company.com,Design,Graphic Designer,Junior,Full-time,2024-11-11,0.7,46000,"Illustrator,Adobe XD","Excel,Leadership",,Hindi,4.0,3.4,40.0,True,1,8am-4pm,JST,Hybrid,64.9,Stable,78.9,7.5,7.1,4.6,High,14.5,14.2,191,7.1,Medium (5-8),,1,0,False,True,2026-02-14 10:00:00,2024-11-11 09:00:00
EMP128,Maria,Patel,maria.patel128@company.com,HR,Recruiter,Mid,Full-time,2024-10-26,3.9,69000,"Recruiting,HRIS,Workday","Data Analysis,PowerPoint",PHR,"Hindi,English",4.8,4.8,40.0,True,0,10am-6pm,IST,Hybrid,87.2,Decreasing,72.1,6.8,7.2,4.9,High,30.6,7.7,322,6.5,Large (9+),,10,0,False,False,2026-03-03 10:00:00,2024-10-26 09:00:00
EMP129,Maria,Chen,maria.chen129@company.com,HR,HR Specialist,Junior,Full-time,2023-02-06,0.5,40000,"Training,HRIS","Agile,Presentation","SHRM-CP,SHRM-SCP",English,5.7,5.1,40.0,True,1,10am-6pm,UTC,Office,70.8,Increasing,78.0,8.0,7.9,3.3,High,43.5,12.2,81,5.4,Medium (5-8),,2,1,False,False,2026-02-17 10:00:00,2023-02-06 09:00:00
EMP130,Nathan,Thompson,nathan.thompson130@company.com,Marketing,Marketing Analyst,Mid,Part-time,2024-02-05,3.5,75000,"Content Marketing,SEO,Google Analytics","Agile,Communication",,"Hindi,Mandarin,English",4.5,4.6,20.0,False,3,10am-6pm,IST,Office,72.3,Decreasing,72.7,7.4,6.9,5.2,High,6.4,16.5,25,5.2,Small (2-4),,3,1,False,True,2026-02-23 10:00:00,2024-02-05 09:00:00
EMP131,Aisha,Williams,aisha.williams131@company.com,Marketing,Marketing Analyst,Junior,Full-time,2018-10-05,0.5,49000,"SEO,Social Media","Presentation,PowerPoint","HubSpot Marketing,Meta Blueprint","Mandarin,French,Hindi",5.1,2.2,40.0,True,0,9am-5pm,UTC,Remote,70.3,Decreasing,88.2,6.7,6.1,2.7,High,20.9,1.2,292,6.2,Large (9+),,3,1,False,False,2026-02-27 10:00:00,2018-10-05 09:00:00
EMP132,Jason,Brown,jason.brown132@company.com,Design,UI Designer,Senior,Full-time,2024-11-25,3.9,115000,"Sketch,Illustrator,Photoshop,Figma","Excel,Leadership",Adobe Certified,"Arabic,English",6.6,5.5,40.0,True,1,8am-4pm,AEST,Hybrid,85.3,Stable,89.7,7.1,6.6,8.7,High,0,2.3,170,5.7,Large (9+),,6,1,True,False,2026-02-12 10:00:00,2024-11-25 09:00:00
EMP133,Oliver,Williams,oliver.williams133@company.com,Design,UI Designer,Senior,Full-time,2024-01-04,5.8,87000,"User Research,Sketch,Prototyping,Figma","Presentation,PowerPoint",,Mandarin,7.9,6.5,40.0,True,2,9am-5pm,IST,Office,79.7,Increasing,63.1,5.1,9.5,6.0,Low,29.9,11.4,199,6.8,Medium (5-8),,8,0,False,True,2026-03-13 10:00:00,2024-01-04 09:00:00
EMP134,Oliver,Taylor,oliver.taylor134@company.com,Operations,Logistics,Lead,Full-time,2021-10-25,10.7,158000,"Project Management,Power BI,ERP,Excel","Leadership,Excel",,"Hindi,English,Portuguese",6.7,5.1,40.0,True,1,9am-5pm,PST,Remote,68.9,Stable,83.6,6.5,8.4,6.7,Low,21.5,14.3,267,4.9,Medium (5-8),,16,1,True,True,2026-03-08 10:00:00,2021-10-25 09:00:00
EMP135,Arjun,Nguyen,arjun.nguyen135@company.com,Marketing,Marketing Analyst,Junior,Full-time,2021-12-05,0.5,44000,"Content Marketing,Email Marketing","Data Analysis,Presentation",HubSpot Marketing,Portuguese,4.2,4.2,40.0,True,2,8am-4pm,IST,Remote,65.4,Increasing,80.2,6.0,9.3,4.0,High,23.4,1.0,196,8.0,Small (2-4),,3,0,True,False,2026-02-11 10:00:00,2021-12-05 09:00:00
EMP136,Chris,Martinez,chris.martinez136@company.com,Sales,Account Manager,Lead,Full-time,2022-01-28,10.5,106000,"CRM,Prospecting,Excel,Negotiation","Leadership,Scrum",Challenger Sales,"Japanese,German,Hindi",8.4,6.1,40.0,True,2,8am-4pm,CET,Hybrid,53.8,Decreasing,80.6,7.1,5.9,7.1,Low,21.3,11.5,260,7.9,Small (2-4),,14,0,False,True,2026-02-24 10:00:00,2022-01-28 09:00:00
EMP137,Zara,Martin,zara.martin137@company.com,Design,UX Researcher,Junior,Full-time,2023-06-17,0.5,34000,"User Research,Adobe XD","Communication,Scrum",,"Portuguese,Hindi",6.0,5.6,40.0,True,2,Flexible,IST,Office,51.0,Decreasing,76.7,8.3,9.7,5.2,High,29.1,6.5,330,6.2,Medium (5-8),,4,1,True,False,2026-02-12 10:00:00,2023-06-17 09:00:00
EMP138,Yuki,Chen,yuki.chen138@company.com,Marketing,Marketing Analyst,Mid,Full-time,2023-09-22,1.9,65000,"A/B Testing,Social Media,Copywriting","Scrum,Presentation",,"French,German",6.1,5.1,40.0,True,0,10am-6pm,UTC,Remote,83.1,Stable,95.8,7.0,7.6,5.2,Low,27.9,7.9,162,8.8,Large (9+),,8,1,False,True,2026-02-21 10:00:00,2023-09-22 09:00:00
EMP139,Elena,Anderson,elena.anderson139@company.com,Engineering,Senior Engineer,Senior,Full-time,2018-12-13,1.8,117000,"Django,PostgreSQL,Docker,MongoDB","Presentation,PowerPoint",,Arabic,7.8,7.9,40.0,False,3,Flexible,IST,Office,86.5,Decreasing,73.4,8.5,6.3,4.6,High,30.9,7.1,95,6.3,Large (9+),,9,0,False,False,2026-03-11 10:00:00,2018-12-13 09:00:00
EMP140,James,Nguyen,james.nguyen140@company.com,Finance,Financial Analyst,Junior,Full-time,2025-06-11,0.6,47000,"QuickBooks,Financial Modeling","Communication,Agile","CFP,FRM","English,Arabic",4.9,3.1,40.0,True,2,8am-4pm,UTC,Remote,56.0,Stable,66.6,5.3,6.8,4.5,Medium,9.0,7.1,150,5.9,Large (9+),,1,0,False,False,2026-02-25 10:00:00,2025-06-11 09:00:00
EMP141,Arjun,Lee,arjun.lee141@company.com,Engineering,Team Lead,Mid,Full-time,2019-04-02,2.3,77000,"Go,Django,Kubernetes","Scrum,Data Analysis",Google Cloud Professional,"French,German,Hindi",4.1,3.8,40.0,True,1,8am-4pm,PST,Hybrid,65.8,Increasing,74.9,7.9,8.9,5.4,Low,37.6,6.9,43,8.5,Large (9+),,7,0,False,False,2026-02-18 10:00:00,2019-04-02 09:00:00
EMP142,Daniel,Thomas,daniel.thomas142@company.com,Operations,Project Coordinator,Mid,Full-time,2023-04-28,2.1,68000,"ERP,Power BI,Excel","Presentation,Scrum",,"Japanese,Arabic,Portuguese",7.0,4.5,40.0,False,3,9am-5pm,JST,Remote,75.9,Stable,76.6,7.7,4.1,4.6,High,0,8.6,333,3.6,Large (9+),,5,0,False,False,2026-02-15 10:00:00,2023-04-28 09:00:00
EMP143,Carlos,Lee,carlos.lee143@company.com,Engineering,Software Engineer,Mid,Full-time,2021-03-06,1.9,61000,"Rust,TypeScript,Docker","Excel,Data Analysis",Scrum Master,Arabic,5.8,5.7,40.0,True,0,Flexible,UTC,Hybrid,87.1,Increasing,87.7,7.7,6.5,4.7,Low,19.0,17.1,66,4.7,Medium (5-8),,8,1,True,False,2026-02-11 10:00:00,2021-03-06 09:00:00
EMP144,Zara,Hall,zara.hall144@company.com,Operations,Operations Manager,Junior,Full-time,2020-04-01,2.3,41000,"Supply Chain,Lean Six Sigma","Communication,Data Analysis",,"Japanese,English",4.6,3.8,40.0,False,3,9am-5pm,CET,Remote,72.3,Stable,85.8,8.7,8.6,3.3,Low,54.1,15.5,9,7.5,Large (9+),,5,1,False,False,2026-03-13 10:00:00,2020-04-01 09:00:00
EMP145,Zara,Thomas,zara.thomas145@company.com,HR,People Operations,Junior,Full-time,2021-05-25,1.8,44000,"SAP HR,Recruiting","Agile,PowerPoint",,"German,French",3.9,5.5,40.0,True,0,Flexible,IST,Office,56.4,Increasing,97.7,5.8,8.9,4.6,High,8.5,0.8,196,5.8,Small (2-4),,1,0,False,False,2026-02-11 10:00:00,2021-05-25 09:00:00
EMP146,Zara,White,zara.white146@company.com,Operations,Logistics,Principal,Full-time,2021-10-21,13.9,199000,"Excel,Project Management,Lean Six Sigma,ERP","Excel,Communication",,"Spanish,Arabic",8.8,8.7,40.0,False,3,10am-6pm,UTC,Remote,73.6,Decreasing,100,6.1,5.1,7.1,Low,35.8,13.1,241,6.7,Large (9+),,13,2,True,False,2026-02-28 10:00:00,2021-10-21 09:00:00
EMP147,Tom,Chen,tom.chen147@company.com,Marketing,Campaign Manager,Mid,Contract,2020-05-23,1.8,67000,"A/B Testing,Copywriting,SEO","Communication,PowerPoint",,Spanish,5.9,3.8,35.0,True,2,Flexible,CET,Hybrid,80.9,Increasing,86.1,7.0,6.3,4.7,High,33.8,0.8,51,7.0,Large (9+),,6,1,False,False,2026-02-28 10:00:00,2020-05-23 09:00:00
EMP148,Daniel,White,daniel.white148@company.com,Sales,Account Manager,Senior,Full-time,2020-01-08,3.9,95000,"Salesforce,Prospecting,Excel,Negotiation","Communication,Leadership",,"Arabic,Portuguese,Spanish",5.3,8.2,40.0,True,2,8am-4pm,UTC,Remote,83.8,Stable,82.4,7.1,7.1,6.8,Low,0,19.7,259,4.5,Small (2-4),,14,0,True,True,2026-02-18 10:00:00,2020-01-08 09:00:00
EMP149,Tom,Brown,tom.brown149@company.com,Engineering,QA Engineer,Junior,Full-time,2020-08-21,0.5,45000,"Django,Java","Scrum,Leadership",,"French,Japanese",4.8,2.9,40.0,True,2,10am-6pm,UTC,Office,54.6,Stable,91.1,7.7,6.5,5.3,Medium,34.2,17.4,192,7.0,Medium (5-8),,1,1,False,False,2026-02-23 10:00:00,2020-08-21 09:00:00
EMP150,Sarah,Martinez,sarah.martinez150@company.com,Engineering,Team Lead,Junior,Part-time,2023-02-22,0.5,35000,"Django,Node.js","Presentation,Communication",,"German,French",5.8,4.7,20.0,True,1,8am-4pm,IST,Office,81.9,Decreasing,86.5,5.3,6.4,3.9,Low,58.8,9.8,110,8.0,Large (9+),,0,1,False,True,2026-02-15 10:00:00,2023-02-22 09:00:00
EMP151,Nadia,Jackson,nadia.jackson151@company.com,Engineering,DevOps Engineer,Mid,Full-time,2022-07-24,2.5,53000,"Kubernetes,Rust,FastAPI","Agile,Data Analysis",AWS Certified,Japanese,6.3,5.2,40.0,True,2,10am-6pm,AEST,Office,75.1,Decreasing,100,8.8,7.2,6.2,High,43.9,0.5,232,5.7,Large (9+),,7,0,True,False,2026-03-11 10:00:00,2022-07-24 09:00:00
EMP152,Yuki,Allen,yuki.allen152@company.com,Finance,Finance Manager,Senior,Full-time,2022-01-30,6.2,105000,"Risk Analysis,Bloomberg,Financial Modeling,VBA","Agile,Excel",,Mandarin,6.3,5.2,40.0,True,2,Flexible,IST,Office,84.5,Decreasing,73.3,8.3,6.6,4.3,Low,39.7,2.3,244,6.4,Medium (5-8),,11,1,False,False,2026-03-02 10:00:00,2022-01-30 09:00:00
EMP153,Sofia,Jackson,sofia.jackson153@company.com,Operations,Operations Analyst,Junior,Part-time,2020-01-03,1.8,48000,"Supply Chain,Power BI","Communication,Excel",,Portuguese,4.4,7.4,20.0,True,0,8am-4pm,IST,Hybrid,75.0,Stable,87.2,7.4,7.5,5.5,Medium,72.3,19.4,277,8.0,Large (9+),,2,1,False,False,2026-02-23 10:00:00,2020-01-03 09:00:00
EMP154,Nadia,Patel,nadia.patel154@company.com,Sales,Sales Manager,Junior,Full-time,2023-06-07,0.5,41000,"Salesforce,Excel","Leadership,Communication",,"Mandarin,French",5.6,4.9,40.0,True,2,Flexible,UTC,Remote,66.4,Stable,77.2,7.2,8.7,3.4,Low,41.4,13.3,78,4.5,Small (2-4),,4,0,False,False,2026-03-01 10:00:00,2023-06-07 09:00:00
EMP155,Kevin,Williams,kevin.williams155@company.com,HR,Recruiter,Lead,Contract,2024-02-16,12.2,172000,"HRIS,Conflict Resolution,Employment Law,Recruiting","Presentation,Communication",SHRM-SCP,"Mandarin,Spanish",8.3,7.0,35.0,True,2,9am-5pm,UTC,Office,62.2,Stable,84.4,10.0,5.8,6.1,Medium,20.0,6.8,57,6.1,Medium (5-8),,6,0,True,True,2026-02-14 10:00:00,2024-02-16 09:00:00
EMP156,Daniel,Kumar,daniel.kumar156@company.com,HR,HR Specialist,Principal,Full-time,2023-07-02,11.8,146000,"HRIS,Conflict Resolution,SAP HR,Employment Law","Data Analysis,Excel",,"Japanese,French",9.4,10.0,40.0,True,2,8am-4pm,UTC,Remote,62.9,Stable,70.3,8.1,5.9,8.4,Medium,0,17.5,44,9.8,Large (9+),,10,0,True,True,2026-02-28 10:00:00,2023-07-02 09:00:00
EMP157,Hina,Rodriguez,hina.rodriguez157@company.com,Design,Graphic Designer,Mid,Full-time,2019-07-15,1.9,52000,"User Research,Prototyping,Illustrator","Leadership,Agile",,"German,English,Arabic",6.4,7.6,40.0,True,2,8am-4pm,JST,Remote,68.7,Stable,82.0,8.0,5.0,4.7,Low,49.1,15.8,78,6.2,Medium (5-8),,9,0,False,False,2026-03-02 10:00:00,2019-07-15 09:00:00
EMP158,Emma,Brown,emma.brown158@company.com,Finance,Financial Analyst,Senior,Full-time,2018-08-28,9.7,110000,"Financial Modeling,Excel,Bloomberg,VBA","Agile,Scrum",,"Mandarin,Spanish,Hindi",7.5,5.9,40.0,True,0,10am-6pm,UTC,Remote,61.4,Stable,81.5,8.2,8.0,5.4,High,19.9,3.9,321,6.0,Large (9+),,9,0,True,False,2026-03-09 10:00:00,2018-08-28 09:00:00
EMP159,Raj,Smith,raj.smith159@company.com,Finance,Accountant,Senior,Full-time,2023-11-24,3.9,91000,"Financial Modeling,Risk Analysis,QuickBooks,Excel","Leadership,Data Analysis",,German,7.5,4.7,40.0,True,0,8am-4pm,AEST,Hybrid,48.8,Increasing,94.0,7.5,7.4,7.5,Low,27.0,16.3,305,2.6,Medium (5-8),,6,0,True,True,2026-03-12 10:00:00,2023-11-24 09:00:00
EMP160,James,Young,james.young160@company.com,Sales,Sales Representative,Junior,Full-time,2024-08-26,0.5,48000,"HubSpot,Negotiation","Agile,Leadership","Challenger Sales,Salesforce Certified",Spanish,5.2,4.5,40.0,True,0,9am-5pm,EST,Office,76.4,Decreasing,83.5,4.9,7.7,4.0,Low,22.7,2.9,142,6.2,Large (9+),,0,0,False,False,2026-02-14 10:00:00,2024-08-26 09:00:00
EMP161,Yuki,Singh,yuki.singh161@company.com,Design,Product Designer,Mid,Full-time,2020-01-11,0.5,79000,"Illustrator,Figma,User Research","Presentation,PowerPoint","Interaction Design Foundation,Adobe Certified","German,Japanese",7.2,2.5,40.0,False,3,10am-6pm,UTC,Office,73.9,Stable,90.0,9.6,9.3,5.8,Medium,31.8,14.1,285,6.4,Medium (5-8),,8,0,False,False,2026-02-26 10:00:00,2020-01-11 09:00:00
EMP162,Alex,Smith,alex.smith162@company.com,Design,UI Designer,Mid,Full-time,2018-12-15,1.9,77000,"User Research,Photoshop,Prototyping","Presentation,Scrum","Adobe Certified,Interaction Design Foundation","Japanese,Arabic,Hindi",6.5,4.3,40.0,True,1,9am-5pm,JST,Remote,40.9,Decreasing,100,8.3,6.1,7.0,Low,27.3,10.0,365,8.1,Medium (5-8),,4,1,True,False,2026-02-15 10:00:00,2018-12-15 09:00:00
EMP163,Sofia,Martinez,sofia.martinez163@company.com,Engineering,DevOps Engineer,Senior,Contract,2019-09-18,4.3,115000,"Java,React,Node.js,FastAPI","Scrum,PowerPoint",Scrum Master,English,6.1,7.9,35.0,True,0,10am-6pm,PST,Office,64.3,Stable,72.7,5.7,7.1,5.6,High,47.6,6.9,276,3.0,Small (2-4),,12,2,False,True,2026-03-01 10:00:00,2019-09-18 09:00:00
EMP164,Raj,Scott,raj.scott164@company.com,HR,HR Specialist,Mid,Full-time,2024-03-18,1.4,64000,"Workday,Conflict Resolution,Employment Law","Communication,Scrum",,"Mandarin,Japanese",4.6,3.1,40.0,True,0,Flexible,UTC,Hybrid,75.6,Decreasing,73.9,7.9,8.6,4.9,Medium,23.0,0.9,187,6.8,Medium (5-8),,2,0,True,False,2026-03-08 10:00:00,2024-03-18 09:00:00
EMP165,Nathan,Scott,nathan.scott165@company.com,Engineering,QA Engineer,Mid,Full-time,2022-09-22,3.8,59000,"Docker,React,TypeScript","Data Analysis,Agile",,"German,Hindi,French",5.6,7.2,40.0,True,0,9am-5pm,CET,Hybrid,83.6,Stable,82.1,5.8,8.0,5.5,Medium,16.4,9.9,341,5.4,Small (2-4),,6,1,False,False,2026-03-05 10:00:00,2022-09-22 09:00:00
EMP166,Hina,Martinez,hina.martinez166@company.com,Engineering,QA Engineer,Senior,Full-time,2020-05-09,7.8,96000,"FastAPI,Rust,AWS,PostgreSQL","PowerPoint,Agile","Scrum Master,CKA","Japanese,English,Hindi",6.9,6.9,40.0,True,2,8am-4pm,PST,Remote,59.3,Stable,71.6,7.6,7.4,7.5,Medium,13.1,17.6,321,4.8,Small (2-4),,9,1,True,True,2026-02-21 10:00:00,2020-05-09 09:00:00
EMP167,Yuki,Martin,yuki.martin167@company.com,Sales,Business Development,Mid,Full-time,2020-08-25,3.7,83000,"Negotiation,Communication,HubSpot","Excel,Agile",,"English,Portuguese",5.4,5.7,40.0,True,1,9am-5pm,IST,Office,93.1,Stable,86.1,6.5,8.3,6.9,Low,23.9,3.2,69,9.1,Small (2-4),,7,1,False,False,2026-02-15 10:00:00,2020-08-25 09:00:00
EMP168,Emma,Wilson,emma.wilson168@company.com,Sales,Account Manager,Junior,Full-time,2019-05-10,1.0,32000,"Salesforce,Excel","Leadership,Data Analysis",,"Japanese,Hindi",4.7,7.1,40.0,True,2,10am-6pm,PST,Remote,63.4,Decreasing,78.7,7.0,5.3,3.0,High,22.1,14.9,216,3.8,Large (9+),,0,1,False,False,2026-03-02 10:00:00,2019-05-10 09:00:00
EMP169,Chloe,Allen,chloe.allen169@company.com,HR,HR Manager,Senior,Full-time,2025-06-05,8.0,95000,"Workday,Training,Recruiting,HRIS","Presentation,Leadership",,"Mandarin,Japanese,Arabic",6.7,5.9,40.0,True,1,Flexible,JST,Hybrid,71.8,Stable,92.9,5.8,5.6,8.0,Low,7.6,17.2,198,10.0,Small (2-4),,8,0,False,False,2026-02-13 10:00:00,2025-06-05 09:00:00
EMP170,Zara,Nguyen,zara.nguyen170@company.com,Operations,Operations Analyst,Senior,Full-time,2023-09-05,6.2,114000,"Excel,Project Management,Power BI,Supply Chain","PowerPoint,Presentation","APICS CPIM,PMP","Japanese,Mandarin,German",7.0,6.1,40.0,True,2,10am-6pm,UTC,Hybrid,57.0,Stable,80.7,7.1,8.6,6.8,High,38.3,12.6,160,7.6,Medium (5-8),,15,1,True,False,2026-03-02 10:00:00,2023-09-05 09:00:00
EMP171,Fatima,Williams,fatima.williams171@company.com,Sales,Business Development,Lead,Contract,2018-04-05,10.8,120000,"CRM,Communication,HubSpot,Prospecting","Data Analysis,Scrum",,German,8.7,6.4,35.0,True,1,Flexible,JST,Office,99.0,Stable,68.1,7.6,8.8,7.6,Medium,42.7,3.0,188,7.4,Medium (5-8),,10,2,True,True,2026-03-07 10:00:00,2018-04-05 09:00:00
EMP172,Jason,Thomas,jason.thomas172@company.com,HR,Recruiter,Mid,Full-time,2021-04-03,4.2,77000,"Recruiting,Training,Employment Law","Communication,Data Analysis",SHRM-CP,"English,Portuguese",5.7,4.5,40.0,False,3,9am-5pm,CET,Remote,74.7,Increasing,92.7,7.7,9.2,2.4,Low,17.8,14.7,131,4.2,Medium (5-8),,10,2,True,False,2026-03-05 10:00:00,2021-04-03 09:00:00
EMP173,Sarah,Taylor,sarah.taylor173@company.com,Sales,Business Development,Lead,Part-time,2023-12-13,10.9,142000,"Salesforce,Negotiation,Prospecting,Excel","Data Analysis,Communication",,French,6.7,7.6,20.0,True,2,Flexible,JST,Office,78.0,Stable,84.4,8.6,5.4,6.9,Medium,0,12.3,135,4.9,Small (2-4),,13,1,True,True,2026-02-26 10:00:00,2023-12-13 09:00:00
EMP174,Yuki,Wilson,yuki.wilson174@company.com,HR,People Operations,Junior,Full-time,2019-08-30,0.5,47000,"HRIS,SAP HR","Leadership,Excel",,"Spanish,Japanese,French",5.3,5.0,40.0,True,1,8am-4pm,JST,Hybrid,66.4,Stable,83.0,4.8,5.4,3.6,Low,0,8.3,39,6.2,Large (9+),,0,1,True,True,2026-02-22 10:00:00,2019-08-30 09:00:00
EMP175,Sofia,Rodriguez,sofia.rodriguez175@company.com,Design,UI Designer,Mid,Full-time,2024-05-20,1.3,61000,"Sketch,Prototyping,Adobe XD","Leadership,Excel",Adobe Certified,"French,Mandarin",7.2,7.1,40.0,True,2,8am-4pm,UTC,Hybrid,70.2,Stable,86.0,9.7,8.3,4.2,Medium,38.7,1.8,106,7.9,Large (9+),,3,1,False,False,2026-02-16 10:00:00,2024-05-20 09:00:00
EMP176,James,Garcia,james.garcia176@company.com,Marketing,Content Strategist,Mid,Full-time,2018-06-15,4.7,41000,"Adobe Suite,A/B Testing,SEO","Scrum,Excel","Google Analytics Certified,Meta Blueprint","Spanish,Japanese,German",5.6,4.6,40.0,True,1,8am-4pm,EST,Remote,56.5,Stable,94.1,6.4,6.7,4.8,Low,44.0,3.0,65,5.6,Small (2-4),,9,1,True,False,2026-02-15 10:00:00,2018-06-15 09:00:00
EMP177,Nathan,Williams,nathan.williams177@company.com,HR,HR Specialist,Junior,Part-time,2023-02-07,0.5,53000,"Recruiting,HRIS","Data Analysis,PowerPoint","PHR,SHRM-SCP","Mandarin,Japanese,Arabic",5.1,3.2,20.0,True,2,9am-5pm,EST,Hybrid,57.4,Stable,100,7.3,6.2,8.3,High,51.8,2.1,273,8.0,Medium (5-8),,0,0,True,False,2026-02-21 10:00:00,2023-02-07 09:00:00
EMP178,Fatima,Martin,fatima.martin178@company.com,Sales,Account Manager,Mid,Full-time,2024-01-16,2.7,73000,"Excel,Prospecting,CRM","Agile,Communication",,"Japanese,Portuguese,Arabic",6.6,4.1,40.0,True,0,8am-4pm,EST,Office,75.1,Decreasing,99.1,8.7,6.9,3.7,Low,41.9,4.0,291,5.0,Medium (5-8),,10,1,True,False,2026-03-12 10:00:00,2024-01-16 09:00:00
EMP179,Tom,Patel,tom.patel179@company.com,Finance,Financial Analyst,Mid,Full-time,2022-09-05,5.4,78000,"Risk Analysis,VBA,SAP","Excel,Data Analysis","FRM,CFA","Mandarin,Arabic,Japanese",6.2,5.0,40.0,True,2,8am-4pm,UTC,Hybrid,59.8,Increasing,86.4,8.0,8.6,3.7,High,29.1,18.2,173,9.1,Small (2-4),,5,1,False,True,2026-02-11 10:00:00,2022-09-05 09:00:00
EMP180,Maria,Scott,maria.scott180@company.com,HR,HR Manager,Junior,Full-time,2018-03-16,0.5,41000,"Training,Employment Law","Presentation,Leadership","SHRM-SCP,SHRM-CP","Arabic,Spanish",5.6,4.2,40.0,True,0,10am-6pm,PST,Remote,65.3,Decreasing,86.2,6.0,7.6,5.2,Medium,24.1,7.1,23,7.9,Small (2-4),,4,0,False,True,2026-02-18 10:00:00,2018-03-16 09:00:00
EMP181,Raj,Brown,raj.brown181@company.com,Marketing,Campaign Manager,Senior,Full-time,2022-01-29,6.6,93000,"Content Marketing,A/B Testing,Adobe Suite,Social Media","PowerPoint,Leadership",HubSpot Marketing,"Portuguese,Mandarin",6.3,6.9,40.0,True,1,Flexible,IST,Remote,60.5,Increasing,86.9,7.1,6.1,6.6,Low,8.0,5.3,212,5.1,Small (2-4),,11,0,False,False,2026-02-28 10:00:00,2022-01-29 09:00:00
EMP182,Michael,Thomas,michael.thomas182@company.com,Engineering,DevOps Engineer,Senior,Full-time,2025-03-12,7.7,111000,"Go,Kubernetes,PostgreSQL,GCP","PowerPoint,Presentation","CISSP,Scrum Master","Japanese,German,French",7.7,9.6,40.0,True,2,Flexible,EST,Remote,67.3,Stable,64.8,8.2,6.3,3.2,High,27.1,5.6,270,6.4,Small (2-4),,4,1,True,False,2026-02-25 10:00:00,2025-03-12 09:00:00
EMP183,Mei,Taylor,mei.taylor183@company.com,Finance,Finance Manager,Mid,Full-time,2024-01-21,2.7,72000,"Excel,SAP,QuickBooks","PowerPoint,Scrum",,"French,Japanese,Hindi",5.2,4.9,40.0,True,2,9am-5pm,EST,Office,66.8,Stable,53.9,7.3,7.3,3.8,Low,45.1,15.1,63,4.6,Large (9+),,5,0,True,False,2026-02-28 10:00:00,2024-01-21 09:00:00
EMP184,Maria,Garcia,maria.garcia184@company.com,Operations,Logistics,Junior,Full-time,2019-06-17,1.1,37000,"Lean Six Sigma,Supply Chain","Data Analysis,Leadership","APICS CPIM,PMP","Arabic,English",5.2,3.5,40.0,False,3,Flexible,CET,Hybrid,82.7,Stable,92.2,5.9,4.4,1.0,Medium,22.6,3.3,258,5.0,Large (9+),,1,1,False,False,2026-03-12 10:00:00,2019-06-17 09:00:00
EMP185,Raj,Hall,raj.hall185@company.com,Finance,Accountant,Junior,Full-time,2018-04-25,0.5,48000,"Bloomberg,SAP","Agile,Scrum",FRM,"French,Portuguese,Hindi",5.1,3.9,40.0,False,3,8am-4pm,IST,Remote,96.3,Stable,89.4,7.6,6.5,5.2,Medium,4.0,1.4,22,4.8,Large (9+),,3,1,False,False,2026-02-13 10:00:00,2018-04-25 09:00:00
EMP186,Daniel,Martinez,daniel.martinez186@company.com,HR,HR Manager,Mid,Contract,2022-12-20,3.5,68000,"Employment Law,Recruiting,Conflict Resolution","Excel,Communication",,"Arabic,Spanish,Japanese",4.4,6.7,35.0,True,2,10am-6pm,IST,Remote,58.0,Stable,78.2,6.8,6.3,4.9,High,27.4,10.4,243,2.7,Large (9+),,7,1,False,False,2026-02-14 10:00:00,2022-12-20 09:00:00
EMP187,Sofia,Smith,sofia.smith187@company.com,Finance,Finance Manager,Mid,Full-time,2021-03-14,4.4,68000,"QuickBooks,SAP,Excel","Communication,Leadership",,"German,Arabic,Hindi",6.3,6.1,40.0,True,0,8am-4pm,JST,Remote,88.8,Increasing,100,6.8,6.6,6.2,High,21.9,7.8,163,8.5,Large (9+),,8,0,True,False,2026-02-12 10:00:00,2021-03-14 09:00:00
EMP188,Aisha,Johnson,aisha.johnson188@company.com,Engineering,Team Lead,Mid,Full-time,2019-02-20,5.0,70000,"Node.js,Java,Python","Data Analysis,Scrum",,"Hindi,Portuguese",7.1,5.6,40.0,False,3,10am-6pm,JST,Office,62.0,Stable,64.8,7.8,4.9,5.3,High,59.8,10.8,216,6.3,Large (9+),,8,1,False,True,2026-02-23 10:00:00,2019-02-20 09:00:00
EMP189,Jason,Allen,jason.allen189@company.com,Engineering,Team Lead,Junior,Full-time,2021-02-18,1.7,35000,"Go,Python","Data Analysis,Communication",,"Portuguese,Arabic",5.5,3.9,40.0,True,2,8am-4pm,JST,Remote,93.6,Increasing,66.9,4.8,4.5,4.2,Medium,9.6,6.8,235,7.8,Medium (5-8),,4,0,False,False,2026-03-02 10:00:00,2021-02-18 09:00:00
EMP190,Tom,Martin,tom.martin190@company.com,Operations,Logistics,Senior,Full-time,2019-12-27,5.7,114000,"Power BI,Lean Six Sigma,Excel,Supply Chain","Agile,Communication",Lean Six Sigma Green Belt,"German,English,Spanish",5.1,6.9,40.0,True,2,10am-6pm,UTC,Office,71.4,Decreasing,93.0,6.5,7.0,6.4,High,19.6,12.3,155,7.0,Large (9+),,10,0,False,False,2026-03-09 10:00:00,2019-12-27 09:00:00
EMP191,Zara,Smith,zara.smith191@company.com,Design,UI Designer,Junior,Contract,2021-01-28,2.4,34000,"Illustrator,User Research","Agile,Presentation",,English,5.5,6.2,35.0,True,2,10am-6pm,JST,Hybrid,61.5,Decreasing,64.2,8.3,7.0,3.5,High,0,8.7,208,6.2,Medium (5-8),,3,1,False,False,2026-02-11 10:00:00,2021-01-28 09:00:00
EMP192,Sarah,Nguyen,sarah.nguyen192@company.com,Engineering,Senior Engineer,Junior,Full-time,2018-09-15,2.7,42000,"Node.js,TypeScript","Data Analysis,Presentation",,English,4.7,2.3,40.0,True,2,8am-4pm,UTC,Remote,74.7,Stable,87.1,6.2,4.0,5.1,High,10.4,1.5,307,6.4,Medium (5-8),,2,0,False,True,2026-02-20 10:00:00,2018-09-15 09:00:00
EMP193,Aisha,Jackson,aisha.jackson193@company.com,Engineering,QA Engineer,Junior,Part-time,2022-08-11,0.5,50000,"Python,JavaScript","PowerPoint,Presentation",,"Mandarin,Japanese",5.1,6.1,20.0,True,0,8am-4pm,CET,Office,59.2,Increasing,86.2,5.5,7.7,6.3,Low,42.2,9.1,168,5.9,Medium (5-8),,5,1,True,False,2026-02-17 10:00:00,2022-08-11 09:00:00
EMP194,Chloe,Smith,chloe.smith194@company.com,Marketing,SEO Specialist,Mid,Full-time,2019-08-20,2.1,75000,"SEO,Content Marketing,Copywriting","Data Analysis,Agile","HubSpot Marketing,Meta Blueprint","Mandarin,Hindi,German",6.5,4.8,40.0,True,0,10am-6pm,JST,Remote,81.6,Increasing,68.4,6.8,7.5,6.2,Low,13.4,4.0,103,7.0,Medium (5-8),,4,0,False,False,2026-02-27 10:00:00,2019-08-20 09:00:00
EMP195,Aisha,Taylor,aisha.taylor195@company.com,Finance,Accountant,Junior,Full-time,2022-03-20,1.8,43000,"Financial Modeling,QuickBooks","Excel,Data Analysis",,Hindi,5.2,5.2,40.0,True,0,10am-6pm,PST,Hybrid,68.9,Increasing,86.0,7.6,7.1,4.3,Medium,37.7,0.9,15,6.9,Small (2-4),,0,0,False,False,2026-02-20 10:00:00,2022-03-20 09:00:00
EMP196,Michael,Thompson,michael.thompson196@company.com,Sales,Business Development,Lead,Full-time,2019-08-15,11.2,137000,"CRM,Communication,Negotiation,Salesforce","Data Analysis,Leadership","Salesforce Certified,HubSpot Certified","Spanish,French,Hindi",7.0,7.7,40.0,True,2,8am-4pm,JST,Hybrid,85.7,Stable,78.6,8.2,5.2,4.3,Low,35.2,3.0,126,5.5,Medium (5-8),,18,2,True,True,2026-02-26 10:00:00,2019-08-15 09:00:00
EMP197,Aisha,Allen,aisha.allen197@company.com,Marketing,Campaign Manager,Senior,Full-time,2020-04-11,5.4,91000,"Copywriting,Adobe Suite,A/B Testing,Content Marketing","Scrum,PowerPoint",HubSpot Marketing,"Mandarin,Hindi",5.9,6.6,40.0,True,1,9am-5pm,AEST,Hybrid,63.3,Increasing,100,4.5,5.8,4.8,Low,43.0,5.9,265,5.3,Medium (5-8),,4,0,True,True,2026-02-12 10:00:00,2020-04-11 09:00:00
EMP198,Oliver,Taylor,oliver.taylor198@company.com,Sales,Sales Representative,Junior,Full-time,2024-02-15,2.1,46000,"Prospecting,HubSpot","Communication,PowerPoint","Challenger Sales,Salesforce Certified",German,5.6,4.0,40.0,True,2,8am-4pm,PST,Remote,81.0,Stable,88.0,8.5,8.5,6.7,High,41.8,16.4,206,6.6,Large (9+),,5,0,False,False,2026-03-03 10:00:00,2024-02-15 09:00:00
EMP199,David,Nguyen,david.nguyen199@company.com,Operations,Project Coordinator,Mid,Contract,2024-04-06,1.1,75000,"Project Management,Excel,Power BI","Excel,Leadership",APICS CPIM,"Japanese,Portuguese,Spanish",6.3,5.5,35.0,True,1,9am-5pm,EST,Remote,65.3,Stable,98.4,5.2,7.0,4.6,Medium,36.3,15.3,353,5.2,Medium (5-8),,3,1,True,True,2026-02-20 10:00:00,2024-04-06 09:00:00
EMP200,Aisha,Jackson,aisha.jackson200@company.com,Finance,Accountant,Junior,Full-time,2023-06-25,0.5,49000,"Financial Modeling,Bloomberg","Scrum,PowerPoint","CPA,CFA",French,5.1,5.5,40.0,True,1,10am-6pm,CET,Office,65.7,Decreasing,84.6,8.8,7.4,4.7,Low,4.6,7.8,56,9.4,Small (2-4),,2,1,False,False,2026-02-20 10:00:00,2023-06-25 09:00:00
