project_id,project_name,project_description,project_type,client_id,department,priority,budget,complexity_level,start_date,planned_end_date,actual_end_date,current_status,completion_percentage,is_on_schedule,days_ahead_behind,project_manager_id,team_member_ids,team_size,required_skills,allocated_resources,consumed_resources,success_probability,delay_risk_score,budget_overrun_risk,quality_risk_score,scope_creep_indicator,stakeholder_satisfaction,total_milestones,completed_milestones,overdue_milestones,next_milestone_date,next_milestone_risk,communication_frequency,meeting_hours_per_week,collaboration_tools,documentation_quality,business_value,roi_estimate,strategic_importance,customer_impact,created_at,last_updated
PRJ001,API Gateway Integration,Strategic initiative to deliver api gateway integration for HR department.,Internal,,HR,High,272000.0,Very High,2023-07-26,2023-08-28,2023-08-22,Completed,100.0,False,0,EMP135,"EMP135,EMP126,EMP118,EMP119,EMP148,EMP011,EMP189,EMP024",8,"SAP HR,Training,HRIS,Recruiting",156582,106073,41.6,59.9,27.4,50.3,12.5,9.2,5,5,0,2025-07-05,27.6,As needed,4.7,"Jira,Confluence,Slack",6.0,Low,211.7,6.9,Minor,2023-05-10 11:32:02,2025-04-18 08:04:40
PRJ002,Data Pipeline Overhaul,Strategic initiative to deliver data pipeline overhaul for Design department.,Research,,Design,Low,488000.0,Low,2024-01-26,2024-08-18,2024-08-31,Completed,100.0,True,-5,EMP003,"EMP003,EMP182,EMP035,EMP084,EMP172,EMP192,EMP119",7,"Adobe XD,Sketch,Figma,Illustrator",158485,146697,54.9,44.6,48.4,32.0,15.7,6.8,10,10,0,2026-05-12,34.6,As needed,7.3,"Jira,Teams,Notion",6.8,Low,38.5,7.1,Major,2023-04-14 11:23:58,2024-09-01 11:05:01
PRJ003,Cloud Migration Overhaul,Strategic initiative to deliver cloud migration overhaul for HR department.,Product Development,,HR,Low,59000.0,High,2023-01-15,2023-08-05,2023-08-21,Completed,100.0,True,-2,EMP025,"EMP025,EMP043,EMP012,EMP107,EMP132",5,"HRIS,Recruiting,SAP HR,Workday",23411,21103,80.3,31.0,29.9,41.6,12.0,,9,9,0,2025-09-20,32.6,Daily,7.4,"Confluence,GitHub,Slack",5.2,High,392.9,5.5,Minor,2023-06-20 10:40:48,2025-12-05 13:54:42
PRJ004,Data Pipeline Overhaul,Strategic initiative to deliver data pipeline overhaul for HR department.,Product Development,,HR,Medium,1155000.0,Medium,2023-12-10,2024-01-18,2024-01-27,Completed,100.0,True,3,EMP164,"EMP164,EMP151,EMP181,EMP004,EMP060,EMP006",6,"SAP HR,HRIS,Recruiting,Conflict Resolution",389485,229452,48.7,53.9,13.8,43.2,8.4,7.0,4,4,0,2025-06-21,44.2,As needed,6.8,"Azure DevOps,Trello,Slack",7.3,High,112.1,9.7,None,2023-12-07 11:51:43,2025-12-13 11:38:55
PRJ005,Web Platform Optimization,Strategic initiative to deliver web platform optimization for HR department.,Client Project,,HR,High,106000.0,Medium,2023-11-26,2024-03-28,2024-04-01,Completed,100.0,True,2,EMP018,"EMP018,EMP163,EMP037,EMP053,EMP033,EMP024",6,"SAP HR,HRIS,Employment Law,Conflict Resolution",58233,66703,63.6,54.8,36.8,18.0,23.9,6.5,4,4,0,2025-12-02,40.7,As needed,7.8,"GitHub,Slack,Teams",8.4,Critical,344.5,6.8,Minor,2023-10-11 10:16:24,2025-04-19 12:29:18
PRJ006,API Gateway Integration,Strategic initiative to deliver api gateway integration for HR department.,Client Project,,HR,High,471000.0,Low,2024-09-12,2025-06-15,2025-06-07,Completed,100.0,False,-3,EMP040,"EMP040,EMP004,EMP129,EMP187,EMP186,EMP096",6,"SAP HR,Employment Law,HRIS,Conflict Resolution",200055,143183,36.2,34.1,5,23.3,0,6.4,10,10,0,2025-12-06,55.6,As needed,9.3,"Teams,Jira,GitHub",9.7,Low,285.0,7.3,Minor,2023-05-14 17:29:43,2024-05-30 12:15:38
PRJ007,Mobile App Redesign,Strategic initiative to deliver mobile app redesign for Finance department.,Marketing,CLT009,Finance,Critical,526000.0,Very High,2023-01-13,2023-04-12,2023-04-26,Completed,100.0,False,9,EMP102,"EMP102,EMP133,EMP049,EMP109,EMP043,EMP110,EMP065,EMP178,EMP078,EMP129,EMP137,EMP169",12,"Risk Analysis,QuickBooks,Excel,Financial Modeling",273615,274154,70.3,29.0,50.2,29.8,0,7.2,8,8,0,,34.2,As needed,2.6,"Jira,Teams,Azure DevOps",7.7,Medium,90.5,7.7,Minor,2023-05-13 14:28:40,2025-10-01 09:55:40
PRJ008,Mobile App Redesign,Strategic initiative to deliver mobile app redesign for Sales department.,Product Development,CLT013,Sales,Critical,43000.0,High,2023-10-28,2024-01-09,2024-01-11,Completed,100.0,True,-5,EMP150,"EMP150,EMP125,EMP173,EMP195,EMP026,EMP003",6,"Prospecting,Excel,Negotiation,Communication",25222,23513,73.5,14.3,48.3,12.8,23.7,7.6,6,6,0,,48.9,Bi-weekly,8.9,"Jira,Slack,Teams",8.0,Medium,29.8,5.0,None,2023-09-29 12:44:48,2024-09-11 13:28:39
PRJ009,Data Pipeline Automation,Strategic initiative to deliver data pipeline automation for Design department.,Research,CLT010,Design,High,572000.0,Low,2024-06-11,2025-02-07,2025-02-18,Completed,100.0,False,5,EMP005,"EMP005,EMP189,EMP084,EMP174,EMP114,EMP060,EMP156,EMP125",8,"Adobe XD,Illustrator,Figma,Sketch",307844,208924,94.8,5,45.1,18.7,38.8,5.7,4,4,0,2026-03-04,38.0,Daily,1.9,"Slack,Jira,Confluence",9.4,Critical,311.2,6.8,Major,2023-12-10 09:42:08,2025-07-01 18:46:31
PRJ010,Web Platform Automation,Strategic initiative to deliver web platform automation for Engineering department.,Internal,CLT005,Engineering,Critical,38000.0,Low,2023-08-18,2024-07-07,2024-07-21,Completed,100.0,True,0,EMP097,"EMP097,EMP165,EMP144,EMP112,EMP060,EMP058,EMP067,EMP030,EMP075",9,"AWS,Java,FastAPI,MongoDB",15279,13350,81.4,37.3,41.6,5,24.5,8.3,4,4,0,2026-05-06,5,Weekly,2.0,"Slack,Azure DevOps,Teams",5.9,High,338.1,9.9,Major,2023-12-15 15:09:38,2024-10-17 10:47:42
PRJ011,Web Platform Integration,Strategic initiative to deliver web platform integration for Operations department.,Product Development,CLT006,Operations,Medium,112000.0,High,2024-09-05,2025-03-17,2025-03-16,Completed,100.0,True,-1,EMP181,"EMP123,EMP162,EMP056,EMP127,EMP075,EMP181,EMP097,EMP016,EMP086,EMP040,EMP184,EMP054",12,"Supply Chain,Power BI,ERP,Lean Six Sigma",35366,38632,55.8,45.5,19.3,42.7,23.0,9.7,9,9,0,2025-08-07,40.3,Daily,8.6,"Azure DevOps,Teams,Notion",4.1,Medium,239.3,4.4,Minor,2023-04-18 11:51:47,2024-07-19 18:00:23
PRJ012,Web Platform Automation,Strategic initiative to deliver web platform automation for Design department.,Client Project,,Design,Medium,64000.0,High,2023-04-15,2023-07-29,2023-07-31,Completed,100.0,True,-3,EMP015,"EMP015,EMP122,EMP046,EMP014",4,"Prototyping,Photoshop,Adobe XD,Illustrator",31682,27713,76.1,39.9,5,16.9,10.4,5.3,9,9,0,2026-04-20,38.4,Bi-weekly,1.1,"Jira,Slack,Trello",4.8,Medium,28.8,6.7,Major,2023-05-21 09:50:37,2024-07-04 14:30:41
PRJ013,Web Platform Automation,Strategic initiative to deliver web platform automation for Design department.,Research,CLT020,Design,Low,1023000.0,Very High,2023-11-02,2024-09-19,2024-09-13,Completed,100.0,True,3,EMP048,"EMP048,EMP006,EMP101,EMP143,EMP138,EMP136,EMP126,EMP017,EMP133",9,"User Research,Sketch,Figma,Photoshop",558198,514302,77.0,39.8,37.3,36.4,16.9,7.2,4,4,0,2026-02-15,42.0,Daily,3.2,"Slack,Azure DevOps,Confluence",6.8,Critical,73.1,4.8,Moderate,2023-11-07 16:32:13,2025-12-05 09:42:52
PRJ014,Mobile App Launch,Strategic initiative to deliver mobile app launch for Engineering department.,Marketing,,Engineering,High,232000.0,High,2023-02-07,2023-06-13,2023-06-07,Completed,100.0,False,-7,EMP155,"EMP155,EMP152,EMP092,EMP072,EMP033,EMP187,EMP160,EMP109,EMP020,EMP141,EMP066",11,"SQL,Docker,AWS,GCP",132495,95403,70.8,15.7,7.7,34.3,34.1,6.6,9,9,0,2026-04-06,62.2,Bi-weekly,2.1,"Jira,Notion,Azure DevOps",5.9,Low,157.9,7.5,Moderate,2023-05-20 10:55:51,2024-08-19 12:00:06
PRJ015,API Gateway Automation,Strategic initiative to deliver api gateway automation for HR department.,Marketing,,HR,Low,40000.0,Medium,2024-01-23,2024-04-15,2024-04-30,Completed,100.0,True,-1,EMP151,"EMP151,EMP136,EMP090,EMP180,EMP147,EMP073,EMP142,EMP070,EMP156,EMP026",10,"Conflict Resolution,HRIS,Training,SAP HR",23358,16623,59.2,23.5,47.4,9.5,0.7,9.0,9,9,0,2026-01-01,53.9,As needed,5.5,"Azure DevOps,Teams,GitHub",10.0,Medium,136.0,9.5,Major,2023-06-10 09:40:05,2024-03-19 11:05:10
PRJ016,Data Pipeline Automation,Strategic initiative to deliver data pipeline automation for Finance department.,Product Development,CLT017,Finance,Low,53000.0,Very High,2023-03-28,2023-09-20,2023-09-27,Completed,100.0,False,-15,EMP109,"EMP109,EMP035,EMP123,EMP128,EMP132,EMP176,EMP174,EMP137,EMP179,EMP032,EMP104",11,"Financial Modeling,Risk Analysis,Bloomberg,VBA",30383,30284,41.6,38.7,40.3,29.4,23.3,8.8,8,8,0,2025-07-28,37.4,Weekly,8.5,"Jira,Confluence,Trello",5.8,Low,300.4,6.7,Major,2023-04-22 12:59:59,2025-10-20 16:52:57
PRJ017,Web Platform Integration,Strategic initiative to deliver web platform integration for Engineering department.,Research,,Engineering,High,48000.0,Medium,2024-09-24,2025-06-30,2025-06-21,Completed,100.0,True,0,EMP077,"EMP077,EMP002,EMP090,EMP185,EMP048,EMP103,EMP091,EMP003",8,"Django,Kubernetes,Rust,Go",17245,14197,49.1,61.8,11.1,17.3,32.5,7.4,4,4,0,2025-08-11,12.7,Weekly,2.0,"Azure DevOps,Slack,Jira",7.6,Critical,180.0,6.3,Minor,2023-09-03 18:17:07,2025-03-07 15:35:31
PRJ018,API Gateway Integration,Strategic initiative to deliver api gateway integration for Operations department.,Marketing,,Operations,Medium,250000.0,Very High,2023-11-29,2024-07-20,2024-07-26,Completed,100.0,False,9,EMP034,"EMP034,EMP006,EMP033,EMP040",4,"Lean Six Sigma,Excel,Power BI,ERP",132554,78101,73.3,14.9,24.0,23.1,0,8.4,3,3,0,2025-09-10,29.5,Daily,7.3,"Confluence,Jira,Azure DevOps",6.4,Low,70.3,5.7,None,2023-05-21 11:59:09,2025-03-12 08:39:12
PRJ019,Web Platform Launch,Strategic initiative to deliver web platform launch for Engineering department.,Product Development,,Engineering,High,230000.0,High,2024-01-25,2024-09-19,2024-09-25,Completed,100.0,True,-2,EMP057,"EMP057,EMP123,EMP016,EMP131,EMP165,EMP014,EMP078,EMP029",8,"SQL,AWS,PostgreSQL,Go",134067,129947,75.8,25.0,42.4,53.5,8.3,,3,3,0,2025-06-07,31.4,Bi-weekly,7.7,"Notion,GitHub,Azure DevOps",6.2,High,110.5,6.1,None,2023-02-24 10:40:47,2025-09-08 09:02:37
PRJ020,Cloud Migration Launch,Strategic initiative to deliver cloud migration launch for Design department.,Marketing,CLT004,Design,Low,309000.0,Very High,2023-07-17,2024-03-31,2024-04-19,Completed,100.0,False,6,EMP078,"EMP078,EMP052,EMP137,EMP185,EMP040,EMP012,EMP033,EMP050,EMP108,EMP141",10,"Photoshop,User Research,Figma,Adobe XD",163092,175629,89.6,5,8.8,23.2,17.7,5.5,8,8,0,2025-12-21,15.6,Daily,2.5,"Trello,Azure DevOps,Teams",6.0,Medium,21.4,7.4,Minor,2023-10-31 08:56:59,2025-06-09 15:32:45
PRJ021,Web Platform Launch,Strategic initiative to deliver web platform launch for Design department.,Client Project,CLT007,Design,Low,54000.0,High,2023-09-23,2024-03-26,2024-04-12,Completed,100.0,False,20,EMP031,"EMP031,EMP012,EMP137,EMP061,EMP075",5,"Prototyping,Photoshop,Sketch,User Research",31461,19575,90.3,45.6,5,12.7,1.2,8.4,3,3,0,2025-06-30,48.7,Bi-weekly,2.6,"Slack,Azure DevOps,Notion",7.1,Low,294.6,4.7,Moderate,2023-11-17 18:38:35,2024-07-30 15:14:20
PRJ022,API Gateway Redesign,Strategic initiative to deliver api gateway redesign for Marketing department.,Marketing,CLT006,Marketing,High,104000.0,Medium,2024-08-18,2025-08-05,2025-08-20,Completed,100.0,True,2,EMP060,"EMP060,EMP038,EMP123,EMP024,EMP127,EMP047,EMP118,EMP048,EMP046",9,"SEO,Copywriting,Google Analytics,Social Media",60633,33004,36.5,31.3,64.4,26.8,14.0,5.6,7,7,0,,24.6,As needed,1.2,"Slack,Trello,Notion",7.7,Low,121.7,6.1,None,2023-01-05 09:34:47,2024-12-12 09:12:08
PRJ023,Web Platform Redesign,Strategic initiative to deliver web platform redesign for HR department.,Client Project,,HR,High,50000.0,Medium,2024-03-30,2024-07-21,2024-07-20,Completed,100.0,True,-5,EMP140,"EMP161,EMP140,EMP032,EMP006,EMP012,EMP027,EMP076",7,"Conflict Resolution,SAP HR,Recruiting,Training",27547,14145,73.5,38.5,61.1,42.4,4.6,8.8,6,6,0,2025-07-14,20.1,Bi-weekly,6.4,"Trello,Jira,Notion",6.4,High,257.4,5.6,Moderate,2023-09-13 18:23:59,2024-09-28 09:50:00
PRJ024,Data Pipeline Launch,Strategic initiative to deliver data pipeline launch for Operations department.,Marketing,,Operations,Critical,75000.0,High,2025-03-07,2026-03-07,,Completed,99,True,2,EMP018,"EMP018,EMP110,EMP187,EMP072",4,"Lean Six Sigma,Power BI,Supply Chain,Excel",44882,24483,52.2,22.4,5,20.9,15.6,8.0,8,7,0,2026-02-25,18.5,Daily,3.1,"Slack,Jira,GitHub",4.7,High,232.2,10.0,None,2023-06-28 13:54:54,2024-05-22 12:29:09
PRJ025,Data Pipeline Optimization,Strategic initiative to deliver data pipeline optimization for Operations department.,Client Project,,Operations,Low,183000.0,Low,2024-03-07,2024-08-08,2024-08-04,Completed,100.0,True,-3,EMP031,"EMP031,EMP188,EMP007,EMP179,EMP109",5,"Project Management,Excel,Supply Chain,Power BI",60720,52540,61.1,32.2,5,31.7,26.3,8.8,5,5,0,2026-01-14,22.9,Daily,3.6,"Confluence,Slack,Notion",9.5,Medium,24.1,7.2,Major,2023-12-15 15:35:45,2024-09-21 17:32:19
PRJ026,Data Pipeline Launch,Strategic initiative to deliver data pipeline launch for Design department.,Marketing,,Design,Medium,1063000.0,Very High,2024-03-09,2024-06-27,2024-06-25,Completed,100.0,True,-3,EMP191,"EMP191,EMP159,EMP015,EMP057,EMP101,EMP048",6,"Adobe XD,Sketch,Figma,Photoshop",343522,327700,88.0,42.8,27.4,17.1,12.0,,9,9,0,,40.9,Weekly,6.7,"Slack,Jira,Confluence",6.5,Low,391.1,4.1,Major,2023-01-24 08:20:05,2024-11-12 08:22:48
PRJ027,Data Pipeline Integration,Strategic initiative to deliver data pipeline integration for Marketing department.,Research,,Marketing,Medium,50000.0,Low,2024-05-27,2024-10-03,2024-10-03,Completed,100.0,False,-7,EMP180,"EMP180,EMP105,EMP190,EMP129",4,"Social Media,SEO,Email Marketing,A/B Testing",26626,11155,62.3,31.4,14.4,37.6,11.7,7.3,3,3,0,2025-11-22,5,Weekly,4.1,"Notion,Azure DevOps,Teams",9.3,Critical,110.9,7.3,None,2023-03-20 17:40:31,2024-04-09 08:09:49
PRJ028,Data Pipeline Launch,Strategic initiative to deliver data pipeline launch for Operations department.,Internal,CLT004,Operations,Medium,37000.0,High,2024-07-14,2024-09-26,2024-10-01,Completed,100.0,True,-1,EMP042,"EMP042,EMP148,EMP094,EMP091",4,"ERP,Supply Chain,Excel,Power BI",18988,14594,76.8,24.8,5,41.5,26.1,7.2,10,10,0,2026-02-15,74.2,Daily,6.6,"Slack,Notion,Jira",3.8,Low,78.7,8.0,Major,2023-02-07 11:24:55,2025-04-18 18:05:22
PRJ029,Data Pipeline Overhaul,Strategic initiative to deliver data pipeline overhaul for HR department.,Research,,HR,Medium,449000.0,Very High,2024-10-19,2025-08-18,2025-09-05,Completed,100.0,True,-3,EMP188,"EMP188,EMP197,EMP111,EMP052",4,"HRIS,Conflict Resolution,Training,Workday",177438,212420,78.9,5,5,20.8,10.7,8.3,10,10,0,,5,Daily,9.6,"Trello,Confluence,GitHub",6.6,Low,124.1,5.9,None,2023-06-02 15:55:26,2025-06-21 11:42:57
PRJ030,Cloud Migration Integration,Strategic initiative to deliver cloud migration integration for Marketing department.,Marketing,CLT003,Marketing,Medium,128000.0,Medium,2025-04-30,2025-06-26,2025-06-18,Completed,100.0,True,-1,EMP043,"EMP043,EMP108,EMP124,EMP122,EMP138,EMP177",6,"Email Marketing,Copywriting,A/B Testing,Content Marketing",55173,62350,99,33.8,44.4,12.9,6.4,9.4,3,3,0,2025-10-13,51.9,Weekly,6.7,"Jira,Slack,GitHub",7.0,Medium,179.7,5.3,Major,2023-04-21 13:13:12,2025-11-26 17:00:23
PRJ031,Web Platform Optimization,Strategic initiative to deliver web platform optimization for Operations department.,Internal,CLT010,Operations,High,98000.0,Very High,2023-01-17,2023-07-20,2023-08-07,Completed,100.0,False,-8,EMP180,"EMP180,EMP117,EMP106,EMP091,EMP139,EMP110,EMP134,EMP196,EMP086,EMP030",10,"Power BI,ERP,Project Management,Supply Chain",40370,34000,67.4,33.2,17.1,7.8,1.6,6.3,9,9,0,,42.4,As needed,5.5,"Slack,Notion,Confluence",7.6,Critical,229.6,5.4,None,2023-04-11 15:07:22,2025-04-20 14:58:52
PRJ032,Cloud Migration Launch,Strategic initiative to deliver cloud migration launch for Design department.,Research,CLT019,Design,Medium,117000.0,Very High,2023-01-08,2023-08-17,2023-09-01,Completed,100.0,True,5,EMP068,"EMP068,EMP173,EMP062,EMP002,EMP009,EMP004,EMP007",7,"Adobe XD,Photoshop,Illustrator,Figma",64611,52669,76.2,5.1,42.7,35.4,22.3,7.4,8,8,0,,33.8,Weekly,5.5,"Trello,GitHub,Notion",9.3,High,338.2,7.5,None,2023-02-17 08:27:00,2025-10-05 17:09:01
PRJ033,Web Platform Automation,Strategic initiative to deliver web platform automation for Finance department.,Client Project,,Finance,Medium,581000.0,Low,2023-03-22,2024-02-07,2024-02-09,Completed,100.0,False,14,EMP163,"EMP163,EMP062,EMP168,EMP057,EMP077,EMP050,EMP138,EMP063",8,"Financial Modeling,QuickBooks,Risk Analysis,VBA",289209,179301,81.1,49.5,36.6,5,32.5,,3,3,0,2025-07-08,44.7,Daily,2.9,"Trello,Teams,Confluence",5.9,Medium,88.3,4.9,None,2023-04-02 18:36:40,2025-09-13 08:07:21
PRJ034,Mobile App Launch,Strategic initiative to deliver mobile app launch for Marketing department.,Research,CLT003,Marketing,Critical,83000.0,High,2024-09-20,2025-08-23,2025-08-30,Completed,100.0,True,-1,EMP032,"EMP032,EMP008,EMP138,EMP006,EMP133,EMP132",6,"Adobe Suite,Social Media,SEO,Google Analytics",33986,38026,59.0,50.6,16.8,43.8,0.6,7.5,5,5,0,2025-09-07,42.4,Bi-weekly,9.7,"Jira,Azure DevOps,Trello",9.7,High,82.9,7.4,Major,2023-08-17 14:38:47,2024-10-05 13:39:06
PRJ035,Cloud Migration Launch,Strategic initiative to deliver cloud migration launch for Finance department.,Research,,Finance,Medium,266000.0,Medium,2024-03-15,2024-07-25,2024-08-02,Completed,100.0,False,-11,EMP116,"EMP116,EMP131,EMP065,EMP151,EMP105",5,"QuickBooks,Financial Modeling,Excel,Risk Analysis",149805,173819,93.1,19.4,10.5,21.4,9.0,7.4,9,9,0,2026-01-25,32.7,Bi-weekly,9.1,"Jira,Teams,Confluence",5.5,Low,233.2,5.0,None,2023-10-21 18:26:43,2026-02-13 14:20:52
PRJ036,Mobile App Automation,Strategic initiative to deliver mobile app automation for Marketing department.,Marketing,,Marketing,Critical,264000.0,Low,2023-07-21,2023-09-14,2023-09-29,Completed,100.0,True,-1,EMP108,"EMP108,EMP116,EMP044,EMP154",4,"Google Analytics,Content Marketing,Email Marketing,Copywriting",97925,40836,76.1,33.8,34.3,5,11.9,9.5,3,3,0,2026-03-12,23.8,Bi-weekly,7.3,"GitHub,Teams,Notion",7.0,Low,340.4,7.4,Minor,2023-01-25 08:08:06,2024-11-26 14:14:10
PRJ037,Data Pipeline Launch,Strategic initiative to deliver data pipeline launch for Engineering department.,Marketing,,Engineering,Low,43000.0,Medium,2025-01-11,2025-08-17,2025-09-02,Completed,100.0,False,-12,EMP067,"EMP067,EMP013,EMP078",3,"React,Node.js,GCP,Java",21774,22499,67.3,15.3,23.2,5,16.9,7.1,5,5,0,2025-07-18,63.8,Bi-weekly,7.4,"Notion,Azure DevOps,Jira",5.7,Medium,284.1,3.8,None,2023-09-11 08:13:00,2025-11-17 11:29:52
PRJ038,Cloud Migration Optimization,Strategic initiative to deliver cloud migration optimization for HR department.,Marketing,,HR,Medium,83000.0,High,2024-05-14,2024-08-05,2024-08-05,Completed,100.0,True,3,EMP132,"EMP132,EMP080,EMP182,EMP117,EMP168,EMP040,EMP130,EMP028",8,"Training,Employment Law,Recruiting,HRIS",33955,40069,63.1,32.3,27.5,21.8,5.8,7.7,6,6,0,2026-02-27,25.5,Daily,4.2,"Teams,Jira,GitHub",10.0,Critical,213.0,8.0,None,2023-01-26 18:24:46,2025-03-08 11:18:12
PRJ039,Web Platform Redesign,Strategic initiative to deliver web platform redesign for HR department.,Marketing,CLT008,HR,High,77000.0,Very High,2024-08-31,2025-02-18,2025-02-24,Completed,100.0,True,-4,EMP175,"EMP175,EMP064,EMP029",3,"SAP HR,Training,Recruiting,HRIS",43776,37655,73.9,25.9,5,18.8,23.1,7.7,4,4,0,2026-04-02,12.0,Daily,1.8,"GitHub,Notion,Confluence",8.4,Medium,139.7,4.1,None,2023-03-27 10:21:57,2025-04-11 10:00:42
PRJ040,Mobile App Redesign,Strategic initiative to deliver mobile app redesign for HR department.,Research,CLT017,HR,High,701000.0,Low,2023-12-09,2024-01-18,2024-01-13,Completed,100.0,False,-5,EMP174,"EMP174,EMP091,EMP122",3,"Recruiting,Workday,Conflict Resolution,SAP HR",393938,306505,56.1,31.1,5,13.7,14.7,8.8,7,7,0,2025-11-02,56.8,As needed,2.0,"Slack,Jira,Teams",5.4,Medium,270.6,8.0,Minor,2023-10-23 14:23:13,2026-02-01 09:12:58
PRJ041,Cloud Migration Redesign,Strategic initiative to deliver cloud migration redesign for HR department.,Product Development,CLT019,HR,High,204000.0,High,2023-10-08,2024-09-22,2024-10-03,Completed,100.0,False,18,EMP045,"EMP045,EMP090,EMP085,EMP101,EMP151,EMP107,EMP071",7,"Recruiting,Training,SAP HR,HRIS",96666,92941,83.7,18.8,27.2,40.5,11.5,7.0,9,9,0,,15.4,Daily,3.0,"Jira,Slack,Teams",6.5,Low,39.0,8.5,Minor,2023-06-29 12:50:54,2025-05-29 18:49:35
PRJ042,API Gateway Launch,Strategic initiative to deliver api gateway launch for Sales department.,Product Development,,Sales,High,477000.0,Medium,2024-12-31,2025-06-17,2025-06-11,Completed,100.0,True,4,EMP021,"EMP021,EMP009,EMP122,EMP091,EMP064,EMP174,EMP164",7,"Communication,Salesforce,Negotiation,Excel",281464,134684,61.3,36.7,19.9,31.9,27.0,6.9,7,7,0,,5,Bi-weekly,5.2,"Trello,Teams,GitHub",6.6,Critical,195.3,6.9,Major,2023-02-15 10:39:58,2024-11-05 11:37:32
PRJ043,Mobile App Launch,Strategic initiative to deliver mobile app launch for Marketing department.,Marketing,,Marketing,Medium,299000.0,Low,2024-09-27,2025-08-01,2025-08-19,Completed,100.0,True,1,EMP033,"EMP033,EMP002,EMP119,EMP196,EMP133,EMP118,EMP014,EMP022,EMP015",9,"Social Media,Adobe Suite,SEO,A/B Testing",147994,98680,68.2,28.6,5,23.7,32.8,8.1,10,10,0,2025-06-04,16.5,Weekly,2.0,"Slack,Jira,Azure DevOps",8.3,Medium,97.6,4.8,Major,2023-01-13 16:28:25,2024-02-26 09:19:25
PRJ044,Data Pipeline Integration,Strategic initiative to deliver data pipeline integration for HR department.,Marketing,CLT004,HR,Medium,80000.0,High,2025-04-19,2025-09-16,2025-10-02,Completed,100.0,True,4,EMP175,"EMP175,EMP158,EMP032,EMP111,EMP038,EMP163,EMP006,EMP048,EMP037,EMP191",10,"SAP HR,Training,Recruiting,Conflict Resolution",41800,35001,56.3,40.5,44.6,22.9,13.4,7.4,7,7,0,2026-04-27,18.1,Bi-weekly,9.7,"GitHub,Notion,Teams",5.6,High,23.5,7.8,Minor,2023-06-28 16:24:32,2024-03-05 10:41:09
PRJ045,API Gateway Optimization,Strategic initiative to deliver api gateway optimization for Marketing department.,Client Project,,Marketing,High,1165000.0,Medium,2023-12-14,2024-09-04,2024-09-16,Completed,100.0,True,5,EMP078,"EMP078,EMP166,EMP124,EMP097,EMP121,EMP156,EMP169,EMP047,EMP148",9,"Social Media,Google Analytics,Email Marketing,A/B Testing",533139,268456,84.8,5,25.1,15.1,22.8,7.9,8,8,0,2025-07-24,5,Weekly,7.6,"Trello,GitHub,Teams",7.5,High,63.5,6.2,None,2023-08-15 13:38:40,2024-01-31 10:20:06
PRJ046,Mobile App Overhaul,Strategic initiative to deliver mobile app overhaul for Design department.,Research,CLT014,Design,High,715000.0,High,2024-01-22,2024-04-29,2024-05-09,Completed,100.0,True,-1,EMP126,"EMP126,EMP074,EMP058,EMP052,EMP190,EMP042,EMP112,EMP136,EMP050,EMP023",10,"Adobe XD,Prototyping,Photoshop,Illustrator",420384,200508,73.8,42.7,34.9,5,0,9.5,3,3,0,2025-07-05,5,Daily,2.1,"Azure DevOps,Slack,Trello",4.8,Critical,107.6,5.1,Minor,2023-05-29 12:24:45,2025-01-01 09:55:55
PRJ047,Mobile App Launch,Strategic initiative to deliver mobile app launch for Sales department.,Internal,,Sales,High,631000.0,Medium,2023-03-18,2024-01-15,2024-01-23,Completed,100.0,True,4,EMP129,"EMP129,EMP159,EMP015,EMP140,EMP179,EMP029,EMP150",7,"Salesforce,HubSpot,Negotiation,CRM",375748,346660,62.0,30.7,32.0,50.8,6.7,,9,9,0,2025-07-07,5,Daily,9.0,"GitHub,Jira,Confluence",6.9,Critical,212.9,5.6,Moderate,2023-08-09 15:19:50,2024-08-21 08:59:03
PRJ048,API Gateway Launch,Strategic initiative to deliver api gateway launch for Engineering department.,Marketing,CLT014,Engineering,Medium,77000.0,Low,2024-07-01,2025-06-07,2025-06-24,Completed,100.0,True,-5,EMP142,"EMP142,EMP100,EMP197,EMP097,EMP179,EMP033,EMP111,EMP180,EMP110,EMP141",10,"Python,PostgreSQL,SQL,Docker",25826,23050,70.4,5,19.6,19.0,22.8,5.2,6,6,0,,38.8,Daily,3.8,"Teams,Confluence,Jira",7.7,Critical,201.9,7.1,Moderate,2023-10-06 11:31:45,2026-01-22 13:57:58
PRJ049,Cloud Migration Overhaul,Strategic initiative to deliver cloud migration overhaul for Operations department.,Marketing,,Operations,High,434000.0,Medium,2024-03-30,2024-09-30,2024-10-20,Completed,100.0,True,5,EMP063,"EMP063,EMP082,EMP179,EMP139,EMP129,EMP027,EMP014,EMP089,EMP106,EMP181,EMP160",11,"Project Management,Lean Six Sigma,Supply Chain,ERP",156703,79872,74.2,34.4,5,48.3,18.0,7.3,7,7,0,,56.4,As needed,5.5,"Trello,Teams,GitHub",8.0,Medium,270.8,6.9,None,2023-12-05 12:02:34,2026-02-20 13:59:01
PRJ050,Cloud Migration Launch,Strategic initiative to deliver cloud migration launch for Finance department.,Internal,CLT015,Finance,Critical,978000.0,Medium,2025-04-28,2025-10-09,2025-10-24,Completed,100.0,True,-5,EMP088,"EMP088,EMP110,EMP187,EMP189,EMP193,EMP015,EMP028,EMP142,EMP100,EMP185,EMP174,EMP074",12,"Excel,QuickBooks,Risk Analysis,VBA",461402,394334,95.8,29.7,18.3,38.7,24.3,7.7,5,5,0,2025-10-07,40.1,Daily,3.8,"Notion,Trello,Confluence",5.1,Medium,188.6,6.8,None,2023-07-03 15:40:54,2025-07-23 11:26:03
PRJ051,Web Platform Automation,Strategic initiative to deliver web platform automation for Finance department.,Product Development,CLT002,Finance,Medium,1094000.0,High,2023-10-11,2024-09-17,2024-09-24,Completed,100.0,True,-3,EMP067,"EMP067,EMP127,EMP033,EMP059,EMP162,EMP045,EMP038",7,"QuickBooks,Excel,VBA,Risk Analysis",404563,373687,70.2,15.0,15.1,34.4,21.1,6.6,10,10,0,2025-12-08,29.0,As needed,1.6,"Trello,Confluence,Jira",9.0,High,147.3,6.9,Major,2023-11-30 13:30:18,2025-09-28 08:10:23
PRJ052,Cloud Migration Optimization,Strategic initiative to deliver cloud migration optimization for Engineering department.,Internal,CLT017,Engineering,High,64000.0,Very High,2023-06-03,2024-04-30,2024-04-20,Completed,100.0,True,0,EMP131,"EMP131,EMP183,EMP089,EMP056,EMP097,EMP150,EMP009,EMP169,EMP186,EMP039,EMP098",11,"GCP,MongoDB,TypeScript,React",37606,44896,40.6,10.0,9.7,43.7,23.6,7.4,9,9,0,2025-07-30,5,As needed,4.3,"Notion,Azure DevOps,Trello",8.3,Low,367.6,4.9,Major,2023-08-03 11:36:52,2024-05-08 16:15:49
PRJ053,Web Platform Integration,Strategic initiative to deliver web platform integration for HR department.,Client Project,,HR,High,997000.0,Very High,2024-11-12,2025-02-20,2025-03-01,Completed,100.0,True,0,EMP031,"EMP031,EMP108,EMP130,EMP038",4,"Conflict Resolution,Recruiting,HRIS,Training",562739,314280,53.2,32.2,21.6,22.9,19.1,6.0,3,3,0,2026-01-03,27.7,As needed,7.3,"Teams,Notion,Confluence",9.3,High,244.8,9.4,None,2023-01-24 09:47:58,2024-12-29 15:58:26
PRJ054,Mobile App Overhaul,Strategic initiative to deliver mobile app overhaul for Design department.,Research,,Design,Medium,101000.0,Very High,2025-01-28,2025-10-08,2025-10-07,Completed,100.0,False,-4,EMP186,"EMP186,EMP022,EMP039,EMP002,EMP152,EMP095,EMP173,EMP167,EMP117,EMP098,EMP083,EMP113",12,"Sketch,User Research,Illustrator,Prototyping",48119,55617,71.7,5,66.9,29.4,29.4,6.2,7,7,0,2025-10-21,23.2,Bi-weekly,2.5,"Azure DevOps,Confluence,Teams",6.5,Critical,105.0,8.8,Moderate,2023-11-07 09:59:14,2025-11-13 12:09:06
PRJ055,Data Pipeline Launch,Strategic initiative to deliver data pipeline launch for Sales department.,Client Project,CLT015,Sales,Medium,956000.0,Low,2025-05-08,2026-02-22,,Cancelled,99,False,19,EMP138,"EMP138,EMP126,EMP007,EMP095,EMP053,EMP073",6,"Excel,Salesforce,Negotiation,CRM",414376,207579,96.5,22.9,24.5,9.4,21.3,7.8,4,3,0,2026-01-19,5,Bi-weekly,9.0,"Slack,Teams,GitHub",6.8,High,92.4,2.9,None,2023-11-21 18:00:15,2024-05-20 17:24:55
PRJ056,Web Platform Automation,Strategic initiative to deliver web platform automation for Sales department.,Marketing,CLT014,Sales,High,70000.0,Medium,2023-09-29,2024-06-25,2024-06-19,Completed,100.0,True,2,EMP073,"EMP073,EMP163,EMP023,EMP133,EMP186",5,"Communication,Negotiation,Prospecting,Salesforce",22412,18965,59.8,57.6,5,35.8,2.4,5.8,5,5,0,2026-03-06,31.7,Daily,3.0,"Azure DevOps,Teams,Trello",6.0,Low,87.0,9.1,Moderate,2023-12-05 09:22:44,2025-02-11 10:49:56
PRJ057,Data Pipeline Automation,Strategic initiative to deliver data pipeline automation for HR department.,Research,,HR,Medium,478000.0,Medium,2024-09-07,2025-05-05,2025-05-16,Completed,100.0,True,3,EMP056,"EMP056,EMP144,EMP198,EMP083,EMP067,EMP173,EMP082,EMP106,EMP101",9,"Employment Law,HRIS,Recruiting,Workday",180784,80215,82.9,48.1,28.5,19.0,0,8.9,6,6,0,2025-11-28,5,Weekly,4.3,"Teams,Jira,Azure DevOps",6.3,Critical,346.7,7.0,Moderate,2023-06-19 14:13:35,2026-01-20 11:00:02
PRJ058,Data Pipeline Overhaul,Strategic initiative to deliver data pipeline overhaul for Operations department.,Product Development,,Operations,High,43000.0,Very High,2025-02-12,2025-12-08,2025-12-01,Completed,100.0,False,-13,EMP041,"EMP041,EMP007,EMP059,EMP162,EMP198,EMP177,EMP064",7,"Project Management,Power BI,Lean Six Sigma,Excel",14495,14890,96.7,26.9,5,27.0,30.4,7.1,7,7,0,2025-06-12,46.4,As needed,2.8,"Azure DevOps,Notion,GitHub",5.8,Low,104.5,6.8,Major,2023-10-15 12:30:18,2025-12-20 16:32:15
PRJ059,Web Platform Automation,Strategic initiative to deliver web platform automation for HR department.,Product Development,,HR,High,247000.0,Very High,2024-05-23,2025-01-09,2025-01-29,Completed,100.0,True,-4,EMP116,"EMP116,EMP007,EMP102,EMP198,EMP060,EMP115",6,"Employment Law,HRIS,Recruiting,Conflict Resolution",82173,53288,46.5,51.8,5,15.8,15.3,7.1,4,4,0,2025-12-28,24.0,Bi-weekly,7.2,"Trello,GitHub,Slack",7.7,High,282.4,6.6,Major,2023-06-10 18:15:20,2025-04-17 15:32:35
PRJ060,Data Pipeline Redesign,Strategic initiative to deliver data pipeline redesign for Operations department.,Product Development,CLT014,Operations,High,992000.0,High,2023-04-18,2023-12-21,2024-01-02,Completed,100.0,True,-5,EMP042,"EMP042,EMP032,EMP043,EMP051,EMP113,EMP030,EMP010,EMP109,EMP127,EMP044,EMP161",11,"Excel,ERP,Power BI,Supply Chain",520500,436006,43.3,23.5,16.9,10.0,13.8,6.1,7,7,0,2025-10-07,9.2,Weekly,9.4,"Confluence,Jira,Azure DevOps",6.6,High,178.2,4.3,Minor,2023-08-29 09:00:19,2025-12-19 11:12:44
PRJ061,API Gateway Launch,Strategic initiative to deliver api gateway launch for Engineering department.,Client Project,CLT018,Engineering,High,298000.0,Low,2024-04-14,2024-10-30,2024-10-23,Completed,100.0,True,-3,EMP018,"EMP018,EMP144,EMP058,EMP089,EMP161,EMP004,EMP050,EMP071",8,"Go,TypeScript,Docker,Django",167008,144892,67.8,45.3,50.7,36.1,0,6.4,9,9,0,2026-03-31,62.0,As needed,2.9,"Slack,Trello,Jira",6.5,Medium,54.7,6.9,Minor,2023-09-01 08:20:04,2024-02-23 10:32:51
PRJ062,Web Platform Automation,Strategic initiative to deliver web platform automation for HR department.,Research,CLT014,HR,Medium,747000.0,High,2024-11-11,2025-08-09,2025-08-09,Completed,100.0,False,0,EMP144,"EMP144,EMP199,EMP099,EMP181,EMP122,EMP091,EMP080,EMP134,EMP082",9,"Conflict Resolution,Recruiting,Employment Law,SAP HR",359766,205469,62.0,22.8,15.8,39.7,0,7.6,7,7,0,2026-04-12,11.7,Weekly,4.4,"Confluence,Notion,Slack",7.5,Medium,22.1,8.3,Moderate,2023-06-18 09:58:23,2024-09-16 16:58:00
PRJ063,Data Pipeline Automation,Strategic initiative to deliver data pipeline automation for Finance department.,Internal,,Finance,High,649000.0,Medium,2023-02-04,2024-01-31,2024-01-29,Completed,100.0,True,-1,EMP071,"EMP071,EMP008,EMP184",3,"Risk Analysis,VBA,Financial Modeling,Bloomberg",317797,251772,94.7,48.8,39.3,31.1,12.4,6.5,4,4,0,2025-10-21,39.5,Daily,4.0,"Notion,GitHub,Jira",8.9,High,216.2,8.4,None,2023-02-03 11:52:48,2025-05-28 10:46:17
PRJ064,Mobile App Optimization,Strategic initiative to deliver mobile app optimization for Engineering department.,Marketing,CLT004,Engineering,Low,193000.0,Low,2024-03-30,2024-05-21,2024-05-19,Completed,100.0,True,1,EMP045,"EMP045,EMP071,EMP144",3,"Rust,GCP,AWS,Django",84896,90744,64.4,63.3,18.4,22.5,6.8,7.2,10,10,0,2025-10-05,35.8,Weekly,7.7,"Confluence,GitHub,Slack",6.1,High,73.4,7.6,Moderate,2023-07-31 11:53:12,2024-10-06 11:11:18
PRJ065,Web Platform Launch,Strategic initiative to deliver web platform launch for Marketing department.,Research,CLT017,Marketing,Medium,454000.0,Very High,2023-09-28,2023-12-14,2023-12-19,Completed,100.0,True,5,EMP134,"EMP134,EMP176,EMP044,EMP010,EMP150,EMP099,EMP040,EMP138,EMP146,EMP054",10,"Adobe Suite,Google Analytics,A/B Testing,Copywriting",246646,255776,64.8,19.2,40.3,35.4,6.9,8.3,7,7,0,2025-06-18,44.9,Daily,2.4,"GitHub,Confluence,Trello",7.9,Low,91.1,5.8,Minor,2023-01-12 15:51:39,2025-04-12 17:36:44
PRJ066,Cloud Migration Overhaul,Strategic initiative to deliver cloud migration overhaul for HR department.,Research,CLT019,HR,Low,318000.0,High,2024-04-29,2024-09-30,2024-09-28,Completed,100.0,True,2,EMP174,"EMP174,EMP011,EMP060,EMP196,EMP130,EMP028,EMP108,EMP110,EMP199",9,"Training,Recruiting,Conflict Resolution,Workday",133632,56506,77.0,32.9,15.4,11.4,24.9,5.8,7,7,0,2025-08-28,37.2,Daily,2.7,"Teams,GitHub,Slack",6.9,High,21.9,5.4,Minor,2023-06-26 09:30:35,2025-12-04 14:44:13
PRJ067,Web Platform Optimization,Strategic initiative to deliver web platform optimization for HR department.,Research,,HR,Medium,248000.0,Low,2025-05-01,2026-01-23,,Planning,33.4,False,10,EMP198,"EMP198,EMP173,EMP187,EMP109,EMP153,EMP101,EMP137,EMP019",8,"Employment Law,Training,SAP HR,Recruiting",129488,112544,78.5,23.3,17.2,23.9,22.6,6.5,5,1,1,,37.2,Bi-weekly,4.5,"GitHub,Slack,Confluence",8.5,Medium,171.3,6.0,None,2023-08-27 09:22:43,2026-01-20 09:41:55
PRJ068,API Gateway Integration,Strategic initiative to deliver api gateway integration for HR department.,Product Development,CLT004,HR,Critical,53000.0,Very High,2023-06-14,2023-12-24,2023-12-18,Completed,100.0,True,2,EMP003,"EMP003,EMP172,EMP103,EMP109,EMP198,EMP014,EMP078,EMP067,EMP190,EMP163",10,"Training,Conflict Resolution,Recruiting,HRIS",28658,21786,99,32.1,21.3,8.8,0,7.3,8,8,0,,28.0,As needed,5.1,"Slack,Azure DevOps,Notion",7.7,High,115.9,5.6,None,2023-10-05 12:11:18,2024-12-31 14:01:28
PRJ069,Cloud Migration Overhaul,Strategic initiative to deliver cloud migration overhaul for Marketing department.,Internal,,Marketing,Low,479000.0,Low,2024-10-13,2024-11-30,2024-12-09,Completed,100.0,False,19,EMP190,"EMP190,EMP045,EMP022,EMP137,EMP025,EMP033,EMP187,EMP038,EMP163",9,"A/B Testing,Adobe Suite,Email Marketing,Google Analytics",183174,215684,80.7,15.1,46.8,15.1,26.5,8.3,10,10,0,2025-07-11,60.3,As needed,9.7,"Teams,Azure DevOps,Confluence",9.1,Medium,283.8,6.4,None,2023-07-11 17:30:13,2026-02-17 14:17:47
PRJ070,API Gateway Redesign,Strategic initiative to deliver api gateway redesign for Design department.,Marketing,CLT001,Design,Medium,86000.0,High,2023-10-11,2024-07-23,2024-08-03,Completed,100.0,True,-3,EMP174,"EMP174,EMP002,EMP105,EMP054,EMP005,EMP107,EMP169",7,"Prototyping,User Research,Photoshop,Illustrator",37731,38946,51.9,15.1,16.5,33.1,16.7,7.4,6,6,0,2025-11-25,52.7,As needed,2.9,"Confluence,Notion,Teams",9.4,High,173.1,5.1,None,2023-11-20 15:35:22,2024-03-26 11:47:33
PRJ071,Web Platform Integration,Strategic initiative to deliver web platform integration for Marketing department.,Internal,CLT020,Marketing,Low,58000.0,Very High,2023-10-26,2024-05-04,2024-05-08,Completed,100.0,True,4,EMP150,"EMP150,EMP091,EMP145,EMP111,EMP107",5,"Social Media,SEO,Google Analytics,Adobe Suite",22340,22234,53.5,20.2,59.9,24.6,0,9.0,5,5,0,2025-09-20,26.7,Bi-weekly,3.9,"Notion,GitHub,Slack",5.8,High,210.9,3.9,Major,2023-04-26 14:31:48,2025-04-20 12:52:59
PRJ072,Cloud Migration Overhaul,Strategic initiative to deliver cloud migration overhaul for HR department.,Marketing,CLT020,HR,Medium,642000.0,Low,2023-07-01,2024-02-20,2024-02-19,Completed,100.0,False,14,EMP168,"EMP175,EMP026,EMP099,EMP149,EMP168",5,"Workday,Employment Law,HRIS,Conflict Resolution",271623,246942,54.6,20.5,39.6,27.8,13.9,5.0,5,5,0,2026-03-10,45.5,As needed,4.3,"Teams,Jira,GitHub",10.0,Medium,142.6,5.4,Minor,2023-10-23 15:29:15,2025-12-01 17:28:15
PRJ073,Mobile App Integration,Strategic initiative to deliver mobile app integration for Operations department.,Marketing,CLT020,Operations,Medium,610000.0,Low,2024-04-17,2025-01-28,2025-02-07,Completed,100.0,True,0,EMP041,"EMP041,EMP185,EMP018,EMP002,EMP192,EMP009",6,"Supply Chain,Power BI,Project Management,Lean Six Sigma",365183,397953,99,44.2,5,19.3,11.6,5.3,7,7,0,2026-01-12,57.1,Daily,1.9,"Azure DevOps,Trello,GitHub",7.0,Medium,159.3,5.5,Moderate,2023-03-14 11:50:30,2024-08-03 12:06:21
PRJ074,Cloud Migration Launch,Strategic initiative to deliver cloud migration launch for Design department.,Product Development,CLT006,Design,Medium,101000.0,Very High,2024-04-14,2025-01-20,2025-02-03,Completed,100.0,True,-1,EMP177,"EMP177,EMP116,EMP180,EMP067,EMP146,EMP071,EMP153,EMP010,EMP195,EMP036",10,"Prototyping,Sketch,Adobe XD,Photoshop",31086,34323,77.6,43.2,5.9,34.2,23.1,7.6,7,7,0,,14.3,As needed,5.3,"Confluence,GitHub,Notion",8.3,Medium,243.1,4.1,Major,2023-09-06 18:10:55,2025-06-21 15:11:30
PRJ075,Mobile App Integration,Strategic initiative to deliver mobile app integration for HR department.,Product Development,,HR,Medium,1239000.0,Low,2024-11-15,2025-01-17,2025-01-17,Completed,100.0,True,-3,EMP072,"EMP072,EMP187,EMP031,EMP167,EMP051,EMP092,EMP128,EMP118,EMP146,EMP164,EMP004,EMP192",12,"Training,Recruiting,SAP HR,HRIS",647270,447165,69.9,31.2,57.1,34.4,40.7,8.0,4,4,0,,18.8,Bi-weekly,6.0,"Jira,Notion,GitHub",6.6,Medium,218.6,2.1,None,2023-04-17 11:15:37,2026-02-18 17:30:29
PRJ076,Data Pipeline Automation,Strategic initiative to deliver data pipeline automation for Engineering department.,Client Project,,Engineering,Medium,706000.0,High,2025-03-11,2025-05-06,2025-05-06,Completed,100.0,True,2,EMP030,"EMP030,EMP122,EMP051,EMP026,EMP139,EMP151,EMP056,EMP154,EMP125,EMP077",10,"Django,Rust,FastAPI,MongoDB",302822,340369,57.8,31.7,16.4,10.7,4.3,7.3,6,6,0,2026-02-13,5,Weekly,5.4,"Notion,Azure DevOps,Teams",8.5,Critical,82.0,8.4,Moderate,2023-02-18 15:21:40,2025-12-04 16:52:11
PRJ077,Data Pipeline Overhaul,Strategic initiative to deliver data pipeline overhaul for Sales department.,Product Development,CLT011,Sales,Critical,1103000.0,Very High,2025-02-20,2025-07-18,2025-07-14,Completed,100.0,True,3,EMP121,"EMP121,EMP077,EMP157,EMP054",4,"Excel,Communication,Negotiation,Salesforce",438034,242462,76.4,50.6,16.7,27.9,7.0,8.2,5,5,0,2025-11-09,44.2,As needed,6.1,"Trello,Slack,Teams",8.4,Medium,390.5,7.2,Moderate,2023-01-10 11:13:42,2026-01-03 12:18:53
PRJ078,Data Pipeline Automation,Strategic initiative to deliver data pipeline automation for Marketing department.,Product Development,CLT009,Marketing,Medium,636000.0,Low,2023-11-26,2024-07-31,2024-08-15,Completed,100.0,True,-2,EMP056,"EMP056,EMP113,EMP071,EMP028,EMP020,EMP063,EMP042,EMP084,EMP186,EMP123,EMP185,EMP152",12,"SEO,Google Analytics,Email Marketing,Content Marketing",371432,380711,67.7,49.0,32.7,16.6,28.3,9.0,10,10,0,2025-12-29,48.8,Weekly,6.1,"GitHub,Jira,Confluence",5.6,High,231.5,7.8,Minor,2023-02-04 13:54:23,2025-04-01 11:11:20
PRJ079,Cloud Migration Launch,Strategic initiative to deliver cloud migration launch for HR department.,Marketing,,HR,Low,924000.0,Low,2024-04-16,2024-11-17,2024-11-17,Completed,100.0,False,1,EMP066,"EMP066,EMP006,EMP036,EMP031,EMP165,EMP106,EMP110,EMP102,EMP125,EMP013,EMP136,EMP016",12,"Employment Law,Recruiting,Training,Conflict Resolution",434016,519310,49.1,5,18.6,23.7,10.8,9.0,10,10,0,2025-07-08,17.2,As needed,8.4,"GitHub,Teams,Notion",7.8,Medium,266.2,8.0,Moderate,2023-08-21 16:49:44,2026-01-27 14:56:01
PRJ080,Cloud Migration Overhaul,Strategic initiative to deliver cloud migration overhaul for HR department.,Client Project,,HR,Low,116000.0,Low,2023-10-28,2023-11-30,2023-12-09,Completed,100.0,True,-2,EMP083,"EMP083,EMP067,EMP058,EMP150,EMP173,EMP197,EMP084,EMP137,EMP118",9,"Training,HRIS,Employment Law,Workday",54790,37461,82.8,25.0,19.8,29.9,17.6,8.5,6,6,0,2025-10-17,60.1,Daily,2.2,"GitHub,Slack,Teams",5.8,Low,188.7,6.4,Major,2023-01-26 15:28:25,2024-07-22 11:49:24
PRJ081,Cloud Migration Launch,Strategic initiative to deliver cloud migration launch for Finance department.,Product Development,,Finance,Medium,237000.0,Low,2023-04-06,2023-08-03,2023-08-09,Completed,100.0,False,-8,EMP042,"EMP042,EMP126,EMP190,EMP155,EMP092,EMP192",6,"SAP,VBA,Risk Analysis,Excel",86054,40672,45.4,5,59.4,28.3,4.0,8.1,10,10,0,2025-07-14,16.2,As needed,8.9,"Slack,Confluence,Notion",6.2,Medium,342.0,5.1,Minor,2023-10-17 08:08:33,2024-06-08 10:44:30
PRJ082,API Gateway Optimization,Strategic initiative to deliver api gateway optimization for Operations department.,Product Development,,Operations,High,50000.0,Low,2023-03-04,2024-02-02,2024-02-17,Completed,100.0,False,3,EMP096,"EMP096,EMP041,EMP108,EMP045,EMP133,EMP039,EMP190,EMP172,EMP047,EMP094,EMP029,EMP042",12,"Power BI,Lean Six Sigma,Supply Chain,Project Management",19591,17637,45.3,21.7,23.1,11.0,24.0,8.2,8,8,0,2026-01-01,47.3,As needed,8.7,"GitHub,Jira,Azure DevOps",8.1,Low,138.3,2.3,Minor,2023-06-15 18:34:23,2025-09-20 18:45:06
PRJ083,Web Platform Automation,Strategic initiative to deliver web platform automation for HR department.,Research,CLT015,HR,Medium,308000.0,High,2025-02-05,2025-12-24,2025-12-20,Completed,100.0,True,-3,EMP058,"EMP058,EMP025,EMP184,EMP104",4,"Training,HRIS,Workday,SAP HR",102123,59331,76.2,22.1,32.1,17.5,0,7.5,7,7,0,2025-09-10,5,Daily,2.3,"Slack,Trello,Jira",7.7,Critical,203.9,8.0,Moderate,2023-04-07 18:55:52,2025-08-14 14:28:13
PRJ084,Mobile App Launch,Strategic initiative to deliver mobile app launch for HR department.,Client Project,,HR,Medium,55000.0,Very High,2023-09-27,2024-08-01,2024-08-05,Completed,100.0,True,3,EMP087,"EMP087,EMP066,EMP088,EMP125,EMP198,EMP141,EMP117,EMP170",8,"Training,Recruiting,Conflict Resolution,Workday",22149,18057,79.7,43.2,5,25.6,44.0,6.3,9,9,0,2025-09-02,85,Weekly,2.3,"Teams,Trello,Slack",5.0,Medium,298.7,4.9,Minor,2023-10-16 16:33:03,2025-06-29 13:34:14
PRJ085,API Gateway Integration,Strategic initiative to deliver api gateway integration for Design department.,Client Project,,Design,High,87000.0,High,2023-06-20,2024-01-27,2024-01-22,Completed,100.0,True,5,EMP159,"EMP159,EMP184,EMP039,EMP139,EMP157,EMP109",6,"Figma,User Research,Sketch,Photoshop",51131,59267,86.1,38.3,53.3,15.4,12.5,7.5,9,9,0,2025-08-22,19.0,Weekly,4.5,"Confluence,Notion,Teams",6.2,High,46.8,7.3,Moderate,2023-03-13 14:07:46,2026-01-27 17:43:09
PRJ086,API Gateway Launch,Strategic initiative to deliver api gateway launch for Sales department.,Research,,Sales,Medium,973000.0,Medium,2023-05-26,2023-11-13,2023-11-27,Completed,100.0,True,3,EMP080,"EMP080,EMP198,EMP161,EMP154,EMP121,EMP060,EMP170,EMP113,EMP077,EMP032,EMP139",11,"Communication,Excel,Prospecting,Negotiation",312451,369690,71.1,39.2,49.5,19.7,5.7,6.8,3,3,0,2026-05-07,23.6,Daily,6.7,"Azure DevOps,Trello,Notion",5.5,High,363.8,5.4,Moderate,2023-07-02 09:00:06,2025-12-31 15:15:37
PRJ087,Cloud Migration Automation,Strategic initiative to deliver cloud migration automation for HR department.,Marketing,,HR,High,757000.0,Very High,2024-08-28,2025-05-07,2025-05-18,Completed,100.0,False,16,EMP144,"EMP144,EMP097,EMP156,EMP133,EMP171,EMP098,EMP011,EMP155,EMP028,EMP152,EMP165,EMP026",12,"Employment Law,Training,Recruiting,SAP HR",446644,263918,59.7,40.9,5,23.9,0,,9,9,0,,34.2,As needed,8.2,"GitHub,Trello,Confluence",5.6,High,390.0,8.9,Minor,2023-05-22 15:50:03,2024-11-28 15:44:40
PRJ088,Mobile App Automation,Strategic initiative to deliver mobile app automation for Marketing department.,Marketing,,Marketing,Low,89000.0,Very High,2023-08-03,2024-06-13,2024-06-27,Completed,100.0,True,1,EMP193,"EMP193,EMP045,EMP128,EMP023,EMP086,EMP091,EMP158,EMP138",8,"Social Media,Content Marketing,Email Marketing,Copywriting",34866,39445,54.0,59.2,48.9,5,25.3,7.2,9,9,0,2026-03-25,5,Bi-weekly,7.8,"Confluence,Teams,Azure DevOps",6.9,Low,95.5,8.8,Major,2023-05-15 10:45:21,2025-06-29 13:25:08
PRJ089,Web Platform Overhaul,Strategic initiative to deliver web platform overhaul for HR department.,Product Development,,HR,Medium,179000.0,Low,2025-05-15,2025-11-11,2025-11-20,Completed,100.0,True,-2,EMP114,"EMP114,EMP141,EMP040",3,"Training,Employment Law,SAP HR,Conflict Resolution",65754,62865,80.9,8.2,36.7,5.9,9.9,8.4,6,6,0,2025-12-16,8.5,Bi-weekly,8.2,"Azure DevOps,Teams,Confluence",4.7,Medium,141.7,9.9,Moderate,2023-02-09 10:20:55,2025-12-20 11:50:34
PRJ090,Mobile App Overhaul,Strategic initiative to deliver mobile app overhaul for Finance department.,Marketing,CLT018,Finance,High,49000.0,Very High,2023-04-09,2024-01-23,2024-02-04,Completed,100.0,True,4,EMP059,"EMP059,EMP180,EMP166,EMP142,EMP058,EMP120,EMP069,EMP148",8,"VBA,Risk Analysis,Financial Modeling,Excel",21137,18449,67.7,23.3,20.5,5,33.3,6.9,3,3,0,2026-02-07,31.0,As needed,2.9,"GitHub,Confluence,Azure DevOps",6.2,High,145.6,2.8,Major,2023-03-15 16:43:37,2024-11-18 08:39:03
PRJ091,Mobile App Launch,Strategic initiative to deliver mobile app launch for Design department.,Internal,CLT013,Design,Critical,120000.0,Very High,2024-08-24,2024-11-23,2024-12-07,Completed,100.0,True,3,EMP106,"EMP106,EMP050,EMP064,EMP154,EMP199",5,"User Research,Illustrator,Prototyping,Photoshop",37062,42364,57.0,41.8,37.6,31.6,21.4,6.8,4,4,0,2025-09-03,5,Weekly,3.0,"Jira,Confluence,Teams",7.0,Low,354.1,4.1,None,2023-10-13 08:43:23,2024-04-07 10:00:33
PRJ092,Web Platform Optimization,Strategic initiative to deliver web platform optimization for Engineering department.,Product Development,CLT015,Engineering,High,831000.0,Medium,2023-12-01,2024-07-14,2024-07-13,Completed,100.0,False,8,EMP018,"EMP018,EMP163,EMP159,EMP128,EMP047",5,"FastAPI,Go,React,Node.js",335370,368128,50.3,39.4,59.6,7.6,16.6,6.9,8,8,0,,19.1,Weekly,9.1,"GitHub,Jira,Azure DevOps",5.2,Medium,399.0,10.0,Major,2023-08-18 09:42:35,2024-03-08 13:15:23
PRJ093,Web Platform Launch,Strategic initiative to deliver web platform launch for Sales department.,Marketing,,Sales,Medium,1086000.0,Very High,2025-04-17,2026-01-23,,Planning,21.6,True,2,EMP169,"EMP169,EMP134,EMP024,EMP170,EMP168,EMP083,EMP135,EMP145,EMP148,EMP180,EMP137,EMP101",12,"CRM,Negotiation,HubSpot,Prospecting",417859,212431,60.1,19.1,55.9,18.8,17.4,5.7,9,1,6,,65.7,Weekly,6.8,"Slack,Azure DevOps,GitHub",8.7,Low,387.4,5.1,None,2023-12-17 14:47:32,2025-06-20 10:32:23
PRJ094,API Gateway Redesign,Strategic initiative to deliver api gateway redesign for Design department.,Product Development,CLT006,Design,High,63000.0,High,2023-08-08,2023-10-27,2023-10-31,Completed,100.0,False,5,EMP019,"EMP019,EMP053,EMP147,EMP164,EMP157,EMP004",6,"User Research,Illustrator,Figma,Adobe XD",22794,21689,79.2,39.5,35.5,5,0,6.1,6,6,0,2026-04-17,42.1,Bi-weekly,4.7,"Slack,Teams,Trello",4.9,Medium,330.4,9.2,Major,2023-05-10 17:00:40,2025-12-10 14:02:44
PRJ095,API Gateway Redesign,Strategic initiative to deliver api gateway redesign for Operations department.,Research,CLT007,Operations,Medium,435000.0,Very High,2023-05-12,2023-10-03,2023-09-25,Completed,100.0,True,2,EMP018,"EMP018,EMP084,EMP043,EMP190,EMP066",5,"Lean Six Sigma,Power BI,Project Management,Excel",167880,182050,62.8,31.3,42.3,23.5,31.0,,4,4,0,2026-01-10,19.7,Daily,7.0,"Teams,Trello,Jira",7.3,High,36.6,7.6,Moderate,2023-03-31 13:29:12,2025-10-21 08:25:24
PRJ096,Data Pipeline Optimization,Strategic initiative to deliver data pipeline optimization for Sales department.,Internal,,Sales,Low,1279000.0,Low,2024-06-01,2024-08-02,2024-07-30,Completed,100.0,True,5,EMP185,"EMP185,EMP113,EMP018,EMP063,EMP155,EMP136,EMP074,EMP143,EMP042,EMP037",10,"Communication,Salesforce,CRM,Prospecting",405461,384300,70.8,36.9,25.1,5.2,25.1,,3,3,0,,5,As needed,9.4,"Trello,Confluence,Notion",5.8,Medium,279.5,5.0,Moderate,2023-06-26 18:29:30,2024-06-05 15:34:56
PRJ097,Web Platform Integration,Strategic initiative to deliver web platform integration for Marketing department.,Marketing,CLT007,Marketing,Medium,73000.0,Very High,2023-05-28,2023-11-20,2023-11-30,Completed,100.0,False,9,EMP066,"EMP066,EMP190,EMP006,EMP111,EMP077",5,"Copywriting,Email Marketing,Social Media,A/B Testing",30887,34094,86.0,23.4,11.0,38.9,24.9,8.6,5,5,0,,43.9,Bi-weekly,9.1,"Trello,Confluence,Notion",9.9,High,101.1,7.1,Major,2023-06-03 17:26:03,2024-07-23 11:21:35
PRJ098,Web Platform Integration,Strategic initiative to deliver web platform integration for Sales department.,Research,CLT004,Sales,Low,95000.0,Low,2024-06-13,2025-02-19,2025-02-14,Completed,100.0,True,-2,EMP099,"EMP099,EMP045,EMP070,EMP191,EMP175,EMP145,EMP197,EMP040,EMP165,EMP103,EMP148,EMP051",12,"Excel,CRM,Negotiation,Communication",41855,45807,75.6,13.3,60.8,22.5,21.6,8.0,8,8,0,2025-11-09,67.3,As needed,5.3,"Confluence,GitHub,Trello",8.5,Medium,82.0,8.0,None,2023-09-30 17:26:10,2025-07-29 16:40:30
PRJ099,API Gateway Integration,Strategic initiative to deliver api gateway integration for Design department.,Internal,CLT001,Design,Critical,493000.0,High,2024-12-07,2025-05-13,2025-05-06,Completed,100.0,True,2,EMP025,"EMP025,EMP098,EMP122",3,"Sketch,Figma,User Research,Prototyping",261360,227106,79.3,55.1,7.3,5,36.5,9.3,5,5,0,2025-09-09,16.4,Daily,4.2,"GitHub,Slack,Azure DevOps",9.1,Critical,396.8,5.5,Moderate,2023-09-24 08:31:20,2024-06-19 08:41:15
PRJ100,Web Platform Integration,Strategic initiative to deliver web platform integration for Design department.,Internal,CLT002,Design,Medium,706000.0,Very High,2023-09-27,2024-06-12,2024-06-15,Completed,100.0,True,5,EMP118,"EMP118,EMP142,EMP009,EMP034",4,"Sketch,User Research,Photoshop,Illustrator",333300,214035,78.6,14.7,34.1,42.4,8.3,6.2,9,9,0,2026-01-17,22.5,Daily,8.2,"Notion,Trello,Azure DevOps",7.3,Medium,326.4,6.2,None,2023-05-05 09:11:23,2024-03-07 10:36:51
