team_id,team_name,project_id,formation_date,formation_method,team_lead_id,member_ids,team_size,role_distribution,seniority_mix,skill_diversity_score,experience_balance_score,collaborative_history_score,communication_compatibility,workload_balance_score,timezone_compatibility,predicted_success_rate,actual_performance_score,team_productivity_score,team_cohesion_score,conflict_incidents,collaboration_effectiveness,project_completed,completion_time_days,met_deadline,quality_rating,budget_adherence,stakeholder_satisfaction,team_efficiency_ratio,resource_utilization,skill_utilization_rate,improvement_opportunities,team_feedback_summary,lessons_learned,would_reform_team,team_status,dissolution_date,dissolution_reason,created_at,last_updated
TEAM001,Omega Unit,PRJ027,2025-05-09,Manual,EMP184,"EMP184,EMP080,EMP185,EMP142,EMP139,EMP169",6,"{""Logistics"": 1, ""DevOps"": 1, ""Accountant"": 1, ""Project"": 1, ""Senior"": 1, ""HR"": 1}","{""Junior"": 2, ""Mid"": 2, ""Senior"": 2}",33.1,61.2,64.7,42.2,78.3,79.1,75.8,93.0,77.2,8.4,0,7.8,True,169.7,True,7.6,93.0,7.7,0.9,74.4,40,4,,Daily standups critical,True,Completed,2025-10-25,Budget Cut,2023-12-02 13:38:36,2024-11-15 17:45:57
TEAM002,Delta Squad,PRJ039,2024-07-26,Manual,EMP141,"EMP141,EMP132,EMP163,EMP027,EMP180,EMP001,EMP003,EMP037",8,"{""Team"": 1, ""UI"": 2, ""DevOps"": 1, ""Logistics"": 1, ""HR"": 2, ""People"": 1}","{""Mid"": 1, ""Senior"": 3, ""Junior"": 4}",75.2,84.8,100,90.0,67.4,67.3,86.5,81.0,39.0,8.3,3,8.1,True,178.3,False,5.0,90.0,6.1,1.2,64.7,79.0,1,Exceeded expectations,Daily standups critical,False,Completed,2025-01-20,Reorganization,2023-11-02 13:10:06,2026-02-08 12:23:45
TEAM003,Beta Squad,PRJ071,2023-12-10,Hybrid,EMP121,"EMP121,EMP083,EMP048",3,"{""SEO"": 2, ""HR"": 1}","{""Mid"": 1, ""Junior"": 1, ""Senior"": 1}",67.9,84.2,87.5,95.0,67.4,73.3,33.3,86.5,83.1,6.4,2,7.7,True,210.6,True,6.5,114.5,5.8,0.8,115.0,88.1,1,Exceeded expectations,,True,Completed,2024-07-07,Budget Cut,2023-09-27 16:52:16,2026-02-17 16:21:15
TEAM004,Sigma Crew,PRJ078,2024-11-08,Manual,EMP153,"EMP153,EMP041,EMP148,EMP191,EMP174,EMP122,EMP009",7,"{""Operations"": 1, ""UX"": 1, ""Account"": 1, ""UI"": 1, ""People"": 1, ""Team"": 2}","{""Junior"": 3, ""Mid"": 1, ""Senior"": 3}",62.9,72.5,56.6,78.7,77.1,76.3,52.9,87.5,86.7,8.2,2,7.7,,62.8,False,9.7,92.8,7.8,1.1,113.5,100,5,Strong execution,Need better docs,False,Completed,2025-01-09,Project Complete,2023-08-21 13:11:59,2025-09-09 18:23:28
TEAM005,Beta Team,PRJ063,2024-09-02,Hybrid,EMP121,"EMP121,EMP134,EMP199,EMP089,EMP077,EMP036,EMP133,EMP145",8,"{""SEO"": 1, ""Logistics"": 1, ""Project"": 1, ""Operations"": 1, ""HR"": 1, ""Recruiter"": 1, ""UI"": 1, ""People"": 1}","{""Mid"": 4, ""Lead"": 1, ""Junior"": 2, ""Senior"": 1}",67.1,81.8,53.9,72.2,100,75.2,87.5,89.5,100,5.5,0,7.7,,291.8,True,8.0,93.1,9.3,0.8,68.0,93.2,5,Strong execution,Daily standups critical,True,Completed,2025-06-20,Reorganization,2024-05-20 08:27:35,2024-06-03 10:21:54
TEAM006,Sigma Force,PRJ034,2024-12-03,Manual,EMP005,"EMP005,EMP031,EMP084,EMP079",4,"{""Team"": 1, ""Operations"": 1, ""Sales"": 1, ""Recruiter"": 1}","{""Junior"": 1, ""Lead"": 2, ""Mid"": 1}",46.1,70.1,74.8,74.7,57.0,60.5,65.3,89.6,50.2,6.3,3,8.8,,122.3,False,8.3,101.2,,1.3,100.2,86.4,2,Great collaboration,Need better docs,False,Completed,2025-04-04,Reorganization,2023-10-28 12:04:57,2025-10-09 08:20:21
TEAM007,Alpha Squad,PRJ075,2024-03-19,Manual,EMP194,"EMP194,EMP064,EMP046,EMP057,EMP122,EMP184,EMP140",7,"{""SEO"": 1, ""Accountant"": 1, ""Graphic"": 1, ""Software"": 1, ""Team"": 1, ""Logistics"": 1, ""Financial"": 1}","{""Mid"": 4, ""Senior"": 1, ""Junior"": 2}",82.6,51.6,90.4,96.7,56.9,83.2,38.3,77.8,57.3,8.1,1,8.0,True,75.1,False,7.5,95.9,7.7,1.1,99.5,72.7,5,Communication issues resolved,Daily standups critical,True,Completed,2024-06-02,Budget Cut,2023-10-01 10:49:09,2024-08-25 14:33:47
TEAM008,Alpha Crew,PRJ050,2024-05-19,AI-Recommended,EMP047,"EMP047,EMP100,EMP073,EMP138,EMP034,EMP171,EMP194,EMP146,EMP076",9,"{""Senior"": 1, ""UX"": 1, ""People"": 1, ""Marketing"": 1, ""Sales"": 1, ""Business"": 1, ""SEO"": 1, ""Logistics"": 1, ""HR"": 1}","{""Mid"": 4, ""Principal"": 2, ""Senior"": 1, ""Lead"": 2}",47.3,68.9,79.1,62.3,75.1,64.2,79.9,93.3,64.3,6.8,1,8.3,True,194.4,False,6.0,103.8,10,1.0,93.0,70.1,0,Exceeded expectations,Daily standups critical,True,Completed,2024-11-29,Project Complete,2023-08-21 11:39:22,2025-01-08 10:32:56
TEAM009,Alpha Unit,PRJ097,2025-03-25,AI-Recommended,EMP147,"EMP147,EMP053,EMP139,EMP130,EMP154,EMP129",6,"{""Campaign"": 1, ""Operations"": 1, ""Senior"": 1, ""Marketing"": 1, ""Sales"": 1, ""HR"": 1}","{""Mid"": 3, ""Senior"": 1, ""Junior"": 2}",67.9,68.5,54.6,60.5,58.1,84.1,75.3,98.9,91.5,5.8,2,7.6,True,152.8,False,5.7,92.5,8.6,0.9,82.8,78.6,5,Exceeded expectations,Need better docs,False,Completed,2025-08-24,Project Complete,2024-04-12 09:16:57,2024-10-13 08:48:55
TEAM010,Omega Unit,PRJ043,2023-12-18,Hybrid,EMP116,"EMP116,EMP069,EMP123,EMP094,EMP066,EMP016,EMP198",7,"{""Sales"": 4, ""Finance"": 1, ""Logistics"": 1, ""Team"": 1}","{""Mid"": 1, ""Senior"": 2, ""Junior"": 3, ""Lead"": 1}",72.4,75.3,78.2,92.9,63.8,87.6,80.4,78.3,88.5,8.3,3,7.9,True,35.2,False,8.3,92.2,7.7,1.1,66.4,49.5,1,Strong execution,Need better docs,True,Completed,2024-01-22,Reorganization,2023-08-16 12:38:29,2025-06-26 18:39:28
TEAM011,Alpha Team,PRJ080,2023-06-27,Manual,EMP098,"EMP098,EMP022,EMP013,EMP169,EMP054,EMP066,EMP127,EMP005",8,"{""Team"": 2, ""Product"": 1, ""People"": 1, ""HR"": 1, ""Sales"": 2, ""Graphic"": 1}","{""Mid"": 2, ""Lead"": 1, ""Senior"": 3, ""Junior"": 2}",56.6,62.6,61.7,56.5,83.1,76.9,50.5,88.7,76.4,5.9,2,7.8,,170.7,True,7.8,108.0,6.3,1.1,98.0,82.8,1,Exceeded expectations,,True,Completed,2023-12-14,Budget Cut,2024-01-14 18:43:04,2025-02-04 15:49:58
TEAM012,Gamma Squad,PRJ007,2024-04-17,Manual,EMP062,"EMP062,EMP086,EMP187,EMP129,EMP098,EMP047",6,"{""Team"": 2, ""HR"": 2, ""Finance"": 1, ""Senior"": 1}","{""Mid"": 5, ""Junior"": 1}",100,73.0,64.2,78.6,65.9,85.5,82.4,72.3,88.3,6.9,3,7.4,True,154.9,True,6.6,115.6,7.3,1.3,96.8,54.5,1,Great collaboration,Daily standups critical,True,Completed,2024-09-18,Reorganization,2024-04-06 17:03:57,2025-04-18 13:49:48
TEAM013,Beta Squad,PRJ039,2025-01-27,AI-Recommended,EMP129,"EMP129,EMP126,EMP009,EMP095,EMP074,EMP094,EMP042,EMP003",8,"{""HR"": 1, ""Recruiter"": 1, ""Team"": 1, ""Graphic"": 1, ""Campaign"": 1, ""Logistics"": 1, ""Financial"": 1, ""People"": 1}","{""Junior"": 5, ""Senior"": 2, ""Mid"": 1}",46.7,71.9,91.1,63.6,63.7,97.0,76.9,85.1,57.5,6.4,3,7.2,True,259.6,False,8.2,109.1,8.0,1.3,81.0,89.9,0,Great collaboration,Daily standups critical,False,Completed,2025-10-13,Project Complete,2023-07-04 16:59:04,2025-08-06 11:26:38
TEAM014,Alpha Squad,PRJ038,2023-11-15,Hybrid,EMP122,"EMP122,EMP176,EMP183,EMP078,EMP109,EMP012,EMP138,EMP191,EMP158,EMP106",10,"{""Team"": 1, ""Content"": 1, ""Finance"": 1, ""Project"": 1, ""People"": 1, ""Business"": 1, ""Marketing"": 1, ""UI"": 1, ""Financial"": 1, ""Recruiter"": 1}","{""Senior"": 3, ""Mid"": 4, ""Junior"": 2, ""Lead"": 1}",43.6,76.5,69.1,81.4,77.5,80.1,91.3,63.7,93.1,7.7,3,5.3,True,105.8,True,9.1,91.2,8.0,1.2,104.5,76.4,5,Great collaboration,,True,Completed,2024-02-28,Project Complete,2024-05-30 11:11:35,2025-12-04 10:46:46
TEAM015,Beta Unit,PRJ089,2024-08-17,Manual,EMP118,"EMP118,EMP110,EMP085,EMP119,EMP037,EMP094,EMP005,EMP002",8,"{""Financial"": 1, ""Sales"": 1, ""SEO"": 2, ""QA"": 1, ""HR"": 1, ""Logistics"": 1, ""Team"": 1}","{""Junior"": 5, ""Senior"": 1, ""Lead"": 1, ""Mid"": 1}",42.8,99.3,55.4,54.8,59.4,64.4,40.8,100,62.6,6.0,3,8.1,True,56.1,True,7.0,93.3,,1.0,82.5,96.8,2,Communication issues resolved,Async communication worked well,,Completed,2024-10-12,Budget Cut,2024-02-23 17:00:22,2026-01-08 10:28:06
TEAM016,Gamma Squad,PRJ084,2023-10-04,Manual,EMP177,"EMP177,EMP179,EMP181,EMP030",4,"{""HR"": 1, ""Financial"": 1, ""Campaign"": 1, ""Marketing"": 1}","{""Junior"": 1, ""Mid"": 2, ""Senior"": 1}",84.2,76.4,50.1,60.0,78.8,97.0,80.2,80.1,60.0,7.8,3,7.3,True,129.5,True,6.3,88.1,7.6,1.1,86.7,85.0,1,Strong execution,,True,Completed,2024-02-10,Reorganization,2024-01-28 12:10:01,2024-08-02 15:38:12
TEAM017,Sigma Squad,PRJ026,2024-03-14,Manual,EMP064,"EMP064,EMP079,EMP055,EMP115,EMP106,EMP149,EMP093,EMP109",8,"{""Accountant"": 1, ""Recruiter"": 2, ""Operations"": 2, ""People"": 2, ""QA"": 1}","{""Mid"": 2, ""Lead"": 3, ""Junior"": 1, ""Senior"": 2}",61.7,86.0,56.1,69.8,50.3,85.4,91.0,100,94.9,7.7,1,8.8,True,112.7,True,8.8,100.7,7.9,0.8,82.3,90.8,2,,Clear roles helped,True,Completed,2024-07-04,Budget Cut,2024-01-24 18:21:24,2025-07-21 09:18:57
TEAM018,Omega Force,PRJ033,2024-10-02,Hybrid,EMP007,"EMP007,EMP164,EMP181",3,"{""Project"": 1, ""HR"": 1, ""Campaign"": 1}","{""Junior"": 1, ""Mid"": 1, ""Senior"": 1}",66.5,49.4,59.9,58.5,76.7,95.9,67.1,58.1,49.5,5.7,0,7.9,True,89.8,True,8.0,108.1,6.0,0.9,79.8,72.7,4,Communication issues resolved,Need better docs,True,Completed,2024-12-30,Reorganization,2024-02-26 09:49:16,2025-10-13 14:09:59
TEAM019,Beta Force,PRJ004,2024-05-19,Hybrid,EMP116,"EMP116,EMP068,EMP008,EMP073,EMP049,EMP069,EMP004",7,"{""Sales"": 1, ""Business"": 1, ""UI"": 1, ""People"": 1, ""Graphic"": 1, ""Finance"": 1, ""Team"": 1}","{""Mid"": 1, ""Junior"": 1, ""Lead"": 2, ""Principal"": 1, ""Senior"": 2}",54.5,67.9,54.2,60.5,53.3,46.3,68.0,71.4,97.7,8.2,3,7.0,True,337.6,True,10,102.5,7.0,1.3,62.3,63.9,5,Strong execution,Daily standups critical,,Completed,2025-04-21,Reorganization,2023-08-26 14:17:10,2024-06-15 08:47:49
TEAM020,Delta Team,PRJ049,2024-06-27,AI-Recommended,EMP005,"EMP005,EMP022,EMP035,EMP151,EMP013,EMP055,EMP104,EMP161,EMP083",9,"{""Team"": 1, ""Product"": 2, ""Recruiter"": 1, ""DevOps"": 1, ""People"": 1, ""Operations"": 2, ""SEO"": 1}","{""Junior"": 2, ""Lead"": 2, ""Mid"": 4, ""Senior"": 1}",59.1,76.4,63.5,90.1,74.1,78.8,63.7,67.5,85.5,7.9,1,8.4,,240.5,True,8.3,84.0,6.9,1.0,75.2,76.4,3,,Daily standups critical,True,Completed,2025-02-22,Project Complete,2023-11-15 09:20:00,2025-08-03 16:01:49
TEAM021,Alpha Crew,PRJ044,2024-03-16,AI-Recommended,EMP116,"EMP116,EMP132,EMP153,EMP131",4,"{""Sales"": 1, ""UI"": 1, ""Operations"": 1, ""Marketing"": 1}","{""Mid"": 1, ""Senior"": 1, ""Junior"": 2}",60.6,57.3,78.8,49.7,75.4,77.0,41.0,75.2,88.2,9.0,2,7.7,True,31.9,True,7.7,90.5,6.4,1.1,77.0,82.0,0,Exceeded expectations,,,Completed,2024-04-16,Reorganization,2024-02-13 17:21:54,2025-05-22 16:10:43
TEAM022,Beta Force,PRJ082,2024-12-21,Hybrid,EMP168,"EMP168,EMP129,EMP062,EMP111,EMP089,EMP064,EMP006,EMP198,EMP021",9,"{""Account"": 1, ""HR"": 1, ""Team"": 1, ""Financial"": 1, ""Operations"": 1, ""Accountant"": 1, ""Sales"": 3}","{""Junior"": 3, ""Mid"": 6}",63.5,77.8,43.2,92.2,79.8,76.8,91.4,84.5,89.6,9.2,1,8.5,,208.3,True,6.5,83.5,9.0,0.9,82.8,95.3,1,Exceeded expectations,,False,Completed,2025-07-17,Project Complete,2023-10-16 17:36:43,2026-01-02 16:08:42
TEAM023,Alpha Crew,PRJ080,2024-06-09,AI-Recommended,EMP085,"EMP085,EMP156,EMP013",3,"{""SEO"": 1, ""HR"": 1, ""People"": 1}","{""Senior"": 1, ""Principal"": 1, ""Mid"": 1}",94.5,94.9,75.1,71.9,53.1,89.3,76.8,66.8,48.9,8.0,2,7.4,True,188.8,False,8.1,80.8,7.2,0.8,81.2,66.1,1,,Async communication worked well,True,Completed,2024-12-14,Project Complete,2024-01-11 12:52:49,2025-08-10 10:31:30
TEAM024,Delta Unit,PRJ035,2023-06-15,Hybrid,EMP033,"EMP033,EMP087,EMP074,EMP032,EMP185,EMP083,EMP092",7,"{""Content"": 1, ""UI"": 2, ""Campaign"": 1, ""Accountant"": 1, ""SEO"": 1, ""Financial"": 1}","{""Junior"": 3, ""Mid"": 4}",74.3,91.4,78.4,51.4,75.9,62.4,76.5,88.2,78.2,5.0,0,7.3,True,87.8,True,6.7,91.4,8.0,1.2,70.3,67.4,0,Strong execution,Daily standups critical,,Completed,2023-09-10,Budget Cut,2024-01-18 18:03:31,2025-10-28 17:39:17
TEAM025,Alpha Unit,PRJ004,2023-12-05,Hybrid,EMP056,"EMP056,EMP123,EMP157,EMP070,EMP138,EMP067,EMP036,EMP172",8,"{""Senior"": 1, ""Sales"": 1, ""Graphic"": 1, ""QA"": 1, ""Marketing"": 1, ""Logistics"": 1, ""Recruiter"": 2}","{""Mid"": 6, ""Junior"": 2}",92.0,37.9,69.9,88.1,90.4,86.0,62.7,88.4,70.7,6.8,1,8.3,True,36.7,False,5.9,94.5,7.3,1.1,73.8,74.5,0,Communication issues resolved,Need better docs,True,Completed,2024-01-10,Budget Cut,2023-10-22 18:48:20,2025-11-13 17:39:47
TEAM026,Omega Force,PRJ078,2023-08-17,AI-Recommended,EMP092,"EMP092,EMP193,EMP114,EMP162,EMP119",5,"{""Financial"": 1, ""QA"": 2, ""Account"": 1, ""UI"": 1}","{""Mid"": 2, ""Junior"": 2, ""Lead"": 1}",71.5,69.4,75.4,79.3,79.7,76.2,74.6,60.3,46.2,7.3,0,7.4,True,49.0,True,7.6,93.8,7.7,1.1,72.8,75.1,1,Strong execution,,True,Completed,2023-10-05,Project Complete,2023-06-29 16:58:48,2025-03-15 18:57:48
TEAM027,Delta Squad,PRJ086,2023-07-02,Manual,EMP171,"EMP171,EMP061,EMP120,EMP075",4,"{""Business"": 1, ""People"": 1, ""Operations"": 1, ""Senior"": 1}","{""Lead"": 2, ""Mid"": 2}",97.3,70.3,97.7,61.8,73.5,48.9,72.1,64.4,94.5,5.3,2,7.6,True,315.1,True,5.9,103.1,8.4,0.9,67.7,79.9,5,Great collaboration,Daily standups critical,True,Completed,2024-05-12,Reorganization,2023-11-03 16:53:27,2024-06-01 10:22:48
TEAM028,Sigma Unit,PRJ095,2024-03-17,Hybrid,EMP114,"EMP114,EMP128,EMP054,EMP178",4,"{""Account"": 2, ""Recruiter"": 1, ""Sales"": 1}","{""Junior"": 1, ""Mid"": 2, ""Senior"": 1}",93.9,69.0,83.9,71.2,80.9,63.6,91.5,96.3,94.6,7.1,3,8.5,True,302.1,False,6.4,108.4,8.4,0.8,83.5,81.3,1,,Async communication worked well,,Completed,2025-01-13,Budget Cut,2024-02-05 08:40:08,2025-10-30 11:13:00
TEAM029,Delta Unit,PRJ065,2024-05-21,Manual,EMP153,"EMP153,EMP002,EMP079,EMP100,EMP175,EMP106,EMP008,EMP097,EMP056,EMP085",10,"{""Operations"": 1, ""SEO"": 2, ""Recruiter"": 2, ""UX"": 1, ""UI"": 2, ""DevOps"": 1, ""Senior"": 1}","{""Junior"": 2, ""Mid"": 4, ""Lead"": 3, ""Senior"": 1}",83.5,69.7,33.9,87.3,82.1,61.2,64.1,71.2,82.2,5.3,1,7.0,True,149.0,True,8.4,86.0,6.9,0.8,103.8,79.2,5,Great collaboration,Need better docs,False,Completed,2024-10-17,Project Complete,2023-10-25 14:16:40,2025-07-24 10:59:53
TEAM030,Gamma Crew,PRJ099,2025-04-20,Manual,EMP154,"EMP154,EMP097,EMP029,EMP069,EMP001,EMP159,EMP128,EMP075,EMP173",9,"{""Sales"": 1, ""DevOps"": 1, ""Campaign"": 1, ""Finance"": 1, ""UI"": 1, ""Accountant"": 1, ""Recruiter"": 1, ""Senior"": 1, ""Business"": 1}","{""Junior"": 3, ""Mid"": 2, ""Senior"": 2, ""Lead"": 2}",86.2,63.3,85.7,73.9,65.6,100,65.5,66.9,92.7,8.1,1,7.2,True,257.7,True,6.9,108.9,8.4,1.1,81.8,82.8,5,Exceeded expectations,Daily standups critical,False,Completed,2026-01-02,Budget Cut,2023-08-24 18:58:02,2025-02-22 12:12:57
TEAM031,Alpha Squad,PRJ076,2025-05-06,Hybrid,EMP124,"EMP124,EMP147,EMP024,EMP189,EMP106",5,"{""Graphic"": 1, ""Campaign"": 1, ""Recruiter"": 2, ""Team"": 1}","{""Junior"": 3, ""Mid"": 1, ""Lead"": 1}",43.2,75.0,74.6,83.9,69.5,78.2,85.0,68.1,53.5,8.7,2,7.7,,173.4,False,7.4,95.0,6.4,1.0,91.1,72.8,3,Strong execution,Need better docs,False,Completed,2025-10-26,Reorganization,2023-06-19 14:38:33,2024-11-03 16:23:17
TEAM032,Omega Unit,PRJ095,2024-04-22,AI-Recommended,EMP077,"EMP077,EMP088,EMP134,EMP034,EMP002,EMP060,EMP124,EMP187,EMP192,EMP188",10,"{""HR"": 1, ""Marketing"": 1, ""Logistics"": 1, ""Sales"": 1, ""SEO"": 1, ""Operations"": 1, ""Graphic"": 1, ""Finance"": 1, ""Senior"": 1, ""Team"": 1}","{""Junior"": 3, ""Lead"": 2, ""Senior"": 1, ""Mid"": 4}",85.8,54.5,67.7,55.5,70.3,82.9,72.1,74.4,81.2,8.2,0,7.8,True,138.6,True,7.6,99.6,5.8,1.0,74.9,78.4,4,Strong execution,Need better docs,False,Completed,2024-09-07,Reorganization,2023-12-21 12:01:24,2025-08-31 12:43:27
TEAM033,Omega Crew,PRJ087,2023-09-22,Manual,EMP005,"EMP005,EMP036,EMP110",3,"{""Team"": 1, ""Recruiter"": 1, ""Sales"": 1}","{""Junior"": 2, ""Mid"": 1}",65.5,91.5,66.0,56.6,89.3,70.9,62.8,65.6,88.5,7.5,2,5.4,True,76.5,False,9.0,99.0,7.9,0.8,76.8,79.3,0,Exceeded expectations,Need better docs,False,Completed,2023-12-07,Budget Cut,2024-01-01 08:17:48,2024-07-01 14:35:57
TEAM034,Alpha Crew,PRJ095,2024-07-17,Hybrid,EMP098,"EMP098,EMP011,EMP174,EMP124,EMP033",5,"{""Team"": 1, ""HR"": 1, ""People"": 1, ""Graphic"": 1, ""Content"": 1}","{""Mid"": 2, ""Junior"": 3}",76.8,51.0,52.0,79.5,86.1,82.9,94.3,72.3,66.0,8.1,1,4.8,True,141.7,True,8.2,96.3,,1.1,89.5,81.2,0,Strong execution,Need better docs,True,Completed,2024-12-05,Project Complete,2024-05-07 17:45:13,2025-07-03 12:21:23
TEAM035,Sigma Unit,PRJ094,2023-11-08,AI-Recommended,EMP052,"EMP052,EMP149,EMP085",3,"{""Business"": 1, ""QA"": 1, ""SEO"": 1}","{""Mid"": 1, ""Junior"": 1, ""Senior"": 1}",78.1,70.4,32.9,56.5,42.5,85.2,49.3,68.2,68.3,7.9,1,7.2,True,115.3,True,8.7,96.2,6.5,1.0,94.4,66.2,1,Communication issues resolved,Need better docs,True,Completed,2024-03-02,Budget Cut,2023-12-15 11:16:49,2025-10-24 16:37:52
TEAM036,Sigma Team,PRJ087,2024-05-21,Manual,EMP132,"EMP132,EMP138,EMP108,EMP091,EMP060",5,"{""UI"": 1, ""Marketing"": 1, ""Sales"": 1, ""People"": 1, ""Operations"": 1}","{""Senior"": 1, ""Mid"": 3, ""Principal"": 1}",75.2,82.2,66.5,93.1,69.7,67.9,83.5,85.1,38.4,8.4,3,7.6,True,190.8,True,8.7,115.2,6.9,1.0,81.0,67.8,3,Communication issues resolved,Async communication worked well,True,Completed,2024-11-27,Reorganization,2023-12-25 11:40:54,2024-12-03 15:11:03
TEAM037,Alpha Unit,PRJ081,2024-05-17,Manual,EMP043,"EMP043,EMP050,EMP004,EMP131,EMP171,EMP042,EMP188",7,"{""Accountant"": 1, ""Financial"": 2, ""Team"": 2, ""Marketing"": 1, ""Business"": 1}","{""Junior"": 3, ""Mid"": 2, ""Senior"": 1, ""Lead"": 1}",60.8,73.3,69.7,70.4,61.0,100,71.9,82.3,76.0,7.5,3,8.8,True,45.8,False,7.6,99.9,,1.2,87.7,81.5,1,Great collaboration,,False,Completed,2024-07-01,Reorganization,2024-04-22 10:08:18,2025-05-09 09:38:48
TEAM038,Delta Unit,PRJ090,2024-02-08,AI-Recommended,EMP174,"EMP174,EMP108,EMP032,EMP005",4,"{""People"": 1, ""Sales"": 1, ""UI"": 1, ""Team"": 1}","{""Junior"": 2, ""Principal"": 1, ""Mid"": 1}",70.2,64.8,63.0,66.8,95.5,100,72.7,73.3,59.9,7.5,0,8.7,True,109.8,False,7.9,93.2,8.2,1.1,106.6,91.5,4,Great collaboration,,True,Completed,2024-05-27,Project Complete,2024-02-13 09:55:59,2025-02-18 15:57:00
TEAM039,Omega Crew,PRJ049,2024-06-09,AI-Recommended,EMP165,"EMP165,EMP122,EMP062,EMP054",4,"{""QA"": 1, ""Team"": 2, ""Sales"": 1}","{""Mid"": 2, ""Senior"": 2}",81.8,78.0,81.3,75.5,85.1,81.3,70.0,67.7,100,6.8,3,5.4,True,246.9,True,7.2,95.7,7.2,1.2,84.8,77.4,4,Communication issues resolved,Async communication worked well,True,Completed,2025-02-10,Reorganization,2024-01-27 17:38:44,2025-07-04 08:32:08
TEAM040,Sigma Unit,PRJ051,2024-01-30,Hybrid,EMP015,"EMP015,EMP096,EMP032,EMP070,EMP036",5,"{""Team"": 1, ""Operations"": 1, ""UI"": 1, ""QA"": 1, ""Recruiter"": 1}","{""Mid"": 4, ""Junior"": 1}",100,95.6,64.0,62.1,61.8,72.1,60.8,85.4,67.3,8.2,0,8.8,True,251.9,True,7.8,93.8,7.9,0.9,109.7,77.4,1,Great collaboration,Daily standups critical,,Completed,2024-10-07,Reorganization,2024-05-19 13:47:03,2025-03-22 12:15:31
TEAM041,Alpha Unit,PRJ078,2025-02-25,Hybrid,EMP030,"EMP030,EMP023,EMP182,EMP130,EMP117,EMP172,EMP180",7,"{""Marketing"": 2, ""UI"": 1, ""DevOps"": 1, ""UX"": 1, ""Recruiter"": 1, ""HR"": 1}","{""Mid"": 4, ""Lead"": 1, ""Senior"": 1, ""Junior"": 1}",65.0,57.1,74.3,100,66.0,61.7,74.9,73.1,64.7,8.0,3,8.1,True,187.6,True,6.2,88.6,9.6,0.8,57.8,89.7,4,Strong execution,Clear roles helped,True,Completed,2025-08-31,Project Complete,2023-09-10 10:54:15,2024-08-28 15:40:23
TEAM042,Delta Squad,PRJ015,2023-09-16,AI-Recommended,EMP184,"EMP184,EMP006,EMP047",3,"{""Logistics"": 1, ""Sales"": 1, ""Senior"": 1}","{""Junior"": 1, ""Mid"": 2}",70.4,98.0,65.5,47.4,76.2,69.4,82.8,48.1,84.0,7.5,2,6.7,True,133.8,False,9.0,93.4,10,1.2,91.6,100,0,Exceeded expectations,,True,Completed,2024-01-27,Reorganization,2023-09-10 10:50:45,2025-09-30 11:32:43
TEAM043,Sigma Crew,PRJ096,2023-12-31,Hybrid,EMP161,"EMP161,EMP162,EMP070,EMP115,EMP144,EMP088,EMP069",7,"{""Product"": 1, ""UI"": 1, ""QA"": 1, ""People"": 1, ""Operations"": 1, ""Marketing"": 1, ""Finance"": 1}","{""Mid"": 4, ""Junior"": 1, ""Lead"": 1, ""Senior"": 1}",77.0,50.6,63.4,52.0,82.6,70.6,71.2,79.2,63.5,5.6,1,8.0,True,278.4,True,8.8,94.7,7.1,0.8,105.0,81.4,4,Strong execution,Need better docs,True,Completed,2024-10-04,Project Complete,2023-12-18 15:05:15,2024-10-12 17:53:51
TEAM044,Delta Crew,PRJ002,2024-04-03,Manual,EMP077,"EMP077,EMP070,EMP024,EMP060,EMP162,EMP181,EMP031,EMP135,EMP039",9,"{""HR"": 1, ""QA"": 1, ""Recruiter"": 1, ""Operations"": 2, ""UI"": 1, ""Campaign"": 1, ""Marketing"": 1, ""Sales"": 1}","{""Junior"": 3, ""Mid"": 4, ""Senior"": 1, ""Lead"": 1}",72.1,68.1,45.2,56.0,84.7,72.3,78.8,79.4,54.3,9.6,0,7.4,,87.7,True,8.7,100.4,7.0,1.0,73.1,73.1,1,Strong execution,Need better docs,True,Completed,2024-06-29,Budget Cut,2024-03-25 14:26:25,2024-08-11 14:37:36
TEAM045,Alpha Unit,PRJ037,2023-07-19,AI-Recommended,EMP175,"EMP175,EMP115,EMP100",3,"{""UI"": 1, ""People"": 1, ""UX"": 1}","{""Mid"": 3}",63.2,53.5,52.9,81.0,78.5,60.7,56.7,69.2,70.3,6.2,2,8.4,True,292.4,False,9.1,117.5,5.5,1.2,92.2,77.7,5,Strong execution,,False,Completed,2024-05-06,Reorganization,2023-06-05 17:58:58,2024-08-12 13:52:35
TEAM046,Omega Squad,PRJ056,2025-01-16,Manual,EMP001,"EMP001,EMP134,EMP092,EMP090,EMP050,EMP117,EMP119,EMP183,EMP005",9,"{""UI"": 1, ""Logistics"": 1, ""Financial"": 2, ""Software"": 1, ""UX"": 1, ""QA"": 1, ""Finance"": 1, ""Team"": 1}","{""Junior"": 2, ""Lead"": 3, ""Mid"": 4}",63.1,79.7,66.0,76.2,68.7,54.6,69.9,93.8,71.7,6.9,0,6.2,True,137.2,True,10,96.8,7.0,1.2,93.5,70.4,1,Strong execution,Clear roles helped,False,Completed,2025-06-02,Project Complete,2023-07-06 14:28:20,2025-10-04 17:08:10
TEAM047,Sigma Crew,PRJ006,2024-01-05,Hybrid,EMP174,"EMP174,EMP105,EMP040",3,"{""People"": 1, ""Campaign"": 2}","{""Junior"": 2, ""Mid"": 1}",96.9,67.2,82.6,43.7,61.9,89.4,62.3,90.7,84.2,5.5,1,5.7,True,95.2,True,7.4,89.4,8.4,1.0,65.4,79.1,2,Exceeded expectations,,False,Completed,2024-04-09,Reorganization,2023-12-01 10:42:33,2024-06-13 08:58:38
TEAM048,Alpha Crew,PRJ051,2024-09-17,Manual,EMP038,"EMP038,EMP169,EMP060,EMP118",4,"{""HR"": 2, ""Operations"": 1, ""Financial"": 1}","{""Senior"": 2, ""Mid"": 1, ""Junior"": 1}",83.1,75.6,82.9,81.9,87.4,61.1,46.8,86.7,58.6,7.2,3,6.6,True,108.0,False,7.3,99.6,,1.3,53.2,49.7,3,Communication issues resolved,Clear roles helped,,Completed,2025-01-03,Project Complete,2024-01-31 16:15:35,2025-01-01 09:04:18
TEAM049,Delta Crew,PRJ097,2024-07-07,AI-Recommended,EMP019,"EMP019,EMP187,EMP074,EMP062,EMP082,EMP063,EMP184,EMP114,EMP127",9,"{""Product"": 1, ""Finance"": 1, ""Campaign"": 1, ""Team"": 1, ""SEO"": 1, ""HR"": 1, ""Logistics"": 1, ""Account"": 1, ""Graphic"": 1}","{""Junior"": 4, ""Mid"": 4, ""Senior"": 1}",50.7,84.6,100,83.0,59.1,97.3,55.6,77.7,61.5,8.1,1,6.4,True,52.6,True,8.0,104.0,8.4,0.9,76.0,79.0,0,Great collaboration,,True,Completed,2024-08-28,Budget Cut,2023-11-01 08:21:57,2026-02-11 14:21:31
TEAM050,Omega Crew,PRJ047,2025-02-27,AI-Recommended,EMP120,"EMP120,EMP198,EMP132",3,"{""Operations"": 1, ""Sales"": 1, ""UI"": 1}","{""Mid"": 1, ""Junior"": 1, ""Senior"": 1}",77.1,70.6,83.1,55.6,89.9,82.3,66.1,96.1,76.3,6.1,1,5.9,,129.6,False,8.3,100.7,7.6,1.0,85.8,87.7,4,Exceeded expectations,Daily standups critical,True,Completed,2025-07-06,Project Complete,2024-01-27 17:53:39,2025-11-07 09:23:32
TEAM051,Gamma Squad,PRJ035,2024-07-02,AI-Recommended,EMP068,"EMP068,EMP079,EMP179,EMP125,EMP054,EMP058,EMP028",7,"{""Business"": 1, ""Recruiter"": 1, ""Financial"": 1, ""Graphic"": 1, ""Sales"": 1, ""Software"": 1, ""Finance"": 1}","{""Junior"": 1, ""Lead"": 2, ""Mid"": 2, ""Senior"": 2}",61.5,82.9,70.5,53.4,74.0,53.4,61.2,77.1,62.8,4.1,2,7.7,True,244.1,True,8.0,88.5,,1.1,85.3,90.6,3,Exceeded expectations,Clear roles helped,False,Completed,2025-03-03,Budget Cut,2023-12-26 17:53:56,2025-06-01 09:59:29
TEAM052,Gamma Unit,PRJ033,2024-11-19,AI-Recommended,EMP007,"EMP007,EMP030,EMP002,EMP090,EMP178",5,"{""Project"": 1, ""Marketing"": 1, ""SEO"": 1, ""Software"": 1, ""Account"": 1}","{""Junior"": 1, ""Mid"": 3, ""Lead"": 1}",75.5,82.3,57.1,95.2,62.8,79.9,90.0,58.2,76.5,6.0,2,6.2,True,328.8,False,8.1,110.0,8.6,0.9,84.3,79.0,0,,Need better docs,,Completed,2025-10-13,Budget Cut,2023-06-22 16:36:21,2025-01-09 16:31:11
TEAM053,Delta Squad,PRJ051,2025-05-15,AI-Recommended,EMP126,"EMP126,EMP184,EMP198,EMP100",4,"{""Recruiter"": 1, ""Logistics"": 1, ""Sales"": 1, ""UX"": 1}","{""Junior"": 3, ""Mid"": 1}",99.9,83.4,89.8,71.5,73.2,96.0,69.2,92.5,36.8,4.6,1,7.2,True,95.1,True,7.0,105.7,7.9,0.9,85.9,92.5,0,,,True,Completed,2025-08-18,Project Complete,2023-09-06 15:21:34,2024-06-21 17:35:51
TEAM054,Beta Crew,PRJ046,2024-03-31,AI-Recommended,EMP199,"EMP199,EMP052,EMP035",3,"{""Project"": 1, ""Business"": 1, ""Recruiter"": 1}","{""Mid"": 3}",79.3,87.9,69.9,78.7,46.2,77.8,49.9,71.9,77.3,7.6,3,7.6,True,56.3,True,5.5,98.3,6.8,1.1,83.4,61.8,1,Strong execution,,False,Completed,2024-05-26,Project Complete,2023-09-05 17:46:41,2024-07-11 16:06:11
TEAM055,Alpha Team,PRJ090,2025-01-23,Manual,EMP009,"EMP009,EMP181,EMP146,EMP130",4,"{""Team"": 1, ""Campaign"": 1, ""Logistics"": 1, ""Marketing"": 1}","{""Senior"": 2, ""Principal"": 1, ""Mid"": 1}",89.5,69.7,100,59.1,54.7,91.2,74.5,82.9,76.7,6.8,3,8.7,,364.7,True,8.2,110.4,6.0,1.3,108.6,83.6,0,Strong execution,Async communication worked well,True,Completed,2026-01-22,Project Complete,2023-06-03 14:40:59,2025-05-21 18:58:07
TEAM056,Alpha Crew,PRJ010,2024-02-14,Manual,EMP112,"EMP112,EMP173,EMP043,EMP166,EMP033,EMP099,EMP157,EMP110,EMP095",9,"{""Marketing"": 1, ""Business"": 1, ""Accountant"": 1, ""QA"": 1, ""Content"": 1, ""UX"": 1, ""Graphic"": 2, ""Sales"": 1}","{""Mid"": 2, ""Lead"": 1, ""Junior"": 4, ""Senior"": 2}",61.3,82.6,71.0,90.1,68.0,61.6,56.6,76.4,97.1,8.8,0,5.7,True,43.7,True,9.7,111.3,7.9,0.8,82.5,73.1,1,Great collaboration,Async communication worked well,True,Completed,2024-03-28,Project Complete,2023-08-09 13:21:01,2025-04-23 15:08:31
TEAM057,Delta Unit,PRJ043,2024-05-23,Manual,EMP138,"EMP138,EMP112,EMP109",3,"{""Marketing"": 2, ""People"": 1}","{""Mid"": 2, ""Senior"": 1}",67.2,98.1,55.1,69.1,79.7,58.8,87.1,88.3,80.2,7.3,1,7.8,True,82.2,True,10,95.4,6.9,1.2,75.4,81.6,3,Strong execution,,,Completed,2024-08-13,Project Complete,2023-09-14 14:01:06,2024-08-01 10:57:52
TEAM058,Alpha Force,PRJ073,2024-08-01,Hybrid,EMP172,"EMP172,EMP157,EMP044,EMP082",4,"{""Recruiter"": 1, ""Graphic"": 1, ""Marketing"": 1, ""SEO"": 1}","{""Mid"": 4}",93.4,56.2,52.2,83.8,78.5,84.8,78.1,79.4,68.1,7.0,1,4.5,True,137.6,True,6.8,81.5,9.1,0.9,95.2,89.1,3,Exceeded expectations,,True,Completed,2024-12-16,Budget Cut,2024-01-27 12:47:27,2024-07-23 12:14:14
TEAM059,Alpha Unit,PRJ044,2025-03-16,Manual,EMP029,"EMP029,EMP196,EMP170,EMP098,EMP059,EMP030,EMP078,EMP146,EMP116",9,"{""Campaign"": 1, ""Business"": 1, ""Operations"": 1, ""Team"": 1, ""Controller"": 1, ""Marketing"": 1, ""Project"": 1, ""Logistics"": 1, ""Sales"": 1}","{""Mid"": 5, ""Lead"": 1, ""Senior"": 1, ""Junior"": 1, ""Principal"": 1}",53.0,58.7,62.5,86.5,81.7,46.3,91.5,85.3,89.1,5.7,2,7.1,True,272.6,True,9.0,125.4,8.0,1.3,71.3,47.5,5,Strong execution,Async communication worked well,True,Completed,2025-12-13,Project Complete,2024-03-29 15:15:37,2025-02-03 15:46:21
TEAM060,Alpha Squad,PRJ030,2023-06-27,Hybrid,EMP068,"EMP068,EMP060,EMP151,EMP049,EMP046",5,"{""Business"": 1, ""Operations"": 1, ""DevOps"": 1, ""Graphic"": 2}","{""Junior"": 1, ""Mid"": 3, ""Lead"": 1}",96.9,88.9,40.4,67.6,88.7,76.9,60.5,84.4,59.0,8.3,2,7.1,True,251.3,True,4.8,92.1,7.8,1.1,67.5,72.4,3,Communication issues resolved,Daily standups critical,True,Completed,2024-03-04,Budget Cut,2023-10-11 14:43:15,2025-08-26 12:05:44
TEAM061,Alpha Crew,PRJ093,2024-02-22,Hybrid,EMP009,"EMP009,EMP023,EMP056",3,"{""Team"": 1, ""UI"": 1, ""Senior"": 1}","{""Senior"": 1, ""Lead"": 1, ""Mid"": 1}",90.1,66.2,85.8,63.8,80.1,99.8,65.5,,75.1,9.5,2,6.9,False,,,,,8.9,1.0,100.9,100,1,Great collaboration,Async communication worked well,True,Active,,,2024-01-09 12:43:04,2024-10-15 13:39:19
TEAM062,Delta Force,PRJ075,2024-11-21,AI-Recommended,EMP170,"EMP170,EMP095,EMP078,EMP195,EMP063,EMP126,EMP088",7,"{""Operations"": 1, ""Graphic"": 1, ""Project"": 1, ""Accountant"": 1, ""HR"": 1, ""Recruiter"": 1, ""Marketing"": 1}","{""Senior"": 3, ""Mid"": 1, ""Junior"": 2, ""Lead"": 1}",47.5,72.7,61.3,69.5,88.2,52.6,81.3,72.1,67.8,8.8,1,6.9,True,77.2,True,8.5,113.8,7.0,1.1,84.8,81.2,5,,,True,Completed,2025-02-06,Project Complete,2023-06-04 13:12:38,2025-09-14 18:09:29
TEAM063,Delta Team,PRJ096,2024-12-12,Hybrid,EMP157,"EMP157,EMP045,EMP095",3,"{""Graphic"": 2, ""Operations"": 1}","{""Mid"": 2, ""Senior"": 1}",78.3,67.8,86.5,70.9,51.9,80.1,61.9,98.2,80.7,6.8,2,8.3,True,341.8,True,6.7,105.5,9.2,0.9,75.5,66.1,2,Great collaboration,,True,Completed,2025-11-18,Budget Cut,2024-04-08 15:19:20,2025-05-02 13:40:52
TEAM064,Beta Team,PRJ027,2024-07-17,Hybrid,EMP162,"EMP162,EMP059,EMP045,EMP092,EMP167,EMP126,EMP056,EMP123,EMP080",9,"{""UI"": 1, ""Controller"": 1, ""Operations"": 1, ""Financial"": 1, ""Business"": 1, ""Recruiter"": 1, ""Senior"": 1, ""Sales"": 1, ""DevOps"": 1}","{""Mid"": 6, ""Junior"": 3}",74.7,72.3,78.4,100,95.1,100,74.1,79.3,61.4,5.9,0,7.6,True,167.7,False,6.6,103.9,6.4,1.0,90.7,75.9,1,Communication issues resolved,Daily standups critical,True,Completed,2024-12-31,Reorganization,2024-02-01 09:01:05,2025-03-17 11:56:22
TEAM065,Omega Squad,PRJ069,2025-03-12,Manual,EMP021,"EMP021,EMP199,EMP072,EMP052,EMP157,EMP160,EMP016,EMP117",8,"{""Sales"": 2, ""Project"": 1, ""Financial"": 1, ""Business"": 1, ""Graphic"": 1, ""Team"": 1, ""UX"": 1}","{""Mid"": 5, ""Junior"": 2, ""Lead"": 1}",71.1,100,82.9,82.9,66.6,92.0,93.5,66.1,85.4,7.6,1,8.3,True,96.8,False,8.4,99.0,9.9,1.0,86.3,72.5,2,Communication issues resolved,Daily standups critical,False,Completed,2025-06-16,Budget Cut,2023-09-01 12:10:44,2026-01-19 18:47:28
TEAM066,Delta Team,PRJ024,2023-12-13,AI-Recommended,EMP181,"EMP181,EMP094,EMP190",3,"{""Campaign"": 1, ""Logistics"": 2}","{""Senior"": 2, ""Junior"": 1}",81.9,49.5,36.2,64.2,47.4,100,67.9,77.0,100,6.7,1,6.1,True,279.8,False,8.7,106.8,7.8,0.9,71.7,85.8,2,,Need better docs,False,Completed,2024-09-17,Budget Cut,2024-03-14 14:13:37,2024-06-11 16:31:13
TEAM067,Omega Squad,PRJ097,2025-01-06,Hybrid,EMP023,"EMP023,EMP081,EMP063,EMP019,EMP040,EMP014,EMP067,EMP077,EMP175,EMP082",10,"{""UI"": 2, ""Controller"": 1, ""HR"": 2, ""Product"": 1, ""Campaign"": 1, ""Team"": 1, ""Logistics"": 1, ""SEO"": 1}","{""Lead"": 1, ""Principal"": 1, ""Senior"": 1, ""Junior"": 4, ""Mid"": 3}",59.1,80.7,100,83.0,70.5,88.2,42.4,79.3,80.2,5.5,3,7.4,True,339.6,True,8.3,84.4,6.7,1.3,89.7,75.9,4,Strong execution,Clear roles helped,,Completed,2025-12-11,Reorganization,2024-03-24 14:13:03,2025-08-27 11:02:00
TEAM068,Omega Unit,PRJ034,2023-06-16,Hybrid,EMP001,"EMP001,EMP053,EMP034,EMP072,EMP023,EMP156",6,"{""UI"": 2, ""Operations"": 1, ""Sales"": 1, ""Financial"": 1, ""HR"": 1}","{""Junior"": 2, ""Mid"": 1, ""Senior"": 1, ""Lead"": 1, ""Principal"": 1}",77.3,74.3,65.2,88.2,74.6,61.2,71.8,84.2,46.7,6.4,1,6.6,True,272.4,True,6.8,108.1,7.3,1.1,81.0,74.9,2,Great collaboration,Async communication worked well,False,Completed,2024-03-14,Budget Cut,2024-02-08 17:53:24,2025-11-12 15:57:33
TEAM069,Delta Unit,PRJ019,2024-10-04,AI-Recommended,EMP199,"EMP199,EMP110,EMP100,EMP155,EMP010,EMP134,EMP073,EMP169,EMP070,EMP133",10,"{""Project"": 1, ""Sales"": 1, ""UX"": 1, ""Recruiter"": 1, ""Marketing"": 1, ""Logistics"": 1, ""People"": 1, ""HR"": 1, ""QA"": 1, ""UI"": 1}","{""Mid"": 3, ""Junior"": 2, ""Lead"": 2, ""Principal"": 1, ""Senior"": 2}",69.4,58.4,43.1,79.5,50.1,71.3,63.0,76.8,97.9,5.9,2,8.0,True,101.3,True,7.7,109.1,8.4,0.8,107.9,68.1,4,Exceeded expectations,,True,Completed,2025-01-13,Project Complete,2024-05-05 09:36:49,2025-01-24 10:15:34
TEAM070,Alpha Team,PRJ038,2023-09-10,AI-Recommended,EMP041,"EMP041,EMP014,EMP004,EMP105,EMP200",5,"{""UX"": 1, ""Team"": 2, ""Campaign"": 1, ""Accountant"": 1}","{""Mid"": 3, ""Senior"": 1, ""Junior"": 1}",55.9,69.4,55.9,72.1,73.3,87.9,63.9,97.0,29.5,6.8,2,6.7,True,217.4,False,8.9,96.8,8.9,1.1,98.2,88.8,3,Communication issues resolved,Daily standups critical,True,Completed,2024-04-14,Budget Cut,2024-03-12 18:43:45,2025-12-29 10:35:29
TEAM071,Delta Squad,PRJ049,2025-01-06,AI-Recommended,EMP063,"EMP063,EMP082,EMP036,EMP054,EMP152,EMP043",6,"{""HR"": 1, ""SEO"": 1, ""Recruiter"": 1, ""Sales"": 1, ""Finance"": 1, ""Accountant"": 1}","{""Senior"": 3, ""Mid"": 2, ""Junior"": 1}",78.6,72.3,91.4,87.7,100,62.8,55.1,75.7,50.8,5.2,2,6.6,True,86.1,True,9.2,110.6,7.3,1.2,80.2,69.1,5,Communication issues resolved,Need better docs,True,Completed,2025-04-02,Project Complete,2023-11-03 18:52:28,2025-11-10 13:46:29
TEAM072,Delta Squad,PRJ014,2024-07-06,Manual,EMP010,"EMP010,EMP154,EMP144,EMP070,EMP011,EMP028,EMP030,EMP152",8,"{""Marketing"": 2, ""Sales"": 1, ""Operations"": 1, ""QA"": 1, ""HR"": 1, ""Finance"": 2}","{""Junior"": 3, ""Mid"": 3, ""Senior"": 2}",55.1,65.5,93.9,70.7,68.3,64.4,66.2,67.6,57.3,10,0,8.4,True,58.3,True,7.5,89.4,7.7,0.8,102.8,77.4,4,Communication issues resolved,Clear roles helped,,Completed,2024-09-02,Project Complete,2023-10-18 12:04:33,2025-09-17 18:53:01
TEAM073,Gamma Unit,PRJ037,2024-08-25,Manual,EMP103,"EMP103,EMP200,EMP038,EMP133,EMP142,EMP018,EMP158,EMP006",8,"{""HR"": 3, ""Accountant"": 1, ""UI"": 1, ""Project"": 1, ""Financial"": 1, ""Sales"": 1}","{""Junior"": 2, ""Senior"": 3, ""Mid"": 3}",74.1,74.8,57.9,71.4,75.7,78.0,72.2,88.6,68.6,6.4,2,6.6,True,325.3,False,6.4,78.5,6.4,1.2,74.5,91.4,4,,Clear roles helped,True,Completed,2025-07-16,Budget Cut,2023-09-22 17:02:06,2025-12-08 11:22:25
TEAM074,Delta Unit,PRJ080,2023-07-05,Manual,EMP003,"EMP003,EMP137,EMP180,EMP052,EMP031,EMP070,EMP066,EMP074,EMP186",9,"{""People"": 1, ""UX"": 1, ""HR"": 2, ""Business"": 1, ""Operations"": 1, ""QA"": 1, ""Sales"": 1, ""Campaign"": 1}","{""Junior"": 3, ""Mid"": 4, ""Lead"": 1, ""Senior"": 1}",68.2,75.8,59.1,70.6,96.6,94.1,70.9,95.5,82.2,7.3,0,6.6,True,240.7,True,10,92.7,7.9,1.0,87.9,81.9,5,,,True,Completed,2024-03-01,Project Complete,2023-08-27 18:43:29,2025-04-10 18:38:01
TEAM075,Delta Crew,PRJ087,2024-11-07,Hybrid,EMP002,"EMP002,EMP089,EMP074,EMP173,EMP025,EMP190,EMP162,EMP192",8,"{""SEO"": 1, ""Operations"": 1, ""Campaign"": 1, ""Business"": 1, ""Project"": 1, ""Logistics"": 1, ""UI"": 1, ""Senior"": 1}","{""Mid"": 4, ""Lead"": 1, ""Senior"": 2, ""Junior"": 1}",50.9,60.5,26.3,79.7,95.7,100,74.8,100,82.4,7.5,3,5.6,True,301.7,True,6.9,91.5,5.7,1.3,104.0,68.6,4,Exceeded expectations,Need better docs,,Completed,2025-09-04,Reorganization,2023-07-18 18:47:07,2025-04-26 15:46:52
TEAM076,Delta Unit,PRJ059,2023-08-04,Hybrid,EMP005,"EMP005,EMP195,EMP019,EMP190,EMP085,EMP189,EMP095,EMP016,EMP127",9,"{""Team"": 3, ""Accountant"": 1, ""Product"": 1, ""Logistics"": 1, ""SEO"": 1, ""Graphic"": 2}","{""Junior"": 5, ""Senior"": 3, ""Lead"": 1}",46.8,70.1,78.3,83.4,61.1,92.3,79.7,70.4,76.6,9.0,1,7.5,True,54.2,True,6.7,105.6,5.5,1.1,95.8,97.1,3,,Need better docs,True,Completed,2023-09-27,Project Complete,2024-03-12 18:31:19,2025-07-04 08:52:29
TEAM077,Omega Squad,PRJ053,2024-04-16,AI-Recommended,EMP023,"EMP023,EMP071,EMP116,EMP004,EMP039,EMP036,EMP044",7,"{""UI"": 1, ""Operations"": 1, ""Sales"": 2, ""Team"": 1, ""Recruiter"": 1, ""Marketing"": 1}","{""Lead"": 1, ""Senior"": 2, ""Mid"": 4}",32.8,80.5,65.0,69.8,88.6,72.5,82.6,75.1,96.4,6.7,3,7.1,True,83.2,True,6.4,101.9,,0.8,106.3,87.7,0,Strong execution,Async communication worked well,True,Completed,2024-07-08,Project Complete,2023-09-29 11:32:44,2024-10-22 10:42:13
TEAM078,Alpha Force,PRJ036,2024-07-30,Manual,EMP016,"EMP016,EMP124,EMP051,EMP097,EMP007,EMP123,EMP158,EMP193,EMP195",9,"{""Team"": 1, ""Graphic"": 1, ""Sales"": 2, ""DevOps"": 1, ""Project"": 1, ""Financial"": 1, ""QA"": 1, ""Accountant"": 1}","{""Lead"": 2, ""Junior"": 6, ""Senior"": 1}",38.5,70.2,68.7,86.3,60.8,74.7,68.1,96.2,61.8,8.1,3,8.6,True,328.9,True,4.8,92.2,,0.8,110.7,69.8,2,Strong execution,,True,Completed,2025-06-23,Project Complete,2023-10-10 14:07:38,2025-08-08 14:53:30
TEAM079,Alpha Unit,PRJ017,2023-11-19,Hybrid,EMP054,"EMP054,EMP047,EMP025",3,"{""Sales"": 1, ""Senior"": 1, ""Project"": 1}","{""Senior"": 2, ""Mid"": 1}",61.4,80.9,45.5,97.3,85.2,88.1,70.4,69.9,60.6,7.3,3,8.2,True,117.0,True,8.5,104.8,6.9,0.8,78.8,85.6,1,Communication issues resolved,Daily standups critical,True,Completed,2024-03-15,Reorganization,2024-03-14 18:55:59,2025-09-25 11:06:23
TEAM080,Gamma Crew,PRJ015,2023-12-25,AI-Recommended,EMP065,"EMP065,EMP030,EMP003,EMP019,EMP157,EMP083,EMP186,EMP015",8,"{""Accountant"": 1, ""Marketing"": 1, ""People"": 1, ""Product"": 1, ""Graphic"": 1, ""SEO"": 1, ""HR"": 1, ""Team"": 1}","{""Principal"": 1, ""Mid"": 4, ""Junior"": 3}",64.1,81.7,53.3,74.5,76.5,95.3,52.3,75.1,95.3,6.2,2,6.3,True,109.1,True,8.2,79.9,9.8,0.8,71.4,77.2,1,,,True,Completed,2024-04-12,Budget Cut,2024-01-29 14:09:33,2026-02-25 17:07:24
TEAM081,Gamma Crew,PRJ058,2023-08-06,Manual,EMP133,"EMP133,EMP014,EMP153,EMP077,EMP138,EMP099,EMP199,EMP158,EMP174",9,"{""UI"": 1, ""Team"": 1, ""Operations"": 1, ""HR"": 1, ""Marketing"": 1, ""UX"": 1, ""Project"": 1, ""Financial"": 1, ""People"": 1}","{""Senior"": 2, ""Mid"": 3, ""Junior"": 4}",65.0,79.2,100,89.2,68.0,79.1,89.0,76.7,63.9,6.7,3,7.9,True,194.4,True,10,84.5,6.8,1.3,71.7,80.5,5,Strong execution,,False,Completed,2024-02-16,Project Complete,2023-06-03 16:07:46,2025-12-27 13:04:48
TEAM082,Gamma Unit,PRJ048,2023-11-12,Hybrid,EMP129,"EMP129,EMP200,EMP036,EMP032,EMP133,EMP116",6,"{""HR"": 1, ""Accountant"": 1, ""Recruiter"": 1, ""UI"": 2, ""Sales"": 1}","{""Junior"": 2, ""Mid"": 3, ""Senior"": 1}",59.6,78.5,76.0,72.6,63.5,84.7,91.2,72.3,82.5,8.2,3,6.7,True,185.8,True,7.6,96.0,7.9,1.3,98.1,78.6,1,Great collaboration,,True,Completed,2024-05-15,Project Complete,2023-07-29 11:15:42,2025-01-15 14:14:10
TEAM083,Sigma Unit,PRJ081,2024-04-11,Hybrid,EMP012,"EMP012,EMP035,EMP053,EMP052,EMP093,EMP105,EMP137,EMP175",8,"{""Business"": 2, ""Recruiter"": 1, ""Operations"": 2, ""Campaign"": 1, ""UX"": 1, ""UI"": 1}","{""Junior"": 2, ""Mid"": 5, ""Senior"": 1}",88.5,56.5,86.7,73.5,62.3,97.2,52.0,82.5,53.8,7.6,1,7.4,True,305.8,False,7.2,107.4,4.9,0.9,91.6,51.6,2,Communication issues resolved,,,Completed,2025-02-10,Reorganization,2023-06-20 15:23:58,2025-07-08 14:23:18
TEAM084,Gamma Force,PRJ025,2024-12-03,Hybrid,EMP154,"EMP154,EMP074,EMP145,EMP100,EMP059",5,"{""Sales"": 1, ""Campaign"": 1, ""People"": 1, ""UX"": 1, ""Controller"": 1}","{""Junior"": 3, ""Mid"": 2}",53.6,79.9,70.1,71.9,85.3,70.8,75.1,100,84.4,6.3,1,7.3,True,106.8,True,6.7,90.7,7.5,0.9,80.4,76.8,4,Exceeded expectations,Async communication worked well,,Completed,2025-03-19,Budget Cut,2024-01-17 15:03:18,2024-11-18 16:57:24
TEAM085,Gamma Force,PRJ070,2024-07-15,AI-Recommended,EMP006,"EMP006,EMP157,EMP061,EMP062,EMP092,EMP165,EMP091",7,"{""Sales"": 1, ""Graphic"": 1, ""People"": 2, ""Team"": 1, ""Financial"": 1, ""QA"": 1}","{""Mid"": 7}",86.2,47.1,74.4,80.3,59.1,81.8,75.4,72.5,88.5,6.3,1,8.7,True,222.2,False,8.6,97.2,8.8,1.0,92.5,81.4,2,,,True,Completed,2025-02-22,Project Complete,2024-01-30 12:57:42,2025-05-02 09:11:26
TEAM086,Omega Crew,PRJ009,2025-02-09,Hybrid,EMP063,"EMP063,EMP031,EMP058,EMP021,EMP054,EMP036,EMP106,EMP084",8,"{""HR"": 1, ""Operations"": 1, ""Software"": 1, ""Sales"": 3, ""Recruiter"": 2}","{""Senior"": 2, ""Lead"": 2, ""Mid"": 4}",76.4,87.3,68.2,63.4,71.5,90.5,72.8,88.9,87.0,7.8,3,6.8,True,162.5,True,7.9,109.9,8.6,1.0,90.5,100,0,Communication issues resolved,,,Completed,2025-07-21,Reorganization,2023-10-16 08:52:29,2024-11-18 15:11:16
TEAM087,Omega Crew,PRJ085,2024-02-03,Hybrid,EMP090,"EMP090,EMP147,EMP160,EMP082,EMP100,EMP054,EMP091",7,"{""Software"": 1, ""Campaign"": 1, ""Sales"": 2, ""SEO"": 1, ""UX"": 1, ""People"": 1}","{""Lead"": 1, ""Mid"": 4, ""Junior"": 1, ""Senior"": 1}",53.5,52.2,52.2,78.9,97.3,86.8,84.6,67.5,68.6,5.4,1,4.6,,121.4,True,9.3,99.0,9.7,0.8,70.5,71.2,3,Strong execution,Clear roles helped,True,Completed,2024-06-03,Budget Cut,2023-11-15 10:17:48,2025-01-09 18:09:02
TEAM088,Beta Crew,PRJ049,2024-08-31,AI-Recommended,EMP033,"EMP033,EMP076,EMP150,EMP191,EMP122,EMP009,EMP125,EMP200",8,"{""Content"": 1, ""HR"": 1, ""Team"": 3, ""UI"": 1, ""Graphic"": 1, ""Accountant"": 1}","{""Junior"": 4, ""Lead"": 2, ""Senior"": 2}",75.9,51.7,38.5,66.6,66.3,90.8,70.1,59.8,91.5,6.6,2,6.3,True,84.9,False,9.7,94.2,9.0,1.2,85.2,76.3,3,Communication issues resolved,Clear roles helped,True,Completed,2024-11-23,Reorganization,2024-01-12 18:34:07,2024-11-20 11:14:20
TEAM089,Gamma Crew,PRJ046,2024-03-27,Manual,EMP135,"EMP135,EMP053,EMP129,EMP184,EMP110",5,"{""Marketing"": 1, ""Operations"": 1, ""HR"": 1, ""Logistics"": 1, ""Sales"": 1}","{""Junior"": 4, ""Mid"": 1}",59.9,54.0,77.3,63.0,65.0,89.4,72.0,69.1,59.8,7.7,3,7.0,True,297.8,False,6.3,99.0,,0.9,75.4,95.7,0,Great collaboration,,True,Completed,2025-01-18,Reorganization,2024-01-07 12:22:45,2026-02-12 11:02:47
TEAM090,Alpha Force,PRJ045,2024-10-09,AI-Recommended,EMP183,"EMP183,EMP096,EMP163,EMP120,EMP090,EMP070,EMP156,EMP125,EMP162,EMP026",10,"{""Finance"": 1, ""Operations"": 2, ""DevOps"": 1, ""Software"": 1, ""QA"": 1, ""HR"": 1, ""Graphic"": 1, ""UI"": 1, ""Marketing"": 1}","{""Mid"": 5, ""Junior"": 1, ""Senior"": 1, ""Lead"": 2, ""Principal"": 1}",54.1,70.0,98.4,78.1,67.0,74.7,55.4,71.0,71.7,7.9,2,9.0,True,166.4,True,6.4,93.0,7.2,0.9,50,58.8,1,Communication issues resolved,Async communication worked well,,Completed,2025-03-24,Project Complete,2024-01-07 08:34:13,2025-02-05 16:17:15
TEAM091,Alpha Squad,PRJ039,2023-12-11,Manual,EMP119,"EMP119,EMP029,EMP126,EMP101,EMP036,EMP037,EMP022,EMP125,EMP170,EMP152",10,"{""QA"": 1, ""Campaign"": 1, ""Recruiter"": 2, ""UX"": 1, ""HR"": 1, ""Product"": 1, ""Graphic"": 1, ""Operations"": 1, ""Finance"": 1}","{""Lead"": 3, ""Mid"": 2, ""Junior"": 3, ""Senior"": 2}",63.7,95.0,73.2,69.2,85.7,73.0,98,77.5,71.8,5.7,0,9.0,,43.3,True,9.5,97.1,8.9,1.1,94.5,62.9,4,,,True,Completed,2024-01-23,Budget Cut,2024-03-28 10:04:41,2025-03-22 15:53:00
TEAM092,Beta Unit,PRJ012,2023-07-17,AI-Recommended,EMP105,"EMP105,EMP165,EMP182,EMP175,EMP181,EMP138,EMP197,EMP002",8,"{""Campaign"": 3, ""QA"": 1, ""DevOps"": 1, ""UI"": 1, ""Marketing"": 1, ""SEO"": 1}","{""Mid"": 5, ""Senior"": 3}",55.1,68.6,48.8,70.4,62.6,75.7,47.0,66.4,75.4,8.2,2,7.8,True,331.4,True,9.2,100.0,7.5,0.9,84.8,75.7,5,Communication issues resolved,Clear roles helped,True,Completed,2024-06-12,Reorganization,2024-05-07 11:56:32,2026-02-01 10:19:04
TEAM093,Beta Crew,PRJ027,2023-08-31,Hybrid,EMP159,"EMP159,EMP098,EMP134,EMP044",4,"{""Accountant"": 1, ""Team"": 1, ""Logistics"": 1, ""Marketing"": 1}","{""Senior"": 1, ""Mid"": 2, ""Lead"": 1}",51.7,81.2,45.9,73.9,96.9,78.2,92.1,89.6,78.8,6.5,1,7.1,True,106.0,False,6.7,99.6,7.0,1.1,94.1,82.4,0,Communication issues resolved,Need better docs,,Completed,2023-12-15,Project Complete,2024-02-20 14:23:50,2025-05-13 09:55:27
TEAM094,Alpha Team,PRJ001,2024-08-20,AI-Recommended,EMP073,"EMP073,EMP008,EMP054,EMP083,EMP028,EMP069,EMP023,EMP074,EMP009,EMP146",10,"{""People"": 1, ""UI"": 2, ""Sales"": 1, ""SEO"": 1, ""Finance"": 2, ""Campaign"": 1, ""Team"": 1, ""Logistics"": 1}","{""Principal"": 2, ""Lead"": 2, ""Senior"": 4, ""Junior"": 1, ""Mid"": 1}",61.0,60.3,98.7,54.4,46.0,75.0,66.2,81.4,100,5.6,3,7.1,True,331.4,True,7.9,100.6,7.7,1.2,86.9,62.3,1,Exceeded expectations,Daily standups critical,True,Completed,2025-07-17,Project Complete,2023-09-01 18:05:32,2025-06-27 08:04:50
TEAM095,Beta Force,PRJ057,2023-10-07,AI-Recommended,EMP195,"EMP195,EMP115,EMP014,EMP197,EMP060,EMP045",6,"{""Accountant"": 1, ""People"": 1, ""Team"": 1, ""Campaign"": 1, ""Operations"": 2}","{""Junior"": 1, ""Mid"": 4, ""Senior"": 1}",97.3,52.7,35.9,81.5,72.3,67.9,47.6,72.1,79.1,6.3,0,6.3,True,115.6,True,7.5,111.0,,0.8,99.8,89.6,4,Exceeded expectations,Need better docs,False,Completed,2024-01-30,Budget Cut,2024-04-16 17:04:11,2025-09-22 18:30:04
TEAM096,Delta Force,PRJ052,2024-11-08,Hybrid,EMP014,"EMP014,EMP022,EMP110,EMP099",4,"{""Team"": 1, ""Product"": 1, ""Sales"": 1, ""UX"": 1}","{""Mid"": 1, ""Lead"": 1, ""Junior"": 2}",71.6,78.6,74.3,60.8,78.2,60.4,74.4,75.1,77.2,10,1,8.3,True,362.3,True,7.4,103.9,7.4,1.0,91.1,75.5,4,Exceeded expectations,,,Completed,2025-11-05,Budget Cut,2024-01-02 14:11:14,2026-01-04 12:19:09
TEAM097,Gamma Force,PRJ045,2023-07-18,Manual,EMP109,"EMP109,EMP115,EMP023,EMP188,EMP140,EMP199",6,"{""People"": 2, ""UI"": 1, ""Team"": 1, ""Financial"": 1, ""Project"": 1}","{""Senior"": 1, ""Mid"": 3, ""Lead"": 1, ""Junior"": 1}",86.0,80.7,63.8,79.0,66.9,89.7,47.4,70.7,53.1,7.5,0,6.5,True,151.4,True,8.1,84.8,6.5,0.8,71.4,99.3,2,Exceeded expectations,Async communication worked well,True,Completed,2023-12-16,Project Complete,2024-01-13 10:07:12,2024-07-15 14:20:49
TEAM098,Delta Squad,PRJ050,2023-08-24,Hybrid,EMP128,"EMP128,EMP152,EMP090,EMP158,EMP052,EMP186,EMP105,EMP156,EMP031,EMP033",10,"{""Recruiter"": 1, ""Finance"": 1, ""Software"": 1, ""Financial"": 1, ""Business"": 1, ""HR"": 2, ""Campaign"": 1, ""Operations"": 1, ""Content"": 1}","{""Mid"": 4, ""Senior"": 2, ""Lead"": 2, ""Principal"": 1, ""Junior"": 1}",70.7,80.5,58.8,91.6,62.0,92.7,77.5,77.6,83.6,7.1,0,6.5,True,268.1,False,8.0,107.6,7.5,0.8,93.3,88.6,1,Great collaboration,Daily standups critical,False,Completed,2024-05-18,Reorganization,2023-12-19 18:55:28,2025-10-08 11:00:44
TEAM099,Omega Squad,PRJ024,2024-11-21,Hybrid,EMP081,"EMP081,EMP142,EMP034",3,"{""Controller"": 1, ""Project"": 1, ""Sales"": 1}","{""Principal"": 1, ""Mid"": 1, ""Senior"": 1}",71.9,55.1,89.0,63.5,47.5,95.2,78.7,55.6,50.3,5.6,2,7.8,True,75.3,True,6.7,85.0,9.1,1.1,93.6,91.8,4,Strong execution,,False,Completed,2025-02-04,Project Complete,2024-01-16 10:22:36,2025-09-27 10:19:15
TEAM100,Omega Team,PRJ064,2023-10-09,Manual,EMP185,"EMP185,EMP073,EMP171,EMP176,EMP107,EMP011,EMP108",7,"{""Accountant"": 1, ""People"": 1, ""Business"": 1, ""Content"": 1, ""Operations"": 1, ""HR"": 1, ""Sales"": 1}","{""Junior"": 1, ""Principal"": 2, ""Lead"": 1, ""Mid"": 2, ""Senior"": 1}",60.2,55.0,78.1,93.7,83.9,68.6,72.6,71.9,93.4,6.5,1,7.7,True,265.3,True,5.7,94.4,7.5,1.1,75.4,91.0,4,Strong execution,,True,Completed,2024-06-30,Budget Cut,2023-10-21 08:04:34,2025-09-26 10:36:09
TEAM101,Gamma Team,PRJ060,2024-05-23,Manual,EMP032,"EMP032,EMP178,EMP011,EMP020,EMP081,EMP068",6,"{""UI"": 1, ""Account"": 1, ""HR"": 1, ""Project"": 1, ""Controller"": 1, ""Business"": 1}","{""Mid"": 4, ""Principal"": 1, ""Junior"": 1}",47.6,80.7,52.1,67.5,50.3,64.6,78.7,94.1,75.4,4.8,0,7.6,True,175.7,True,6.1,97.3,5.6,1.2,73.2,68.5,1,Exceeded expectations,Daily standups critical,False,Completed,2024-11-14,Reorganization,2023-11-26 16:42:32,2025-06-01 08:17:41
TEAM102,Sigma Force,PRJ091,2024-06-29,Manual,EMP017,"EMP017,EMP005,EMP123,EMP192",4,"{""SEO"": 1, ""Team"": 1, ""Sales"": 1, ""Senior"": 1}","{""Senior"": 1, ""Junior"": 3}",52.9,70.4,72.9,72.2,57.7,100,73.9,80.0,61.4,7.6,3,6.6,True,192.7,True,7.8,99.6,6.5,0.9,87.3,84.7,0,,Daily standups critical,True,Completed,2025-01-07,Project Complete,2024-05-21 14:16:06,2025-10-07 15:58:33
TEAM103,Alpha Force,PRJ045,2024-09-15,AI-Recommended,EMP173,"EMP173,EMP057,EMP200,EMP029,EMP079,EMP168",6,"{""Business"": 1, ""Software"": 1, ""Accountant"": 1, ""Campaign"": 1, ""Recruiter"": 1, ""Account"": 1}","{""Lead"": 2, ""Mid"": 2, ""Junior"": 2}",67.5,80.3,62.5,64.8,73.9,80.4,71.3,92.3,66.0,7.0,2,8.6,True,316.3,False,7.8,95.8,6.6,0.9,105.0,89.9,3,,Async communication worked well,True,Completed,2025-07-28,Project Complete,2024-04-15 17:22:56,2024-08-05 15:26:42
TEAM104,Omega Crew,PRJ019,2025-01-15,AI-Recommended,EMP127,"EMP127,EMP030,EMP085,EMP092,EMP060",5,"{""Graphic"": 1, ""Marketing"": 1, ""SEO"": 1, ""Financial"": 1, ""Operations"": 1}","{""Junior"": 1, ""Mid"": 3, ""Senior"": 1}",48.7,45.8,54.5,63.7,96.1,84.9,61.7,78.2,76.8,5.0,2,7.4,True,172.0,False,6.3,102.4,7.4,1.0,77.4,80.6,3,Communication issues resolved,Need better docs,True,Completed,2025-07-06,Reorganization,2023-10-30 09:51:56,2025-05-08 10:51:11
TEAM105,Gamma Force,PRJ073,2024-11-14,Manual,EMP108,"EMP108,EMP153,EMP090,EMP068,EMP047,EMP002",6,"{""Sales"": 1, ""Operations"": 1, ""Software"": 1, ""Business"": 1, ""Senior"": 1, ""SEO"": 1}","{""Principal"": 1, ""Junior"": 2, ""Lead"": 1, ""Mid"": 2}",84.0,68.5,77.4,70.8,67.2,94.3,77.0,80.8,73.1,5.8,0,7.6,True,200.0,True,7.7,99.4,7.5,1.2,90.5,76.1,0,Communication issues resolved,Daily standups critical,True,Completed,2025-06-02,Reorganization,2024-03-10 10:01:10,2025-05-12 15:16:10
TEAM106,Delta Team,PRJ050,2025-06-01,Hybrid,EMP117,"EMP117,EMP171,EMP056,EMP100,EMP028,EMP022,EMP141",7,"{""UX"": 2, ""Business"": 1, ""Senior"": 1, ""Finance"": 1, ""Product"": 1, ""Team"": 1}","{""Mid"": 4, ""Lead"": 2, ""Senior"": 1}",72.4,76.9,89.4,97.2,85.3,100,66.9,60.7,73.6,8.9,1,7.8,True,293.4,True,6.7,86.8,9.7,1.1,74.7,63.8,5,Communication issues resolved,,False,Completed,2026-03-21,Project Complete,2024-05-08 18:57:11,2024-06-06 16:15:35
TEAM107,Alpha Unit,PRJ060,2025-04-03,AI-Recommended,EMP049,"EMP049,EMP019,EMP059",3,"{""Graphic"": 1, ""Product"": 1, ""Controller"": 1}","{""Lead"": 1, ""Junior"": 2}",76.2,55.2,86.6,75.4,64.2,100,84.2,90.8,73.8,9.8,3,9.6,True,91.2,True,9.2,99.8,6.5,1.0,71.3,77.5,2,,,True,Completed,2025-07-03,Budget Cut,2024-04-26 15:32:47,2024-06-28 18:26:32
TEAM108,Omega Unit,PRJ058,2025-02-03,Hybrid,EMP078,"EMP078,EMP158,EMP146",3,"{""Project"": 1, ""Financial"": 1, ""Logistics"": 1}","{""Mid"": 1, ""Senior"": 1, ""Principal"": 1}",67.0,75.5,65.9,41.9,43.7,89.8,65.0,81.5,71.2,4.8,2,8.2,True,292.8,True,8.2,93.4,5.3,1.0,91.4,83.1,4,Exceeded expectations,Async communication worked well,True,Completed,2025-11-22,Reorganization,2023-11-10 10:57:58,2025-07-04 12:32:59
TEAM109,Gamma Unit,PRJ089,2024-08-08,Manual,EMP104,"EMP104,EMP094,EMP165,EMP194,EMP191,EMP030,EMP125,EMP031,EMP044",9,"{""Operations"": 2, ""Logistics"": 1, ""QA"": 1, ""SEO"": 1, ""UI"": 1, ""Marketing"": 2, ""Graphic"": 1}","{""Senior"": 1, ""Junior"": 2, ""Mid"": 4, ""Lead"": 2}",84.1,82.6,65.1,90.4,86.4,60.6,58.8,55.2,94.9,5.7,3,8.3,True,195.2,True,9.4,83.4,7.1,0.8,99.9,71.5,1,,Clear roles helped,True,Completed,2025-02-19,Reorganization,2023-10-16 17:48:32,2026-02-23 15:17:52
TEAM110,Gamma Squad,PRJ100,2025-01-07,Manual,EMP164,"EMP164,EMP071,EMP038,EMP169,EMP020,EMP179,EMP182,EMP006,EMP012",9,"{""HR"": 3, ""Operations"": 1, ""Project"": 1, ""Financial"": 1, ""DevOps"": 1, ""Sales"": 1, ""Business"": 1}","{""Mid"": 4, ""Senior"": 4, ""Junior"": 1}",87.0,61.6,70.5,82.9,55.6,63.9,66.6,89.6,67.5,6.2,3,7.6,True,270.4,True,6.5,89.2,7.1,0.9,76.9,70.5,4,Great collaboration,Need better docs,True,Completed,2025-10-04,Reorganization,2023-12-09 13:23:44,2025-04-28 11:45:40
TEAM111,Sigma Squad,PRJ077,2025-02-17,AI-Recommended,EMP104,"EMP104,EMP176,EMP011,EMP037,EMP143,EMP098,EMP016,EMP200,EMP003,EMP173",10,"{""Operations"": 1, ""Content"": 1, ""HR"": 2, ""Software"": 1, ""Team"": 2, ""Accountant"": 1, ""People"": 1, ""Business"": 1}","{""Senior"": 1, ""Mid"": 4, ""Junior"": 3, ""Lead"": 2}",71.7,31.8,91.0,59.1,95.3,40.9,88.2,88.6,73.2,6.1,1,8.2,True,221.1,False,9.7,97.5,7.4,1.1,88.4,61.9,1,,Daily standups critical,False,Completed,2025-09-26,Budget Cut,2023-12-30 18:57:50,2025-09-01 14:18:00
TEAM112,Gamma Unit,PRJ035,2025-05-27,Hybrid,EMP199,"EMP199,EMP065,EMP050,EMP138,EMP155,EMP099,EMP055,EMP104,EMP127,EMP146",10,"{""Project"": 1, ""Accountant"": 1, ""Financial"": 1, ""Marketing"": 1, ""Recruiter"": 1, ""UX"": 1, ""Operations"": 2, ""Graphic"": 1, ""Logistics"": 1}","{""Mid"": 3, ""Principal"": 2, ""Lead"": 2, ""Junior"": 2, ""Senior"": 1}",57.7,87.5,71.9,56.6,65.4,100,72.3,75.0,82.0,6.9,2,8.3,True,93.4,True,4.9,91.9,7.9,0.8,97.8,88.3,0,Exceeded expectations,Async communication worked well,False,Completed,2025-08-28,Reorganization,2023-06-04 15:53:30,2026-01-10 18:07:38
TEAM113,Gamma Crew,PRJ034,2025-02-05,Hybrid,EMP101,"EMP101,EMP022,EMP085,EMP064,EMP167,EMP162,EMP134,EMP023,EMP074,EMP175",10,"{""UX"": 1, ""Product"": 1, ""SEO"": 1, ""Accountant"": 1, ""Business"": 1, ""UI"": 3, ""Logistics"": 1, ""Campaign"": 1}","{""Junior"": 1, ""Lead"": 3, ""Senior"": 1, ""Mid"": 5}",67.1,72.9,86.0,78.2,76.3,99.5,58.0,70.0,63.3,7.2,0,7.6,True,249.0,True,7.1,106.0,10,0.9,101.8,75.0,4,Strong execution,Need better docs,,Completed,2025-10-12,Budget Cut,2024-02-20 17:00:01,2024-06-21 11:28:57
TEAM114,Alpha Team,PRJ061,2023-11-24,AI-Recommended,EMP132,"EMP132,EMP108,EMP097,EMP060",4,"{""UI"": 1, ""Sales"": 1, ""DevOps"": 1, ""Operations"": 1}","{""Senior"": 1, ""Principal"": 1, ""Junior"": 1, ""Mid"": 1}",95.9,65.4,69.2,68.5,56.2,84.4,72.8,65.2,69.2,7.7,1,6.9,True,187.5,False,6.6,102.3,8.4,1.2,84.3,65.9,3,Communication issues resolved,Clear roles helped,False,Completed,2024-05-29,Project Complete,2023-09-26 11:44:18,2024-12-12 11:02:46
TEAM115,Beta Unit,PRJ018,2023-12-29,Manual,EMP143,"EMP143,EMP195,EMP026,EMP016,EMP019,EMP123,EMP129",7,"{""Software"": 1, ""Accountant"": 1, ""Marketing"": 1, ""Team"": 1, ""Product"": 1, ""Sales"": 1, ""HR"": 1}","{""Mid"": 2, ""Junior"": 4, ""Lead"": 1}",94.2,82.9,48.1,81.9,62.1,79.5,59.9,69.6,80.9,8.0,3,6.2,True,313.9,True,6.5,107.3,8.2,1.0,80.0,75.2,3,Communication issues resolved,,True,Completed,2024-11-06,Budget Cut,2023-12-28 11:04:52,2025-02-04 16:51:38
TEAM116,Omega Unit,PRJ089,2024-05-12,Hybrid,EMP106,"EMP106,EMP098,EMP011",3,"{""Recruiter"": 1, ""Team"": 1, ""HR"": 1}","{""Lead"": 1, ""Mid"": 2}",41.9,63.5,74.0,64.4,78.7,85.1,49.3,71.2,76.7,7.1,3,8.6,True,136.9,True,7.7,105.9,7.2,1.2,93.3,69.2,1,,,True,Completed,2024-09-25,Project Complete,2023-11-04 10:32:06,2024-11-07 16:53:18
TEAM117,Alpha Unit,PRJ081,2023-12-23,AI-Recommended,EMP003,"EMP003,EMP153,EMP091,EMP056,EMP086,EMP021,EMP179,EMP110,EMP045",9,"{""People"": 2, ""Operations"": 2, ""Senior"": 1, ""HR"": 1, ""Sales"": 2, ""Financial"": 1}","{""Junior"": 3, ""Mid"": 6}",59.7,85.9,61.0,76.6,77.5,66.8,80.0,62.2,75.4,8.6,0,6.1,True,350.8,True,6.8,97.5,,1.1,95.1,78.7,4,Great collaboration,Async communication worked well,True,Completed,2024-12-07,Project Complete,2023-07-16 14:13:47,2025-10-21 11:13:43
TEAM118,Beta Team,PRJ062,2024-01-20,Hybrid,EMP078,"EMP078,EMP112,EMP090,EMP027,EMP122",5,"{""Project"": 1, ""Marketing"": 1, ""Software"": 1, ""Logistics"": 1, ""Team"": 1}","{""Mid"": 2, ""Lead"": 1, ""Senior"": 2}",68.2,54.5,29.5,77.3,73.5,77.8,65.5,66.0,62.8,8.3,1,9.3,True,235.5,True,8.1,115.3,7.6,0.9,88.1,80.2,5,Great collaboration,,False,Completed,2024-09-11,Budget Cut,2023-09-26 17:33:32,2024-06-08 10:00:38
TEAM119,Omega Force,PRJ084,2025-01-08,AI-Recommended,EMP128,"EMP128,EMP057,EMP146",3,"{""Recruiter"": 1, ""Software"": 1, ""Logistics"": 1}","{""Mid"": 2, ""Principal"": 1}",77.4,85.4,55.8,71.7,71.3,83.9,39.8,94.2,60.2,7.4,0,7.7,True,316.0,False,10,116.5,7.5,1.3,70.1,78.3,1,Great collaboration,Async communication worked well,False,Completed,2025-11-20,Budget Cut,2024-04-02 15:17:28,2025-02-02 18:40:14
TEAM120,Gamma Team,PRJ032,2023-11-29,Hybrid,EMP176,"EMP176,EMP114,EMP066,EMP003,EMP169",5,"{""Content"": 1, ""Account"": 1, ""Sales"": 1, ""People"": 1, ""HR"": 1}","{""Mid"": 1, ""Junior"": 2, ""Senior"": 2}",80.0,52.7,70.8,66.2,67.0,100,58.3,70.5,64.0,7.7,1,6.4,,146.2,False,5.1,107.4,9.2,1.2,83.4,57.5,4,,Need better docs,True,Completed,2024-04-23,Project Complete,2023-12-23 13:04:19,2024-11-18 18:02:10
TEAM121,Beta Force,PRJ032,2025-04-08,Manual,EMP008,"EMP008,EMP146,EMP019,EMP099,EMP107,EMP182,EMP114,EMP192,EMP131",9,"{""UI"": 1, ""Logistics"": 1, ""Product"": 1, ""UX"": 1, ""Operations"": 1, ""DevOps"": 1, ""Account"": 1, ""Senior"": 1, ""Marketing"": 1}","{""Lead"": 1, ""Principal"": 1, ""Junior"": 5, ""Senior"": 2}",77.9,63.7,62.8,75.4,83.0,76.8,83.8,100,76.0,5.2,0,8.6,,284.4,True,7.8,104.2,7.1,1.0,75.6,60.8,3,Strong execution,Async communication worked well,,Completed,2026-01-17,Budget Cut,2024-04-11 10:40:22,2025-11-04 17:57:10
TEAM122,Sigma Unit,PRJ064,2024-08-05,AI-Recommended,EMP003,"EMP003,EMP058,EMP144,EMP071,EMP167,EMP115",6,"{""People"": 2, ""Software"": 1, ""Operations"": 2, ""Business"": 1}","{""Junior"": 2, ""Mid"": 3, ""Senior"": 1}",29.4,83.7,35.5,77.6,78.7,80.5,82.7,89.3,81.4,7.7,3,8.1,True,259.2,True,7.2,92.9,7.6,0.8,93.8,62.4,2,Communication issues resolved,,False,Completed,2025-04-21,Reorganization,2024-04-30 09:49:16,2024-06-09 13:59:02
TEAM123,Delta Unit,PRJ041,2025-01-12,Hybrid,EMP033,"EMP033,EMP061,EMP170,EMP153,EMP092,EMP140,EMP014",7,"{""Content"": 1, ""People"": 1, ""Operations"": 2, ""Financial"": 2, ""Team"": 1}","{""Junior"": 3, ""Mid"": 3, ""Senior"": 1}",100,45.9,67.9,69.3,79.5,82.6,75.4,86.3,68.8,5.5,2,7.6,True,67.5,True,9.5,91.5,6.1,1.3,79.2,75.7,3,Great collaboration,,True,Completed,2025-03-20,Reorganization,2024-03-01 11:47:38,2025-07-13 17:49:01
TEAM124,Omega Force,PRJ078,2024-04-10,Hybrid,EMP157,"EMP157,EMP035,EMP033,EMP071,EMP039,EMP103",6,"{""Graphic"": 1, ""Recruiter"": 1, ""Content"": 1, ""Operations"": 1, ""Sales"": 1, ""HR"": 1}","{""Mid"": 3, ""Junior"": 2, ""Senior"": 1}",72.0,97.1,51.1,86.7,61.7,81.3,87.5,85.4,78.5,5.4,2,9.1,True,207.4,True,6.7,90.6,6.5,0.9,99.3,52.3,1,Great collaboration,Daily standups critical,True,Completed,2024-11-03,Project Complete,2023-08-27 09:18:39,2025-02-03 15:19:10
TEAM125,Beta Squad,PRJ088,2024-02-29,Hybrid,EMP154,"EMP154,EMP007,EMP149,EMP034,EMP107,EMP072,EMP021,EMP028",8,"{""Sales"": 3, ""Project"": 1, ""QA"": 1, ""Operations"": 1, ""Financial"": 1, ""Finance"": 1}","{""Junior"": 4, ""Senior"": 3, ""Mid"": 1}",58.0,68.6,97.4,85.8,66.2,78.3,70.4,85.1,76.3,6.2,0,8.7,,36.6,True,6.8,99.3,8.0,1.1,88.1,93.7,5,Communication issues resolved,,True,Completed,2024-04-05,Project Complete,2023-11-16 12:04:10,2025-11-12 14:53:44
TEAM126,Gamma Crew,PRJ015,2023-08-13,AI-Recommended,EMP128,"EMP128,EMP032,EMP087,EMP061,EMP078,EMP156,EMP008,EMP080,EMP132",9,"{""Recruiter"": 1, ""UI"": 4, ""People"": 1, ""Project"": 1, ""HR"": 1, ""DevOps"": 1}","{""Mid"": 6, ""Principal"": 1, ""Lead"": 1, ""Senior"": 1}",73.3,65.6,100,87.2,64.5,95.6,63.9,69.9,88.3,7.5,1,9.3,,193.7,True,8.3,91.6,8.0,1.0,65.6,81.8,2,Strong execution,,,Completed,2024-02-22,Project Complete,2023-10-07 11:24:14,2026-01-03 12:19:04
TEAM127,Sigma Unit,PRJ082,2023-12-14,AI-Recommended,EMP068,"EMP068,EMP045,EMP032,EMP041,EMP046",5,"{""Business"": 1, ""Operations"": 1, ""UI"": 1, ""UX"": 1, ""Graphic"": 1}","{""Junior"": 1, ""Mid"": 4}",76.4,83.3,84.5,79.9,65.8,100,72.7,74.5,73.5,7.5,0,6.2,True,206.8,True,7.2,102.6,7.5,1.0,85.4,67.8,4,Strong execution,,True,Completed,2024-07-07,Project Complete,2023-08-02 13:50:04,2025-11-11 12:47:00
TEAM128,Delta Unit,PRJ025,2024-04-19,AI-Recommended,EMP079,"EMP079,EMP067,EMP005,EMP156,EMP163",5,"{""Recruiter"": 1, ""Logistics"": 1, ""Team"": 1, ""HR"": 1, ""DevOps"": 1}","{""Lead"": 1, ""Junior"": 2, ""Principal"": 1, ""Senior"": 1}",86.7,70.5,55.0,100,84.4,83.6,79.1,60.7,50.8,7.9,3,7.5,True,263.5,True,5.5,102.2,8.4,0.9,94.0,73.1,5,Great collaboration,Daily standups critical,False,Completed,2025-01-07,Budget Cut,2023-11-19 10:58:18,2024-10-17 11:02:02
TEAM129,Omega Force,PRJ036,2024-04-22,Manual,EMP020,"EMP020,EMP163,EMP023,EMP106,EMP098",5,"{""Project"": 1, ""DevOps"": 1, ""UI"": 1, ""Recruiter"": 1, ""Team"": 1}","{""Mid"": 2, ""Senior"": 1, ""Lead"": 2}",78.0,57.2,50.6,75.5,51.5,84.5,71.1,91.5,72.3,6.8,0,6.5,,336.5,True,8.7,96.6,8.2,1.2,75.5,69.1,0,,,True,Completed,2025-03-24,Reorganization,2024-03-15 16:18:05,2025-09-14 10:56:14
TEAM130,Sigma Crew,PRJ013,2025-03-02,AI-Recommended,EMP182,"EMP182,EMP054,EMP187,EMP005,EMP193,EMP017,EMP160,EMP177,EMP102,EMP009",10,"{""DevOps"": 1, ""Sales"": 2, ""Finance"": 1, ""Team"": 2, ""QA"": 2, ""SEO"": 1, ""HR"": 1}","{""Senior"": 5, ""Mid"": 1, ""Junior"": 4}",70.0,73.2,98.8,80.9,42.2,70.9,79.6,68.0,73.2,6.5,3,6.1,True,150.2,False,8.1,110.0,9.5,1.2,74.5,76.2,3,Exceeded expectations,Daily standups critical,True,Completed,2025-07-30,Project Complete,2024-03-04 16:12:50,2025-01-04 17:51:10
TEAM131,Gamma Team,PRJ011,2023-10-09,AI-Recommended,EMP160,"EMP160,EMP092,EMP019,EMP152,EMP188,EMP081",6,"{""Sales"": 1, ""Financial"": 1, ""Product"": 1, ""Finance"": 1, ""Team"": 1, ""Controller"": 1}","{""Junior"": 2, ""Mid"": 2, ""Senior"": 1, ""Principal"": 1}",76.6,67.4,68.9,68.5,59.1,80.5,88.1,78.1,65.0,9.1,1,6.7,True,183.5,False,8.8,97.2,4,0.8,77.7,83.6,5,Great collaboration,,True,Completed,2024-04-09,Reorganization,2023-10-21 08:23:09,2025-02-26 12:11:06
TEAM132,Alpha Force,PRJ030,2024-11-22,Manual,EMP085,"EMP085,EMP177,EMP187,EMP115,EMP051,EMP127,EMP052,EMP015,EMP004",9,"{""SEO"": 1, ""HR"": 1, ""Finance"": 1, ""People"": 1, ""Sales"": 1, ""Graphic"": 1, ""Business"": 1, ""Team"": 2}","{""Senior"": 2, ""Junior"": 2, ""Mid"": 4, ""Lead"": 1}",84.6,70.0,93.7,100,89.9,95.8,62.0,64.3,57.8,7.1,3,6.9,True,227.4,True,6.5,110.2,7.1,1.0,96.2,67.8,3,Communication issues resolved,Clear roles helped,,Completed,2025-07-07,Budget Cut,2023-08-11 15:50:22,2026-01-13 14:45:06
TEAM133,Sigma Team,PRJ018,2023-09-27,Hybrid,EMP166,"EMP166,EMP112,EMP036,EMP003",4,"{""QA"": 1, ""Marketing"": 1, ""Recruiter"": 1, ""People"": 1}","{""Senior"": 1, ""Mid"": 2, ""Junior"": 1}",56.7,100,72.6,90.9,100,84.6,77.6,66.9,76.4,7.3,2,7.0,True,270.6,True,7.3,99.3,5.3,1.1,74.0,55.3,0,Strong execution,Async communication worked well,True,Completed,2024-06-23,Project Complete,2023-11-29 14:48:14,2025-10-07 08:27:29
TEAM134,Omega Team,PRJ098,2023-11-30,Hybrid,EMP189,"EMP189,EMP072,EMP096",3,"{""Team"": 1, ""Financial"": 1, ""Operations"": 1}","{""Junior"": 3}",46.1,77.2,65.8,58.0,90.1,57.5,98,69.0,84.4,7.5,2,5.7,True,312.1,False,7.0,96.1,8.0,1.2,95.3,93.2,2,,,True,Completed,2024-10-07,Project Complete,2023-09-27 08:54:33,2026-01-03 17:54:07
TEAM135,Sigma Team,PRJ003,2023-09-02,Manual,EMP167,"EMP167,EMP072,EMP044,EMP150,EMP081,EMP141,EMP033,EMP066,EMP112,EMP108",10,"{""Business"": 1, ""Financial"": 1, ""Marketing"": 2, ""Team"": 2, ""Controller"": 1, ""Content"": 1, ""Sales"": 2}","{""Mid"": 4, ""Junior"": 3, ""Principal"": 2, ""Senior"": 1}",75.7,75.1,56.8,87.5,68.6,100,63.4,76.8,78.7,7.6,1,7.0,True,160.3,True,9.3,91.7,5.9,1.0,96.4,70.7,5,Exceeded expectations,Async communication worked well,True,Completed,2024-02-09,Reorganization,2024-04-26 18:54:35,2024-11-25 12:42:52
TEAM136,Omega Team,PRJ080,2024-02-28,Hybrid,EMP042,"EMP042,EMP180,EMP166,EMP194,EMP025",5,"{""Financial"": 1, ""HR"": 1, ""QA"": 1, ""SEO"": 1, ""Project"": 1}","{""Junior"": 2, ""Senior"": 2, ""Mid"": 1}",75.5,86.1,80.1,69.8,62.5,82.7,64.8,38.1,86.7,5.5,0,6.4,True,121.7,False,8.3,87.3,5.9,1.1,107.3,76.9,2,Exceeded expectations,Daily standups critical,True,Completed,2024-06-28,Project Complete,2023-07-27 08:17:10,2025-11-06 17:02:54
TEAM137,Sigma Team,PRJ096,2025-03-08,Hybrid,EMP186,"EMP186,EMP153,EMP083,EMP089,EMP064,EMP016,EMP182",7,"{""HR"": 1, ""Operations"": 2, ""SEO"": 1, ""Accountant"": 1, ""Team"": 1, ""DevOps"": 1}","{""Mid"": 3, ""Junior"": 2, ""Lead"": 1, ""Senior"": 1}",94.4,82.6,72.8,72.1,89.8,65.2,75.5,74.5,80.4,8.0,3,8.1,True,329.1,True,6.5,95.4,7.6,0.8,85.2,79.9,4,Great collaboration,Async communication worked well,True,Completed,2026-01-31,Project Complete,2023-07-26 09:45:16,2025-11-23 11:13:30
TEAM138,Beta Force,PRJ026,2024-05-19,Hybrid,EMP029,"EMP029,EMP122,EMP008,EMP146,EMP188,EMP020,EMP005,EMP121",8,"{""Campaign"": 1, ""Team"": 3, ""UI"": 1, ""Logistics"": 1, ""Project"": 1, ""SEO"": 1}","{""Mid"": 4, ""Senior"": 1, ""Lead"": 1, ""Principal"": 1, ""Junior"": 1}",56.0,53.1,100,87.8,53.2,75.4,78.9,79.5,67.2,7.3,2,4.7,True,153.6,False,8.0,85.4,8.7,0.9,54.3,88.8,1,Communication issues resolved,Async communication worked well,False,Completed,2024-10-19,Budget Cut,2024-03-15 15:18:57,2025-02-04 11:23:53
TEAM139,Gamma Force,PRJ033,2024-04-18,Hybrid,EMP190,"EMP190,EMP147,EMP170,EMP119,EMP166,EMP135,EMP078,EMP168",8,"{""Logistics"": 1, ""Campaign"": 1, ""Operations"": 1, ""QA"": 2, ""Marketing"": 1, ""Project"": 1, ""Account"": 1}","{""Senior"": 3, ""Mid"": 2, ""Lead"": 1, ""Junior"": 2}",36.3,74.8,73.4,90.1,55.6,71.9,75.6,68.9,78.9,8.0,2,7.9,True,98.5,True,8.4,106.1,5.5,1.0,85.9,95.2,1,Great collaboration,Daily standups critical,True,Completed,2024-07-25,Budget Cut,2023-08-24 18:10:08,2024-10-22 08:40:50
TEAM140,Gamma Squad,PRJ039,2024-02-24,AI-Recommended,EMP138,"EMP138,EMP034,EMP047,EMP070",4,"{""Marketing"": 1, ""Sales"": 1, ""Senior"": 1, ""QA"": 1}","{""Mid"": 3, ""Senior"": 1}",73.7,61.0,56.8,56.7,89.3,75.3,65.0,56.7,83.9,7.5,0,9.9,,253.1,False,6.4,111.5,8.5,1.0,79.8,99.5,2,,Async communication worked well,False,Completed,2024-11-03,Reorganization,2024-03-26 12:27:44,2026-01-21 14:42:05
TEAM141,Alpha Unit,PRJ062,2025-04-01,Hybrid,EMP193,"EMP193,EMP060,EMP121,EMP016,EMP144,EMP163",6,"{""QA"": 1, ""Operations"": 2, ""SEO"": 1, ""Team"": 1, ""DevOps"": 1}","{""Junior"": 2, ""Mid"": 2, ""Lead"": 1, ""Senior"": 1}",49.9,52.6,70.3,81.2,71.4,82.3,89.6,78.5,77.1,8.0,2,7.7,True,299.3,False,7.6,97.4,9.5,0.9,82.3,100,0,Great collaboration,Clear roles helped,True,Completed,2026-01-25,Budget Cut,2024-05-30 08:09:51,2025-03-17 12:16:43
TEAM142,Beta Squad,PRJ020,2023-08-01,Hybrid,EMP185,"EMP185,EMP002,EMP040,EMP200,EMP010,EMP015,EMP063,EMP001,EMP042,EMP142",10,"{""Accountant"": 2, ""SEO"": 1, ""Campaign"": 1, ""Marketing"": 1, ""Team"": 1, ""HR"": 1, ""UI"": 1, ""Financial"": 1, ""Project"": 1}","{""Junior"": 6, ""Mid"": 3, ""Senior"": 1}",79.7,100,57.9,72.3,85.1,79.9,87.8,83.7,94.7,7.4,2,5.0,True,61.6,True,7.4,93.9,,0.8,70.9,100,5,Great collaboration,Need better docs,False,Completed,2023-10-01,Budget Cut,2023-10-06 12:57:22,2025-04-22 15:05:16
TEAM143,Alpha Force,PRJ043,2025-02-02,Hybrid,EMP048,"EMP048,EMP115,EMP013,EMP043,EMP174,EMP020,EMP116,EMP025",8,"{""HR"": 1, ""People"": 3, ""Accountant"": 1, ""Project"": 2, ""Sales"": 1}","{""Senior"": 2, ""Mid"": 4, ""Junior"": 2}",66.5,57.9,59.3,84.9,51.8,72.5,66.0,76.0,68.6,6.4,0,5.7,True,168.8,True,7.5,95.6,8.2,0.8,90.4,79.5,4,Great collaboration,Clear roles helped,False,Completed,2025-07-20,Project Complete,2023-10-08 12:26:28,2024-11-01 11:50:30
TEAM144,Sigma Force,PRJ030,2024-06-10,Hybrid,EMP101,"EMP101,EMP010,EMP092,EMP050,EMP172,EMP074,EMP191",7,"{""UX"": 1, ""Marketing"": 1, ""Financial"": 2, ""Recruiter"": 1, ""Campaign"": 1, ""UI"": 1}","{""Junior"": 3, ""Mid"": 4}",84.1,66.6,52.6,90.5,77.7,95.9,65.4,100,62.4,6.6,0,7.0,True,359.9,True,7.7,87.9,6.4,0.8,115.8,93.6,2,Communication issues resolved,Async communication worked well,True,Completed,2025-06-04,Project Complete,2023-09-08 13:36:53,2025-02-14 14:40:34
TEAM145,Delta Squad,PRJ025,2024-06-05,AI-Recommended,EMP033,"EMP033,EMP190,EMP161",3,"{""Content"": 1, ""Logistics"": 1, ""Product"": 1}","{""Junior"": 1, ""Senior"": 1, ""Mid"": 1}",73.5,65.2,66.6,94.9,90.9,93.0,98,64.5,55.1,5.6,3,8.6,True,194.8,False,8.4,110.0,6.9,1.1,81.9,82.4,0,,Clear roles helped,True,Completed,2024-12-16,Project Complete,2024-02-07 08:12:56,2024-11-28 08:51:45
TEAM146,Gamma Unit,PRJ005,2024-10-25,Manual,EMP126,"EMP126,EMP086,EMP030,EMP067,EMP038,EMP037",6,"{""Recruiter"": 1, ""HR"": 3, ""Marketing"": 1, ""Logistics"": 1}","{""Junior"": 3, ""Mid"": 2, ""Senior"": 1}",84.1,66.2,64.2,63.7,71.5,89.6,57.1,72.3,76.2,6.1,3,5.5,True,107.6,True,10,109.5,6.6,1.0,77.6,88.9,5,Communication issues resolved,Daily standups critical,True,Completed,2025-02-09,Reorganization,2023-12-17 17:36:14,2025-05-25 13:49:26
TEAM147,Alpha Unit,PRJ099,2024-04-08,AI-Recommended,EMP048,"EMP048,EMP039,EMP014,EMP054,EMP121,EMP111,EMP171",7,"{""HR"": 1, ""Sales"": 2, ""Team"": 1, ""SEO"": 1, ""Financial"": 1, ""Business"": 1}","{""Senior"": 2, ""Mid"": 4, ""Lead"": 1}",75.9,80.9,54.3,54.3,63.4,88.5,68.1,92.0,82.3,5.8,3,7.7,,195.8,True,6.5,98.5,6.7,0.9,105.6,95.4,3,Communication issues resolved,Need better docs,True,Completed,2024-10-20,Budget Cut,2023-06-09 14:50:23,2025-01-22 09:44:58
TEAM148,Beta Squad,PRJ077,2025-03-06,Hybrid,EMP039,"EMP039,EMP131,EMP143,EMP002,EMP135",5,"{""Sales"": 1, ""Marketing"": 2, ""Software"": 1, ""SEO"": 1}","{""Mid"": 3, ""Junior"": 2}",77.3,78.8,87.3,66.5,64.4,77.9,90.9,81.2,100,6.3,1,7.5,True,267.5,True,8.5,83.6,6.7,1.1,92.5,66.2,2,Exceeded expectations,Async communication worked well,True,Completed,2025-11-28,Budget Cut,2024-02-16 17:30:52,2025-07-30 08:10:05
TEAM149,Gamma Team,PRJ067,2025-05-21,Hybrid,EMP118,"EMP118,EMP175,EMP003,EMP198,EMP061",5,"{""Financial"": 1, ""UI"": 1, ""People"": 2, ""Sales"": 1}","{""Junior"": 3, ""Mid"": 2}",69.2,76.8,97.1,98.1,85.2,60.3,91.1,,68.1,7.5,0,7.8,,,,,,8.1,1.2,60.9,70.4,1,Exceeded expectations,,True,Active,,,2024-02-01 18:42:53,2024-10-05 10:29:09
TEAM150,Delta Unit,PRJ024,2024-08-12,AI-Recommended,EMP179,"EMP179,EMP184,EMP001,EMP157,EMP046,EMP114,EMP081",7,"{""Financial"": 1, ""Logistics"": 1, ""UI"": 1, ""Graphic"": 2, ""Account"": 1, ""Controller"": 1}","{""Mid"": 3, ""Junior"": 3, ""Principal"": 1}",72.3,41.8,63.5,71.6,76.2,100,71.7,95.2,83.5,6.0,0,6.2,True,314.4,True,7.2,88.3,,0.9,77.8,64.1,2,Communication issues resolved,Daily standups critical,True,Completed,2025-06-22,Budget Cut,2024-05-09 18:13:32,2025-10-19 08:55:14
