team_id,project_id,formation_date,actual_performance_score,met_deadline,quality_rating
TEAM001,PRJ027,2025-05-09,93.0,1.0,7.6
TEAM002,PRJ039,2024-07-26,81.0,0.0,5.0
TEAM003,PRJ071,2023-12-10,86.5,1.0,6.5
TEAM004,PRJ078,2024-11-08,87.5,0.0,9.7
TEAM005,PRJ063,2024-09-02,89.5,1.0,8.0
TEAM006,PRJ034,2024-12-03,89.6,0.0,8.3
TEAM007,PRJ075,2024-03-19,77.8,0.0,7.5
TEAM008,PRJ050,2024-05-19,93.3,0.0,6.0
TEAM009,PRJ097,2025-03-25,98.9,0.0,5.7
TEAM010,PRJ043,2023-12-18,78.3,0.0,8.3
TEAM011,PRJ080,2023-06-27,88.7,1.0,7.8
TEAM012,PRJ007,2024-04-17,72.3,1.0,6.6
TEAM013,PRJ039,2025-01-27,85.1,0.0,8.2
TEAM014,PRJ038,2023-11-15,63.7,1.0,9.1
TEAM015,PRJ089,2024-08-17,100.0,1.0,7.0
TEAM016,PRJ084,2023-10-04,80.1,1.0,6.3
TEAM017,PRJ026,2024-03-14,100.0,1.0,8.8
TEAM018,PRJ033,2024-10-02,58.1,1.0,8.0
TEAM019,PRJ004,2024-05-19,71.4,1.0,10.0
TEAM020,PRJ049,2024-06-27,67.5,1.0,8.3
TEAM021,PRJ044,2024-03-16,75.2,1.0,7.7
TEAM022,PRJ082,2024-12-21,84.5,1.0,6.5
TEAM023,PRJ080,2024-06-09,66.8,0.0,8.1
TEAM024,PRJ035,2023-06-15,88.2,1.0,6.7
TEAM025,PRJ004,2023-12-05,88.4,0.0,5.9
TEAM026,PRJ078,2023-08-17,60.3,1.0,7.6
TEAM027,PRJ086,2023-07-02,64.4,1.0,5.9
TEAM028,PRJ095,2024-03-17,96.3,0.0,6.4
TEAM029,PRJ065,2024-05-21,71.2,1.0,8.4
TEAM030,PRJ099,2025-04-20,66.9,1.0,6.9
TEAM031,PRJ076,2025-05-06,68.1,0.0,7.4
TEAM032,PRJ095,2024-04-22,74.4,1.0,7.6
TEAM033,PRJ087,2023-09-22,65.6,0.0,9.0
TEAM034,PRJ095,2024-07-17,72.3,1.0,8.2
TEAM035,PRJ094,2023-11-08,68.2,1.0,8.7
TEAM036,PRJ087,2024-05-21,85.1,1.0,8.7
TEAM037,PRJ081,2024-05-17,82.3,0.0,7.6
TEAM038,PRJ090,2024-02-08,73.3,0.0,7.9
TEAM039,PRJ049,2024-06-09,67.7,1.0,7.2
TEAM040,PRJ051,2024-01-30,85.4,1.0,7.8
TEAM041,PRJ078,2025-02-25,73.1,1.0,6.2
TEAM042,PRJ015,2023-09-16,48.1,0.0,9.0
TEAM043,PRJ096,2023-12-31,79.2,1.0,8.8
TEAM044,PRJ002,2024-04-03,79.4,1.0,8.7
TEAM045,PRJ037,2023-07-19,69.2,0.0,9.1
TEAM046,PRJ056,2025-01-16,93.8,1.0,10.0
TEAM047,PRJ006,2024-01-05,90.7,1.0,7.4
TEAM048,PRJ051,2024-09-17,86.7,0.0,7.3
TEAM049,PRJ097,2024-07-07,77.7,1.0,8.0
TEAM050,PRJ047,2025-02-27,96.1,0.0,8.3
TEAM051,PRJ035,2024-07-02,77.1,1.0,8.0
TEAM052,PRJ033,2024-11-19,58.2,0.0,8.1
TEAM053,PRJ051,2025-05-15,92.5,1.0,7.0
TEAM054,PRJ046,2024-03-31,71.9,1.0,5.5
TEAM055,PRJ090,2025-01-23,82.9,1.0,8.2
TEAM056,PRJ010,2024-02-14,76.4,1.0,9.7
TEAM057,PRJ043,2024-05-23,88.3,1.0,10.0
TEAM058,PRJ073,2024-08-01,79.4,1.0,6.8
TEAM059,PRJ044,2025-03-16,85.3,1.0,9.0
TEAM060,PRJ030,2023-06-27,84.4,1.0,4.8
TEAM062,PRJ075,2024-11-21,72.1,1.0,8.5
TEAM063,PRJ096,2024-12-12,98.2,1.0,6.7
TEAM064,PRJ027,2024-07-17,79.3,0.0,6.6
TEAM065,PRJ069,2025-03-12,66.1,0.0,8.4
TEAM066,PRJ024,2023-12-13,77.0,0.0,8.7
TEAM067,PRJ097,2025-01-06,79.3,1.0,8.3
TEAM068,PRJ034,2023-06-16,84.2,1.0,6.8
TEAM069,PRJ019,2024-10-04,76.8,1.0,7.7
TEAM070,PRJ038,2023-09-10,97.0,0.0,8.9
TEAM071,PRJ049,2025-01-06,75.7,1.0,9.2
TEAM072,PRJ014,2024-07-06,67.6,1.0,7.5
TEAM073,PRJ037,2024-08-25,88.6,0.0,6.4
TEAM074,PRJ080,2023-07-05,95.5,1.0,10.0
TEAM075,PRJ087,2024-11-07,100.0,1.0,6.9
TEAM076,PRJ059,2023-08-04,70.4,1.0,6.7
TEAM077,PRJ053,2024-04-16,75.1,1.0,6.4
TEAM078,PRJ036,2024-07-30,96.2,1.0,4.8
TEAM079,PRJ017,2023-11-19,69.9,1.0,8.5
TEAM080,PRJ015,2023-12-25,75.1,1.0,8.2
TEAM081,PRJ058,2023-08-06,76.7,1.0,10.0
TEAM082,PRJ048,2023-11-12,72.3,1.0,7.6
TEAM083,PRJ081,2024-04-11,82.5,0.0,7.2
TEAM084,PRJ025,2024-12-03,100.0,1.0,6.7
TEAM085,PRJ070,2024-07-15,72.5,0.0,8.6
TEAM086,PRJ009,2025-02-09,88.9,1.0,7.9
TEAM087,PRJ085,2024-02-03,67.5,1.0,9.3
TEAM088,PRJ049,2024-08-31,59.8,0.0,9.7
TEAM089,PRJ046,2024-03-27,69.1,0.0,6.3
TEAM090,PRJ045,2024-10-09,71.0,1.0,6.4
TEAM091,PRJ039,2023-12-11,77.5,1.0,9.5
TEAM092,PRJ012,2023-07-17,66.4,1.0,9.2
TEAM093,PRJ027,2023-08-31,89.6,0.0,6.7
TEAM094,PRJ001,2024-08-20,81.4,1.0,7.9
TEAM095,PRJ057,2023-10-07,72.1,1.0,7.5
TEAM096,PRJ052,2024-11-08,75.1,1.0,7.4
TEAM097,PRJ045,2023-07-18,70.7,1.0,8.1
TEAM098,PRJ050,2023-08-24,77.6,0.0,8.0
TEAM099,PRJ024,2024-11-21,55.6,1.0,6.7
TEAM100,PRJ064,2023-10-09,71.9,1.0,5.7
TEAM101,PRJ060,2024-05-23,94.1,1.0,6.1
TEAM102,PRJ091,2024-06-29,80.0,1.0,7.8
TEAM103,PRJ045,2024-09-15,92.3,0.0,7.8
TEAM104,PRJ019,2025-01-15,78.2,0.0,6.3
TEAM105,PRJ073,2024-11-14,80.8,1.0,7.7
TEAM106,PRJ050,2025-06-01,60.7,1.0,6.7
TEAM107,PRJ060,2025-04-03,90.8,1.0,9.2
TEAM108,PRJ058,2025-02-03,81.5,1.0,8.2
TEAM109,PRJ089,2024-08-08,55.2,1.0,9.4
TEAM110,PRJ100,2025-01-07,89.6,1.0,6.5
TEAM111,PRJ077,2025-02-17,88.6,0.0,9.7
TEAM112,PRJ035,2025-05-27,75.0,1.0,4.9
TEAM113,PRJ034,2025-02-05,70.0,1.0,7.1
TEAM114,PRJ061,2023-11-24,65.2,0.0,6.6
TEAM115,PRJ018,2023-12-29,69.6,1.0,6.5
TEAM116,PRJ089,2024-05-12,71.2,1.0,7.7
TEAM117,PRJ081,2023-12-23,62.2,1.0,6.8
TEAM118,PRJ062,2024-01-20,66.0,1.0,8.1
TEAM119,PRJ084,2025-01-08,94.2,0.0,10.0
TEAM120,PRJ032,2023-11-29,70.5,0.0,5.1
TEAM121,PRJ032,2025-04-08,100.0,1.0,7.8
TEAM122,PRJ064,2024-08-05,89.3,1.0,7.2
TEAM123,PRJ041,2025-01-12,86.3,1.0,9.5
TEAM124,PRJ078,2024-04-10,85.4,1.0,6.7
TEAM125,PRJ088,2024-02-29,85.1,1.0,6.8
TEAM126,PRJ015,2023-08-13,69.9,1.0,8.3
TEAM127,PRJ082,2023-12-14,74.5,1.0,7.2
TEAM128,PRJ025,2024-04-19,60.7,1.0,5.5
TEAM129,PRJ036,2024-04-22,91.5,1.0,8.7
TEAM130,PRJ013,2025-03-02,68.0,0.0,8.1
TEAM131,PRJ011,2023-10-09,78.1,0.0,8.8
TEAM132,PRJ030,2024-11-22,64.3,1.0,6.5
TEAM133,PRJ018,2023-09-27,66.9,1.0,7.3
TEAM134,PRJ098,2023-11-30,69.0,0.0,7.0
TEAM135,PRJ003,2023-09-02,76.8,1.0,9.3
TEAM136,PRJ080,2024-02-28,38.1,0.0,8.3
TEAM137,PRJ096,2025-03-08,74.5,1.0,6.5
TEAM138,PRJ026,2024-05-19,79.5,0.0,8.0
TEAM139,PRJ033,2024-04-18,68.9,1.0,8.4
TEAM140,PRJ039,2024-02-24,56.7,0.0,6.4
TEAM141,PRJ062,2025-04-01,78.5,0.0,7.6
TEAM142,PRJ020,2023-08-01,83.7,1.0,7.4
TEAM143,PRJ043,2025-02-02,76.0,1.0,7.5
TEAM144,PRJ030,2024-06-10,100.0,1.0,7.7
TEAM145,PRJ025,2024-06-05,64.5,0.0,8.4
TEAM146,PRJ005,2024-10-25,72.3,1.0,10.0
TEAM147,PRJ099,2024-04-08,92.0,1.0,6.5
TEAM148,PRJ077,2025-03-06,81.2,1.0,8.5
TEAM150,PRJ024,2024-08-12,95.2,1.0,7.2
TEAM151,PRJ901,2024-07-08,91.99101766592072,0.0,7.785183999843359
TEAM152,PRJ003,2024-02-18,89.69094465907973,0.0,6.722862235841561
TEAM153,PRJ773,2024-06-09,99.99734644023938,1.0,7.026042984130388
TEAM154,PRJ575,2025-03-18,90.81215571129776,1.0,9.146743044497205
TEAM155,PRJ458,2024-08-16,67.07032169785028,1.0,7.442622756882683
TEAM156,PRJ129,2024-06-24,77.04489437308632,1.0,7.738441203268145
TEAM157,PRJ352,2023-11-27,91.87759658949376,0.0,7.923938771366672
TEAM158,PRJ357,2024-06-06,90.13042361355603,1.0,7.204008646219934
TEAM159,PRJ214,2024-10-20,98.3760677594814,1.0,6.920776422807993
TEAM160,PRJ822,2025-04-02,58.83283280013668,0.0,9.793584051247626
TEAM161,PRJ658,2024-02-07,61.17902067708351,1.0,6.759512951438199
TEAM162,PRJ197,2023-04-30,72.53892636167497,1.0,5.743216986492002
TEAM163,PRJ435,2024-10-10,77.89057601502788,0.0,6.251183365758097
TEAM164,PRJ940,2024-03-30,77.94985566900677,0.0,8.783684444127577
TEAM165,PRJ476,2024-02-18,94.49383593093904,1.0,7.272323870363397
TEAM166,PRJ086,2025-08-17,92.47536884571724,1.0,6.990223680944209
TEAM167,PRJ054,2025-03-25,79.93762001256869,0.0,4.936249371789797
TEAM168,PRJ312,2023-12-26,59.88869757624634,0.0,9.671991482439967
TEAM169,PRJ709,2024-01-01,73.69980982499455,0.0,7.932245899958469
TEAM170,PRJ561,2024-07-17,67.64468150652186,0.0,8.136140636936524
TEAM171,PRJ064,2023-06-19,74.77066859666319,1.0,7.763402657182553
TEAM172,PRJ899,2025-02-21,79.1228187445092,1.0,6.823530194116874
TEAM173,PRJ795,2024-04-27,83.61645145302398,1.0,6.512770123072741
TEAM174,PRJ132,2024-05-08,68.95059887328961,0.0,6.339768051723825
TEAM175,PRJ071,2023-11-23,78.36058288621467,1.0,7.954765274101187
TEAM176,PRJ430,2025-12-09,84.53078052585249,1.0,8.992650176366347
TEAM177,PRJ216,2024-05-26,100.0,1.0,6.940899304442805
TEAM178,PRJ955,2024-10-14,77.21930274819948,1.0,7.937392967174141
TEAM179,PRJ927,2024-08-14,81.43164477271866,1.0,8.177688610712057
TEAM180,PRJ616,2024-07-17,83.05440679693265,1.0,8.130559797438899
TEAM181,PRJ407,2024-04-21,79.28611866741913,0.0,6.6242585023382725
TEAM182,PRJ835,2023-07-25,78.32385694411889,0.0,8.7180949767299
TEAM183,PRJ959,2024-01-17,77.47462827451476,1.0,7.938043351704906
TEAM184,PRJ959,2023-10-23,76.60096947979898,1.0,9.242141944969626
TEAM185,PRJ344,2025-01-07,75.0232936348275,1.0,7.687871187010933
TEAM186,PRJ027,2024-04-25,89.24101950057575,0.0,6.393832416562484
TEAM187,PRJ570,2024-05-30,58.0367473978902,1.0,7.918066714577212
TEAM188,PRJ415,2025-01-01,64.42111440177723,1.0,6.505203380639655
TEAM189,PRJ844,2023-07-09,70.030149330567,0.0,6.229488741003119
TEAM190,PRJ239,2023-08-10,84.808391754826,1.0,4.8304988594761324
TEAM191,PRJ152,2023-04-26,63.25436443457783,1.0,9.001231228415818
TEAM192,PRJ451,2024-10-25,98.5661745934686,0.0,5.697950688949911
TEAM193,PRJ138,2024-08-29,71.387278313573,1.0,6.348535429820941
TEAM194,PRJ948,2024-07-25,92.87351213037168,1.0,6.908234385449948
TEAM195,PRJ053,2024-12-26,68.51274277558004,0.0,8.019047394868785
TEAM196,PRJ435,2024-08-29,99.185052526054,1.0,6.706997943578751
TEAM197,PRJ842,2022-12-04,66.28078429744446,1.0,9.181800741470065
TEAM198,PRJ633,2024-07-29,88.53041257374214,0.0,9.61032994760699
TEAM199,PRJ405,2023-10-02,93.01858834470366,0.0,6.015228790418417
TEAM200,PRJ290,2024-01-27,68.20185882642664,1.0,8.673068934928196
TEAM201,PRJ548,2022-12-03,75.8102881487186,1.0,9.996561515417667
TEAM202,PRJ707,2024-06-03,95.81023836568336,0.0,8.243493958811086
TEAM203,PRJ201,2024-06-25,77.17791782481787,0.0,6.318621403359005
TEAM204,PRJ257,2024-10-31,64.6558050812221,1.0,6.440385826620685
TEAM205,PRJ693,2023-11-04,81.38460882053064,0.0,5.045510649452739
TEAM206,PRJ606,2023-04-17,69.96693165214766,0.0,6.9608579733458615
TEAM207,PRJ612,2023-08-31,72.70747434609105,1.0,5.611494822314937
TEAM208,PRJ053,2024-09-04,60.52285250637953,1.0,6.778282459814298
TEAM209,PRJ326,2024-11-27,87.76139162802107,0.0,9.664396390972597
TEAM210,PRJ515,2023-08-30,71.8070616585986,1.0,5.514460225591924
TEAM211,PRJ683,2024-07-26,72.12587791345516,1.0,10.0
TEAM212,PRJ869,2024-05-28,78.83131422818984,1.0,8.714499719295866
TEAM213,PRJ670,2023-11-29,64.1636470187534,1.0,9.03728406837164
TEAM214,PRJ594,2023-08-30,72.66332318712917,1.0,7.465203454297834
TEAM215,PRJ410,2024-07-17,86.29315116770691,0.0,7.252219677821975
TEAM216,PRJ819,2024-04-16,99.56953353141202,1.0,6.877419148027614
TEAM217,PRJ843,2023-11-07,85.93960514577184,1.0,7.8359550097169395
TEAM218,PRJ127,2023-09-17,71.55830300399866,1.0,7.611028154238402
TEAM219,PRJ812,2024-08-13,88.23054217656669,0.0,9.82489719903774
TEAM220,PRJ295,2025-08-27,93.17046016961709,1.0,7.092371871415945
TEAM221,PRJ923,2022-12-11,88.03427338900632,1.0,6.653530875564926
TEAM222,PRJ396,2023-10-22,86.39608102320214,1.0,6.728835228200101
TEAM223,PRJ556,2024-09-22,72.65247257347218,1.0,6.279012977444383
TEAM224,PRJ557,2024-08-15,100.0,1.0,6.963580226406978
TEAM225,PRJ822,2022-12-24,70.23833361951145,0.0,9.189419507022796
TEAM226,PRJ073,2024-09-22,65.77358273153271,0.0,8.29792651094232
TEAM227,PRJ896,2023-11-26,69.35439493977033,0.0,6.2666678399104265
TEAM228,PRJ903,2024-09-01,75.99479681945807,1.0,9.16055174960808
TEAM229,PRJ538,2025-09-21,99.10124519921683,0.0,5.747860631762748
TEAM230,PRJ414,2024-06-12,60.26480809324602,0.0,9.71174004422916
TEAM231,PRJ848,2023-11-18,91.56177170402252,1.0,8.734890864802333
TEAM232,PRJ625,2024-02-26,38.75499886098658,0.0,8.344805863110896
TEAM233,PRJ178,2024-04-09,97.26368783806446,1.0,6.666592112194341
TEAM234,PRJ975,2024-11-15,68.79393899467128,1.0,8.369197945336815
TEAM235,PRJ313,2024-01-28,77.03059992476152,1.0,10.0
TEAM236,PRJ170,2023-08-05,38.1,0.0,8.267829310133447
TEAM237,PRJ360,2024-05-05,65.64487962690058,0.0,8.942884340874201
TEAM238,PRJ691,2025-04-25,85.95717065878819,1.0,9.492089773258046
TEAM239,PRJ466,2024-02-19,89.18977525821934,1.0,8.109129502707685
TEAM240,PRJ532,2025-11-10,72.45657347532402,1.0,6.217861475626092
TEAM241,PRJ644,2024-02-19,95.8779313504401,0.0,6.4392288172434045
TEAM242,PRJ558,2023-01-08,76.88972994310875,1.0,9.26297501452428
TEAM243,PRJ419,2024-12-14,68.20322133721292,1.0,7.49101215663972
TEAM244,PRJ541,2025-01-05,72.70843715826007,1.0,6.618535383001179
TEAM245,PRJ961,2024-06-08,65.02651822326727,0.0,9.041565373637043
TEAM246,PRJ707,2024-10-07,86.81246052057925,0.0,7.223639886738451
TEAM247,PRJ336,2024-02-18,72.09243333636407,1.0,8.522174190132628
TEAM248,PRJ569,2024-03-26,82.99984532199643,0.0,7.599339102385573
TEAM249,PRJ962,2024-10-14,55.11033708134941,1.0,6.744154158578948
TEAM250,PRJ703,2024-04-11,77.67942278809313,0.0,6.354839002764841
TEAM251,PRJ884,2023-06-18,67.97564672757436,1.0,8.68704194372611
TEAM252,PRJ943,2024-03-20,94.46060459470476,1.0,6.1131600954833605
TEAM253,PRJ160,2023-09-20,78.58981567548972,0.0,8.91740013138055
TEAM254,PRJ638,2025-04-04,92.83285034253524,1.0,7.6070960995188335
TEAM255,PRJ588,2025-05-24,89.51097774657322,1.0,7.986092863515024
TEAM256,PRJ168,2024-02-12,83.7706859986667,1.0,7.344927153460317
TEAM257,PRJ449,2025-06-24,92.2882245687977,0.0,7.786081634878994
TEAM258,PRJ807,2023-01-07,64.81987998779375,1.0,5.939802231246087
TEAM259,PRJ773,2024-08-07,74.26796602656935,1.0,6.494715050277627
TEAM260,PRJ625,2023-11-27,100.0,1.0,6.973412710346019
TEAM261,PRJ720,2024-10-17,71.3261607083862,1.0,6.415707958498322
TEAM262,PRJ854,2023-08-29,48.308610249932215,0.0,9.035505030830622
TEAM263,PRJ525,2023-07-13,85.38124512025048,1.0,6.723479447003854
TEAM264,PRJ895,2025-02-18,98.4927443721241,1.0,6.6877880089614985
TEAM265,PRJ369,2025-07-05,74.73463144743978,1.0,7.304664914216196
TEAM266,PRJ978,2024-12-25,58.59132310511937,0.0,8.192510378771459
TEAM267,PRJ680,2024-05-29,75.30726453967044,1.0,7.312478270224192
TEAM268,PRJ668,2024-02-18,64.55682588730653,1.0,6.488824663352105
TEAM269,PRJ746,2025-02-09,75.49074008585927,1.0,7.457984176804886
TEAM270,PRJ428,2023-09-12,70.18120079284546,1.0,8.42269051573646
TEAM271,PRJ475,2023-12-18,86.40580884191893,1.0,8.680788993877195
TEAM272,PRJ490,2024-06-18,85.31906444268762,0.0,8.27187429714097
TEAM273,PRJ762,2025-02-18,74.98567011379748,1.0,9.181445840743564
TEAM274,PRJ304,2024-05-24,89.86384195187763,1.0,7.8437488355772595
TEAM275,PRJ571,2024-05-14,96.52815950604104,0.0,6.378704440679222
TEAM276,PRJ975,2023-11-09,76.81757565481055,0.0,8.678316129329684
TEAM277,PRJ016,2024-02-29,69.6211107448248,0.0,9.171036946643172
TEAM278,PRJ873,2025-07-07,71.96480795291151,1.0,8.468203497529199
TEAM279,PRJ852,2024-05-22,69.62032638354268,0.0,7.033089291643512
TEAM280,PRJ799,2023-05-26,96.29211591088944,0.0,6.4774754672764345
TEAM281,PRJ235,2024-04-12,95.46373116764036,0.0,6.420754100358652
TEAM282,PRJ243,2024-08-08,82.54002466540439,1.0,8.277022468323104
TEAM283,PRJ809,2023-07-03,80.82490835424174,1.0,8.741942850450787
TEAM284,PRJ852,2024-07-12,100.0,1.0,6.682850513441079
TEAM285,PRJ350,2025-08-28,66.10145042309995,1.0,6.94186167353235
TEAM286,PRJ540,2024-02-02,100.0,1.0,6.95076142539824
TEAM287,PRJ333,2025-01-06,59.823654861093225,1.0,5.52707558844138
TEAM288,PRJ946,2024-01-04,65.56014129377634,1.0,9.048878320860467
TEAM289,PRJ305,2024-09-20,91.5059173112064,1.0,8.687914451056654
TEAM290,PRJ839,2024-06-16,100.0,1.0,7.786085688760528
TEAM291,PRJ261,2022-11-20,65.10392300244393,1.0,5.92499047241763
TEAM292,PRJ668,2025-07-22,98.52666471597064,1.0,7.86684688182528
TEAM293,PRJ746,2023-09-16,70.6383168939342,1.0,7.698159814173528
TEAM294,PRJ773,2023-10-22,86.43645916907306,1.0,6.488136002774216
TEAM295,PRJ071,2024-03-09,91.1033822795608,0.0,7.751590505301104
TEAM296,PRJ770,2024-07-03,74.08219870077241,1.0,6.482228141243664
TEAM297,PRJ015,2024-10-20,72.04558184636551,1.0,8.447271033420979
TEAM298,PRJ439,2024-10-10,77.53362671172746,1.0,7.82767257446418
TEAM299,PRJ202,2025-07-19,86.0663168345439,1.0,9.006624308276036
TEAM300,PRJ342,2023-05-31,66.23963785530393,1.0,8.12911140375968
TEAM301,PRJ827,2024-07-20,75.38218829709439,1.0,7.341483759163682
TEAM302,PRJ894,2024-04-22,70.61383185297083,1.0,7.102490388786618
TEAM303,PRJ299,2024-05-28,71.90207657215987,1.0,8.467191139184363
TEAM304,PRJ213,2025-06-11,58.43585632517474,0.0,8.095661592875887
TEAM305,PRJ276,2024-09-09,71.93074234707692,1.0,6.61269558207855
TEAM306,PRJ233,2024-11-24,67.73252040931985,1.0,7.310436561236887
TEAM307,PRJ673,2025-10-07,67.81317086244762,0.0,8.097843703912908
TEAM308,PRJ956,2023-09-15,78.08372195393248,0.0,8.807965047611518
TEAM309,PRJ454,2024-11-08,70.28875860721243,1.0,7.04820195893891
TEAM310,PRJ144,2024-09-26,95.24337438588822,1.0,6.07488336624773
TEAM311,PRJ338,2025-03-13,70.2705425361021,1.0,7.032689919471363
TEAM312,PRJ789,2024-03-30,76.96086936138582,1.0,9.948105535433292
TEAM313,PRJ485,2024-11-26,69.68027809789226,1.0,7.011216989469862
TEAM314,PRJ826,2025-04-18,81.28497555338505,0.0,5.056583404960276
TEAM315,PRJ208,2025-09-14,68.45740628049256,0.0,8.110976827058773
TEAM316,PRJ361,2024-05-15,71.99141443133269,1.0,5.541255462061738
TEAM317,PRJ952,2024-07-10,66.74096993644653,1.0,9.266030315201332
TEAM318,PRJ055,2024-10-10,91.00099637245263,1.0,8.779189950231842
TEAM319,PRJ941,2023-12-15,93.81140821320184,1.0,6.459588135629514
TEAM320,PRJ187,2023-10-13,70.22955220743296,1.0,8.240275192825948
TEAM321,PRJ078,2025-02-17,68.24467145686626,0.0,8.111701731914016
TEAM322,PRJ111,2024-09-20,92.90676987359224,1.0,7.016762702417655
TEAM323,PRJ135,2023-04-30,83.82770805197852,1.0,6.7084141279336045
TEAM324,PRJ301,2024-03-22,85.61953599095204,1.0,9.530423382245612
TEAM325,PRJ520,2024-01-13,64.23906616954899,0.0,8.301357537018262
TEAM326,PRJ175,2024-08-05,74.05753769520595,0.0,7.9372228505557825
TEAM327,PRJ681,2023-07-10,88.15737992776448,1.0,6.786384812209713
TEAM328,PRJ492,2025-03-25,77.80401123812938,1.0,7.635763344516582
TEAM329,PRJ058,2024-01-06,70.84898918572101,1.0,7.687540522730222
TEAM330,PRJ939,2024-03-16,77.93649099141263,0.0,8.030175776526871
TEAM331,PRJ214,2023-11-13,68.77355333068051,1.0,8.574483503606453
TEAM332,PRJ541,2025-02-26,100.0,1.0,7.578420912493307
TEAM333,PRJ251,2023-08-13,70.65871791372962,1.0,8.005476881288633
TEAM334,PRJ005,2023-08-24,83.96701148797892,1.0,6.670254886950954
TEAM335,PRJ127,2023-12-25,97.51513010400927,0.0,8.903215980062862
TEAM336,PRJ486,2024-01-22,90.11653673217845,0.0,6.679667981911952
TEAM337,PRJ695,2023-04-11,85.38753019118782,1.0,6.509911141026993
TEAM338,PRJ915,2025-07-18,80.42903566607396,1.0,8.425288163856903
TEAM339,PRJ910,2023-12-11,91.31775338404664,1.0,6.49593374842271
TEAM340,PRJ170,2025-03-11,71.66151379139674,1.0,6.387112648300678
TEAM341,PRJ107,2024-04-25,91.82772589845764,1.0,6.553844919193588
TEAM342,PRJ298,2024-06-12,81.40424644199055,1.0,8.441868283840355
TEAM343,PRJ959,2025-02-11,75.04734364159,1.0,7.456294875106123
TEAM344,PRJ006,2024-09-13,58.011229711101535,0.0,8.108960395464013
TEAM345,PRJ668,2024-03-28,60.85651419682245,1.0,5.636579555003572
TEAM346,PRJ614,2023-08-27,68.46080901974759,1.0,7.147494551521405
TEAM347,PRJ039,2023-10-01,72.32998142435461,1.0,7.555659685321701
TEAM348,PRJ708,2024-08-23,79.40024352728635,0.0,6.363040083333271
TEAM349,PRJ507,2024-05-20,91.218051644059,1.0,8.706104986696149
TEAM350,PRJ505,2023-11-21,87.91306500939835,1.0,7.754301562266265
TEAM351,PRJ208,2023-07-31,49.07474690208117,0.0,9.08840065238913
TEAM352,PRJ742,2024-05-28,55.69815590286212,1.0,6.807705987319224
TEAM353,PRJ545,2023-06-10,78.46424222515286,0.0,7.386032331635693
TEAM354,PRJ226,2024-08-08,100.0,1.0,7.65034541873134
TEAM355,PRJ816,2025-03-26,71.28630453343833,1.0,6.418464815811015
TEAM356,PRJ846,2025-02-26,75.37349888831548,1.0,4.973835729102579
TEAM357,PRJ362,2023-12-03,83.65052739049234,1.0,4.845220531682709
TEAM358,PRJ163,2024-07-29,71.04864662230942,1.0,7.183560306045687
TEAM359,PRJ443,2025-05-15,79.92846310727074,0.0,4.926026994806942
TEAM360,PRJ510,2024-08-21,92.28878716204896,1.0,8.713528197199246
TEAM361,PRJ202,2025-01-13,87.66234818389336,0.0,7.265270564293089
TEAM362,PRJ666,2024-05-10,57.15470698648088,0.0,6.383195230825366
TEAM363,PRJ639,2024-04-03,82.47397032393957,0.0,7.666431416382216
TEAM364,PRJ719,2025-01-16,99.20068226575296,0.0,5.688443114056743
TEAM365,PRJ671,2025-08-18,55.17393799261819,1.0,6.722741503587254
TEAM366,PRJ023,2024-01-13,91.51220900959969,1.0,6.530769451436565
TEAM367,PRJ106,2024-02-06,86.1778763963519,0.0,7.311076265629994
TEAM368,PRJ488,2024-05-07,77.82236667398517,0.0,8.768992400557291
TEAM369,PRJ197,2024-05-21,81.62370200701653,1.0,8.59876916627671
TEAM370,PRJ799,2023-07-16,71.3238515301423,1.0,5.515801980288852
TEAM371,PRJ654,2024-05-31,70.09369477468417,0.0,5.164584472786894
TEAM372,PRJ703,2024-01-12,71.02021957328313,1.0,7.808450722289714
TEAM373,PRJ002,2025-06-18,100.0,1.0,6.9003712559065935
TEAM374,PRJ789,2024-12-07,70.43907256610461,1.0,7.120685823488736
TEAM375,PRJ421,2024-09-12,77.8717005272268,0.0,6.300007815776172
TEAM376,PRJ729,2025-04-26,100.0,1.0,6.649165982632762
TEAM377,PRJ055,2024-11-22,75.32721625575621,1.0,4.812882673528307
TEAM378,PRJ097,2025-04-22,53.8265432302581,1.0,6.730721852269067
TEAM379,PRJ305,2023-07-03,90.60936210093088,0.0,6.695565732777164
TEAM380,PRJ696,2024-08-09,71.83846702576649,1.0,10.0
TEAM381,PRJ525,2024-09-20,61.68796488543701,1.0,5.416487797672512
TEAM382,PRJ120,2024-12-03,89.54813464117353,1.0,6.4551925955452845
TEAM383,PRJ347,2024-07-03,72.38932220083107,1.0,7.72850213364374
TEAM384,PRJ346,2023-12-11,71.5184098931672,1.0,5.489424360514257
TEAM385,PRJ010,2023-07-23,84.38638901824007,1.0,6.947985106252811
TEAM386,PRJ755,2022-12-27,65.26109415628068,0.0,9.029979343692656
TEAM387,PRJ048,2023-06-13,83.82169303939416,1.0,7.457026523051149
TEAM388,PRJ641,2024-03-30,75.25491133763643,1.0,7.607784747231044
TEAM389,PRJ004,2024-04-30,86.87760876732783,0.0,7.358835474214252
TEAM390,PRJ772,2025-09-20,80.91400069092771,1.0,8.559882921001938
TEAM391,PRJ071,2024-08-11,60.50908035208481,1.0,5.430252413628797
TEAM392,PRJ221,2023-08-27,38.40483613306533,0.0,8.300242252750756
TEAM393,PRJ892,2023-01-03,77.12456473878439,1.0,9.246398326918095
TEAM394,PRJ276,2025-03-01,63.28030158587354,0.0,8.395385051308779
TEAM395,PRJ318,2024-10-18,61.060213067890444,1.0,5.39506536310249
TEAM396,PRJ619,2023-11-28,66.73580398697604,0.0,8.9346562031537
TEAM397,PRJ888,2024-07-03,70.46740791941822,1.0,6.531644208490976
TEAM398,PRJ337,2025-10-22,93.6720517319695,0.0,9.967578544631474
TEAM399,PRJ179,2024-04-01,84.6580601449489,1.0,6.600629027792451
TEAM400,PRJ051,2024-10-01,73.60964753435609,0.0,7.914763611297543
TEAM401,PRJ271,2025-01-28,54.89796583311672,1.0,9.437671421875958
TEAM402,PRJ761,2023-10-24,77.7380098813447,1.0,7.965709386861538
TEAM403,PRJ978,2024-11-09,93.13048193249674,0.0,6.00353756771912
TEAM404,PRJ210,2023-03-07,64.39481182533422,1.0,5.89959187403849
TEAM405,PRJ593,2023-07-02,64.6912455390227,1.0,5.899308699177864
TEAM406,PRJ915,2023-07-09,76.12782631961718,1.0,7.830895889207108
TEAM407,PRJ098,2026-02-08,67.43045335650295,1.0,6.962958031222096
TEAM408,PRJ833,2022-12-22,70.33734835514053,1.0,8.03516911113851
TEAM409,PRJ875,2024-12-05,95.4022106425973,0.0,6.559465421630377
TEAM410,PRJ212,2025-10-22,88.83038707964566,0.0,9.758422866085144
TEAM412,PRJ151,2024-03-04,85.79785067387454,0.0,7.394536800852801
TEAM413,PRJ351,2024-01-01,92.17069766454358,1.0,6.505666136256702
TEAM414,PRJ397,2025-02-20,86.7791986389635,0.0,9.618650090163984
TEAM415,PRJ857,2024-08-27,68.17761449667769,1.0,8.697111579306178
TEAM416,PRJ113,2024-09-17,77.32381285905142,1.0,7.874483603840415
TEAM417,PRJ858,2024-11-12,99.90053543368155,1.0,8.745646757107925
TEAM418,PRJ889,2025-06-01,94.7607376090818,1.0,9.988759901784135
TEAM419,PRJ014,2023-03-24,61.5109511167632,1.0,6.781987095898163
TEAM420,PRJ118,2025-02-21,90.78990316271272,0.0,8.305011688578274
TEAM421,PRJ146,2025-01-31,54.60479897721937,1.0,6.673694566128432
TEAM422,PRJ146,2023-09-22,85.31139790876333,1.0,6.633883673783156
TEAM423,PRJ135,2023-10-21,82.58858758045898,0.0,7.544377972043825
TEAM424,PRJ162,2023-11-15,87.87087690205244,1.0,6.570872839485364
TEAM425,PRJ460,2024-06-18,89.20980229491408,0.0,6.728695673845656
TEAM426,PRJ908,2025-06-23,94.66428332504778,1.0,9.931833557156832
TEAM427,PRJ256,2024-03-10,72.39687273832244,1.0,7.62900858772828
TEAM428,PRJ349,2025-04-19,55.367416794363606,1.0,6.655723539365972
TEAM429,PRJ784,2024-11-08,70.05288071059623,1.0,7.668944115227608
TEAM430,PRJ803,2025-01-21,80.33810553034581,1.0,8.338668326399452
TEAM431,PRJ661,2024-07-06,60.96164465215387,1.0,5.619312460725874
TEAM432,PRJ596,2024-11-09,57.81688873967769,1.0,7.9750289730351955
TEAM433,PRJ133,2023-06-29,88.39662559341726,0.0,5.89154096905892
TEAM434,PRJ667,2024-02-20,72.13223972864748,1.0,5.478403981836474
TEAM435,PRJ826,2024-05-30,79.37811972801592,1.0,6.787364104061299
TEAM436,PRJ306,2025-10-12,78.49383089382536,1.0,8.25845880881163
TEAM437,PRJ037,2024-08-22,79.18892180468852,0.0,6.389485094225996
TEAM438,PRJ090,2023-12-01,88.31712134795144,1.0,6.681045885179931
TEAM439,PRJ433,2023-02-22,64.9253519372013,0.0,6.617587732227238
TEAM440,PRJ428,2024-01-31,74.55377694363087,1.0,7.517895414174317
TEAM441,PRJ706,2024-05-28,88.17574609035609,1.0,7.809578423409657
TEAM442,PRJ495,2023-05-19,74.66718204391967,1.0,7.11252696772452
TEAM443,PRJ123,2025-05-11,67.85526995712279,0.0,8.136157671604238
TEAM444,PRJ815,2024-06-16,99.60461127313818,1.0,8.791041912509916
TEAM445,PRJ062,2025-06-20,77.88954280575084,0.0,6.33732482911865
TEAM446,PRJ173,2024-08-14,74.01653555798659,1.0,6.547228361327142
TEAM447,PRJ146,2024-05-25,78.9970263807685,1.0,8.681284527404916
TEAM448,PRJ164,2024-05-25,67.53251932502965,1.0,7.196602664835411
TEAM449,PRJ969,2022-10-28,59.82322868000287,1.0,7.594705743991773
TEAM450,PRJ027,2024-08-04,55.384055480845866,1.0,6.613558899333865
TEAM451,PRJ255,2025-10-15,95.62058808454948,0.0,8.26607042158513
TEAM452,PRJ694,2025-04-29,85.75536743089567,0.0,8.324884640999167
TEAM453,PRJ349,2024-04-10,85.03445168879878,1.0,4.8
TEAM454,PRJ945,2023-07-06,77.33197985300322,1.0,9.321388888063062
TEAM455,PRJ605,2024-12-10,88.97061012305763,1.0,9.950287773045623
TEAM456,PRJ355,2025-02-28,84.82265671580936,1.0,8.74638055014251
TEAM457,PRJ053,2023-12-06,67.76984216356043,1.0,8.37840182480736
TEAM458,PRJ917,2025-10-22,65.92514674252513,0.0,8.415759931456353
TEAM459,PRJ102,2024-04-14,92.40201623373667,0.0,5.970058844875802
TEAM460,PRJ343,2024-07-30,100.0,1.0,7.73820045402407
TEAM461,PRJ019,2023-06-28,82.93054817520404,1.0,7.445902192973432
TEAM462,PRJ113,2023-09-23,70.5673632820185,1.0,6.568901800328344
TEAM463,PRJ471,2025-09-20,76.26084440333851,1.0,7.461736457071302
TEAM464,PRJ775,2023-09-17,65.95910305597943,1.0,9.189968527894084
TEAM465,PRJ362,2023-08-03,77.37089677727998,0.0,8.002925196647892
TEAM466,PRJ313,2023-09-22,76.85510202920777,0.0,8.765014710404834
TEAM467,PRJ644,2024-05-03,74.54576219361742,1.0,7.62814267243296
TEAM468,PRJ955,2024-12-09,89.00814847301132,1.0,7.9264230758904946
TEAM469,PRJ181,2024-06-20,77.54988933372347,1.0,8.009034500991362
TEAM470,PRJ281,2024-06-13,99.11260419505066,1.0,6.57888800328375
TEAM471,PRJ734,2024-10-11,86.0399493825885,1.0,6.736056359240469
TEAM472,PRJ325,2025-01-02,95.072017419385,1.0,7.194781083331083
TEAM473,PRJ915,2024-04-15,80.5562575046292,1.0,6.865530415696407
TEAM474,PRJ085,2024-09-27,79.21269383227026,1.0,6.74246660917048
TEAM475,PRJ892,2025-07-08,89.89806145985551,1.0,7.939124509114418
TEAM476,PRJ743,2024-02-15,78.44500036037114,1.0,8.033529446985186
TEAM477,PRJ710,2023-04-23,96.7925733878116,0.0,8.972258323485175
TEAM478,PRJ260,2025-01-20,100.0,1.0,7.058237418405592
TEAM479,PRJ104,2023-12-01,72.9908245946917,1.0,5.486901222462017
TEAM480,PRJ082,2025-02-25,94.98840673361656,1.0,6.062768931111953
TEAM481,PRJ475,2023-08-08,92.60674548370352,0.0,6.020458963458718
TEAM482,PRJ069,2025-06-26,92.649229559489,1.0,7.077994278045472
TEAM483,PRJ114,2024-04-16,86.15997149551922,1.0,4.8
TEAM484,PRJ993,2024-10-28,81.55043704087782,1.0,8.215349778298283
TEAM485,PRJ339,2023-11-14,90.97518368200528,1.0,8.014849338481042
TEAM486,PRJ520,2024-02-11,91.28797658002688,0.0,7.794878868182082
TEAM487,PRJ119,2024-06-03,90.78391669699562,0.0,8.296751492936059
TEAM488,PRJ677,2024-11-28,53.87123209845004,1.0,9.342317289640478
TEAM489,PRJ955,2023-08-28,71.50100410449318,1.0,7.683438567303377
TEAM490,PRJ752,2023-12-19,81.58182874816579,1.0,7.9507001121489935
TEAM491,PRJ350,2024-07-03,91.5214399050491,1.0,7.47595922467073
TEAM492,PRJ501,2024-04-22,56.52053752567289,1.0,6.7110755056222535
TEAM493,PRJ377,2025-06-23,83.30254923747435,1.0,8.233519148100791
TEAM494,PRJ443,2024-07-13,59.16586947064496,0.0,8.10163332400262
TEAM495,PRJ081,2023-09-05,100.0,1.0,7.777661640687
TEAM496,PRJ662,2025-10-17,84.87590050880604,0.0,8.148052294287627
TEAM497,PRJ708,2024-08-15,65.50971404790744,0.0,6.618687302507037
TEAM498,PRJ542,2023-07-28,84.4741336812947,1.0,6.562371667316889
TEAM499,PRJ192,2025-08-18,60.72432912087407,1.0,6.67812523280144
TEAM500,PRJ340,2024-01-20,91.55080677437662,1.0,6.491207918374088
TEAM501,PRJ060,2025-03-26,64.32761359083162,0.0,8.460810299482288
TEAM502,PRJ690,2023-08-21,69.46753941813046,0.0,5.115019258638374
TEAM503,PRJ396,2025-10-05,97.28181923841112,1.0,6.766816765338284
TEAM504,PRJ184,2024-08-08,71.09949980599544,1.0,9.882627723221766
TEAM505,PRJ409,2023-06-29,66.74797433832362,1.0,9.174830982298207
TEAM506,PRJ669,2025-03-08,79.24075684072638,1.0,6.903023917874619
TEAM507,PRJ096,2024-04-18,72.0312971469885,1.0,6.410080702660902
TEAM508,PRJ108,2023-04-25,62.57910658106061,1.0,6.819930259920645
TEAM509,PRJ052,2024-08-05,71.35045785223384,1.0,8.566407933026113
TEAM510,PRJ945,2024-07-23,67.52473621234023,0.0,8.050130180745585
TEAM511,PRJ364,2024-07-07,73.85049231509066,1.0,7.152119668316437
TEAM512,PRJ670,2024-07-20,75.77616981722642,1.0,6.526813936594486
TEAM513,PRJ639,2024-08-24,56.203798532203976,0.0,6.403303436074944
TEAM514,PRJ269,2024-11-13,91.3190977067203,1.0,8.740807173301175
TEAM515,PRJ691,2025-05-24,79.83794028740922,1.0,6.776076376418956
TEAM516,PRJ912,2024-04-28,89.00480676707465,1.0,7.196347053225869
TEAM517,PRJ910,2025-10-29,93.09838371598872,1.0,7.56431198447123
TEAM518,PRJ781,2024-04-23,73.20775222424341,1.0,8.201391282516827
TEAM519,PRJ216,2024-07-01,74.94110857677381,1.0,7.443157534640441
TEAM520,PRJ359,2023-06-30,69.9760642368641,1.0,8.28601590774452
TEAM521,PRJ563,2023-03-26,66.1437789112456,1.0,8.064079336996354
TEAM522,PRJ666,2024-11-05,87.5001835230798,0.0,7.273481428003381
TEAM523,PRJ637,2023-11-25,69.47240835215793,0.0,6.373753505943421
TEAM524,PRJ753,2024-06-21,62.71143032189504,1.0,6.88747920453679
TEAM525,PRJ440,2024-09-07,92.32074225983084,1.0,8.701882939449828
TEAM526,PRJ431,2024-04-02,79.45836798132578,1.0,6.286529531419396
TEAM527,PRJ133,2024-03-03,77.33708141926675,1.0,7.659284872523945
TEAM528,PRJ084,2024-11-17,84.44439248718255,1.0,6.593169873970151
TEAM529,PRJ255,2023-08-06,89.32535451060727,0.0,6.70645852420655
TEAM530,PRJ114,2024-01-27,70.1812455879042,1.0,6.736040327757127
TEAM531,PRJ565,2023-11-23,100.0,1.0,7.631200503550579
TEAM532,PRJ495,2024-10-14,88.7567203792911,1.0,7.901416652008443
TEAM533,PRJ587,2024-06-09,70.5975564111819,1.0,8.397646274643442
TEAM534,PRJ536,2024-04-07,77.24913613457632,1.0,7.801496565859579
TEAM535,PRJ269,2024-02-07,90.1878491327271,1.0,7.412908359181249
TEAM536,PRJ347,2024-06-21,81.02086816924414,1.0,7.899935712266563
TEAM537,PRJ475,2023-09-20,99.50432954354667,1.0,7.699092893205234
TEAM538,PRJ069,2023-10-09,71.81784642909322,0.0,8.508534956587965
TEAM539,PRJ195,2023-11-23,68.32963223705245,1.0,7.171105743276066
TEAM540,PRJ543,2024-06-28,71.98852163854708,1.0,5.695011401107933
TEAM541,PRJ273,2023-03-04,64.94104420539347,0.0,9.019262549911431
TEAM542,PRJ825,2025-03-10,94.6164345215437,1.0,6.091101159316107
TEAM543,PRJ871,2024-08-22,66.71361524323571,0.0,8.030553052520665
TEAM544,PRJ701,2024-02-05,78.73127280599175,0.0,8.360769996643567
TEAM545,PRJ697,2025-06-22,77.21655913007706,1.0,7.656407444723871
TEAM546,PRJ432,2023-07-16,72.38066589659775,1.0,5.770824712445932
TEAM547,PRJ198,2025-01-29,72.12346447044057,1.0,8.160885110933513
TEAM548,PRJ355,2023-09-28,79.44588335544441,0.0,8.00387947092189
TEAM549,PRJ267,2024-01-31,92.40514458809784,1.0,6.55569636698003
TEAM550,PRJ529,2024-06-05,73.97407268474305,1.0,7.453728135824297
TEAM551,PRJ135,2025-12-24,92.5514732231928,1.0,7.540183250062243
TEAM552,PRJ370,2025-01-31,76.49335016032633,1.0,7.764297068769205
TEAM553,PRJ179,2024-07-06,87.44808251017096,0.0,9.798269778082464
TEAM554,PRJ177,2024-06-17,81.5931865783776,1.0,6.2706503250549375
TEAM555,PRJ336,2024-02-10,88.74305492851796,1.0,6.614572593204571
TEAM556,PRJ208,2024-04-16,75.79500041398268,1.0,8.21786586161293
TEAM557,PRJ659,2025-03-27,81.2849021561239,0.0,4.942675150298504
TEAM558,PRJ131,2024-06-11,60.26714864781015,1.0,5.333118295983557
TEAM559,PRJ753,2025-05-15,99.93498522830936,1.0,6.704094501968543
TEAM560,PRJ142,2023-07-25,56.80694248073391,0.0,6.447544883261349
TEAM561,PRJ619,2024-09-19,85.67806496749247,1.0,6.507355493426796
TEAM562,PRJ979,2023-07-19,65.91372968748486,0.0,8.97086468369028
TEAM563,PRJ790,2024-12-24,93.3914639507018,1.0,6.083920201702394
TEAM564,PRJ920,2024-10-23,71.58040146059918,1.0,6.524413399728412
TEAM565,PRJ032,2025-03-29,78.83950650234469,1.0,8.204455441456242
TEAM566,PRJ596,2025-04-05,66.91602429697117,0.0,8.428903727161043
TEAM567,PRJ394,2023-05-18,95.36661643742436,1.0,10.0
TEAM568,PRJ466,2023-06-22,79.48749341363215,1.0,8.742585670215753
TEAM569,PRJ340,2024-05-04,79.74343134012047,1.0,8.669487551812098
TEAM570,PRJ111,2024-04-19,71.45756694298795,1.0,8.362613607341796
TEAM571,PRJ912,2024-10-24,77.25790567245149,0.0,7.5962427943980755
TEAM572,PRJ546,2024-08-22,71.80894574259948,1.0,6.563579125011941
TEAM573,PRJ853,2023-05-19,72.40646660698923,1.0,7.52340901395274
TEAM574,PRJ302,2024-04-20,93.68624809863329,1.0,9.986338382827944
TEAM575,PRJ189,2025-04-22,68.24487549632086,0.0,7.99812388990419
TEAM576,PRJ205,2023-05-11,67.94627683327845,1.0,8.57202368368207
TEAM577,PRJ918,2023-08-11,75.9816463915391,1.0,9.914827273930124
TEAM578,PRJ229,2024-02-08,70.90171313243712,1.0,6.426654232103987
TEAM579,PRJ535,2024-02-21,93.50707462209652,0.0,6.073760143237798
TEAM580,PRJ512,2022-12-30,89.68241363124939,0.0,6.73693508249491
TEAM581,PRJ437,2024-10-06,70.84545503206694,1.0,6.330798078425481
TEAM582,PRJ274,2023-11-06,69.00916864272719,1.0,6.545788225931099
TEAM583,PRJ903,2024-04-25,80.31329601190174,1.0,7.633249088708604
TEAM584,PRJ248,2022-11-12,76.4851999322521,1.0,9.273368622432848
TEAM585,PRJ252,2024-08-30,79.2024251426442,1.0,6.833109949742271
TEAM586,PRJ307,2023-09-20,64.9730499526655,0.0,6.65601037616437
TEAM587,PRJ096,2024-06-01,99.2420273816498,1.0,7.013453115673287
TEAM588,PRJ649,2024-03-20,71.41215083389612,0.0,5.0740686443066005
TEAM589,PRJ294,2024-03-01,74.42946186390833,1.0,7.739850247666439
TEAM590,PRJ990,2025-01-14,79.75999827322752,0.0,8.007827620671831
TEAM591,PRJ391,2024-08-22,93.58932607686847,1.0,6.117861667853697
TEAM592,PRJ849,2024-10-07,55.955086036858845,1.0,6.649850770453584
TEAM593,PRJ264,2025-03-14,84.92996397303506,1.0,8.694355552041102
TEAM594,PRJ538,2024-06-28,75.30728425661935,1.0,7.303618109155309
TEAM595,PRJ423,2023-10-05,81.77791829162108,0.0,7.538133343854032
TEAM596,PRJ424,2024-12-05,71.64024596258479,1.0,6.560501757393254
TEAM597,PRJ111,2025-05-20,69.38734089685325,1.0,7.031278631369564
TEAM598,PRJ616,2025-06-09,84.4575695801537,0.0,8.177801776496517
TEAM599,PRJ685,2024-09-28,67.00652182465939,0.0,8.064366435555666
TEAM600,PRJ201,2024-12-31,57.178834709257565,1.0,6.806123740242607
TEAM601,PRJ933,2025-08-23,81.37311372598636,1.0,7.779727181314906
TEAM602,PRJ736,2025-08-29,68.48759388873604,1.0,6.9232730951348
TEAM603,PRJ263,2023-12-16,100.0,1.0,8.668070196065667
TEAM604,PRJ327,2024-09-26,69.06620254130408,1.0,7.016236734843983
TEAM605,PRJ268,2025-06-17,72.75179315012184,1.0,8.53376129307925
TEAM606,PRJ094,2025-07-21,99.86510953132051,1.0,6.672416884425683
TEAM607,PRJ656,2025-08-09,76.14065679871432,1.0,4.94827850036999
TEAM608,PRJ353,2025-03-03,89.55454981737702,1.0,7.840382816202356
TEAM609,PRJ092,2025-06-12,78.33959672055175,0.0,7.521567390202761
TEAM610,PRJ659,2024-02-06,71.82503512960314,1.0,10.0
TEAM611,PRJ215,2023-08-28,72.57286647008632,1.0,5.756734458842113
TEAM612,PRJ228,2024-11-04,56.54161346160721,0.0,6.445158121181406
TEAM613,PRJ702,2024-04-17,92.48622001085288,1.0,6.513665668000676
TEAM614,PRJ005,2023-01-04,70.15758910126799,1.0,6.700852128041335
TEAM615,PRJ648,2025-01-24,98.09802168395429,0.0,5.669905524997009
TEAM616,PRJ925,2024-07-23,94.87252086387234,0.0,6.427305546655148
TEAM617,PRJ883,2024-12-15,61.11425475716445,1.0,5.573149527856468
TEAM618,PRJ113,2025-02-06,58.730272994257646,0.0,8.154562412780967
TEAM619,PRJ385,2024-06-13,81.57345283967621,0.0,7.266226766384331
TEAM620,PRJ643,2025-12-09,87.9524031577901,0.0,9.621579108420198
TEAM621,PRJ190,2024-06-07,100.0,1.0,7.76302137073537
TEAM622,PRJ904,2023-10-06,61.64712791300936,1.0,6.818063407893289
TEAM623,PRJ898,2024-03-13,77.05914806072944,1.0,7.707739683263605
TEAM624,PRJ316,2025-07-12,54.16312956166243,1.0,6.74319750739574
TEAM625,PRJ869,2024-10-11,56.797383208835015,0.0,6.387868568671481
TEAM626,PRJ946,2023-04-28,88.86577354339808,0.0,5.909287327508321
TEAM627,PRJ485,2025-08-07,84.64207478311818,1.0,9.482129432473734
TEAM628,PRJ558,2025-05-22,92.77628102562096,1.0,7.022959156451504
TEAM629,PRJ710,2023-08-19,100.0,1.0,7.719567018536866
TEAM630,PRJ733,2024-09-12,88.26926542958918,1.0,9.965277535061755
TEAM631,PRJ573,2025-03-27,68.27131400613477,1.0,7.134674911232144
TEAM632,PRJ454,2024-06-11,55.02601079266035,1.0,9.36274455598053
TEAM633,PRJ788,2024-03-08,48.655440649478784,0.0,8.971428684728727
TEAM634,PRJ644,2023-04-25,83.4664698114767,1.0,7.379429086294967
TEAM635,PRJ483,2023-12-14,88.80089049150963,1.0,7.222112535849582
TEAM636,PRJ016,2024-04-17,66.99586408964579,1.0,7.27015211337146
TEAM637,PRJ428,2024-02-28,100.0,1.0,6.896584504594246
TEAM638,PRJ586,2024-08-31,73.20416153986832,1.0,9.968137134616711
TEAM639,PRJ535,2022-11-08,70.1603700738996,1.0,6.772352082315736
TEAM640,PRJ236,2024-12-18,98.9543488677204,0.0,5.60250142961577
TEAM641,PRJ468,2023-05-19,94.7210315169398,1.0,10.0
TEAM642,PRJ379,2024-03-16,64.89923590063748,0.0,8.413354217275856
TEAM643,PRJ766,2024-04-30,77.92254552965045,0.0,7.499080475073161
TEAM644,PRJ500,2024-09-08,78.33188259473819,0.0,7.562722805180938
TEAM645,PRJ479,2025-03-19,74.82172678125004,1.0,6.428540798322678
TEAM646,PRJ832,2022-09-19,65.11022494028822,1.0,5.899625256854059
TEAM647,PRJ801,2023-10-11,90.14535067719834,1.0,7.196098130316096
TEAM648,PRJ885,2024-07-07,89.17148345017984,1.0,8.011208673023466
TEAM649,PRJ410,2023-09-16,70.38173861335326,1.0,8.311845315005367
TEAM650,PRJ364,2023-07-23,82.9829417528651,0.0,7.210218968625477
TEAM651,PRJ333,2023-09-29,38.12369004766621,0.0,8.32932443030617
TEAM652,PRJ229,2024-08-21,55.16212145300457,1.0,9.353751537758024
TEAM653,PRJ419,2024-05-20,66.0700299891654,0.0,8.33263793669851
TEAM654,PRJ732,2025-07-10,89.18569627634031,1.0,7.931814385192548
TEAM655,PRJ078,2024-07-18,65.24024161113924,0.0,8.508130760596558
TEAM656,PRJ978,2024-11-17,76.21934609883647,1.0,9.08273062065468
TEAM657,PRJ829,2023-01-02,67.03870348786623,0.0,9.183388773619695
TEAM658,PRJ356,2024-05-28,64.29405643816483,1.0,6.645841979282239
TEAM659,PRJ497,2024-10-29,84.4581521309478,1.0,8.664309484232106
TEAM660,PRJ771,2023-02-02,97.34876289423366,0.0,8.887581621680225
TEAM661,PRJ026,2023-11-12,71.12084743561901,1.0,10.0
TEAM662,PRJ943,2024-04-12,80.24134878178894,1.0,8.269386963605948
TEAM663,PRJ044,2024-08-25,77.61946707855411,1.0,9.550210130796904
TEAM664,PRJ335,2024-06-23,71.56037606817416,1.0,6.409691498523505
TEAM665,PRJ342,2023-08-22,71.22181319006903,1.0,10.0
TEAM666,PRJ310,2023-11-20,67.54504791485718,1.0,7.27939783650499
TEAM667,PRJ019,2022-12-11,69.4762017668746,1.0,8.378648932342262
TEAM668,PRJ374,2025-12-11,79.43256864618942,0.0,7.605783392931837
TEAM669,PRJ149,2024-04-21,70.50569266502826,1.0,8.386815664989333
TEAM670,PRJ080,2024-07-30,79.19485329519428,1.0,6.845269666095786
TEAM671,PRJ880,2025-08-26,81.42128513125587,1.0,8.31422374860314
TEAM673,PRJ170,2023-05-31,74.48375083668216,1.0,7.18349761064713
TEAM674,PRJ479,2024-11-09,81.07682196855363,1.0,7.69804160057209
TEAM675,PRJ494,2024-11-21,93.17140841575537,1.0,7.552301662734814
TEAM676,PRJ417,2023-07-24,78.02263927496091,0.0,8.835151833034718
TEAM677,PRJ395,2023-08-26,66.76155287841112,1.0,9.18273037802128
TEAM678,PRJ298,2024-05-27,70.65740936364493,1.0,7.073116470824759
TEAM679,PRJ240,2024-08-10,77.71123116929031,1.0,9.617573707848544
TEAM680,PRJ285,2023-10-16,62.62167991741427,1.0,6.83133788473662
TEAM681,PRJ214,2024-06-04,69.3859291866948,0.0,7.062268610319978
TEAM682,PRJ254,2024-09-18,79.97322556162698,1.0,6.828918056546713
TEAM683,PRJ710,2024-08-12,78.75958102980442,1.0,8.731735325003438
TEAM685,PRJ047,2024-05-19,90.35212930966787,1.0,7.484712238556907
TEAM687,PRJ088,2024-03-31,75.06292161376439,1.0,8.212457765569026
TEAM688,PRJ619,2023-05-15,65.49482648953256,1.0,8.134183984936346
TEAM689,PRJ087,2024-09-23,92.58533295680468,1.0,6.5221012930386735
TEAM690,PRJ811,2025-03-27,67.39467110133151,1.0,8.265632211582059
TEAM691,PRJ167,2024-12-19,72.90576970467471,1.0,9.967603681530829
TEAM692,PRJ703,2024-02-10,90.58035598893169,1.0,7.3754733658861475
TEAM693,PRJ971,2023-10-25,77.37566139509788,1.0,7.998124801139469
TEAM694,PRJ146,2024-05-28,63.80329959759875,1.0,9.022651317958426
TEAM695,PRJ063,2024-09-03,75.98366083399867,1.0,7.559535155440397
TEAM696,PRJ371,2025-01-13,93.19370408404976,1.0,7.564342146720239
TEAM697,PRJ750,2023-03-09,62.07679080939681,1.0,6.760223119958021
TEAM698,PRJ366,2024-12-14,72.31426743730941,1.0,5.515327893157463
TEAM699,PRJ925,2023-09-11,65.07348128387966,1.0,8.135520146237356
TEAM700,PRJ496,2024-06-29,86.66688368102375,1.0,6.521593233083767
TEAM701,PRJ187,2023-10-21,100.0,1.0,7.74278018421144
TEAM702,PRJ712,2024-07-31,72.1889921353046,1.0,6.495840707830158
TEAM703,PRJ539,2023-12-24,94.8820872415629,1.0,9.99124568088656
TEAM704,PRJ677,2023-07-08,80.23681708811806,1.0,6.337835592811623
TEAM705,PRJ588,2024-01-12,79.7155395042442,1.0,7.844863164264721
TEAM706,PRJ853,2023-04-02,62.91753910205034,1.0,6.820813124593451
TEAM707,PRJ867,2025-01-09,93.88353413734416,0.0,6.026174261738975
TEAM708,PRJ652,2024-11-08,89.3657653478977,1.0,7.217173020266142
TEAM709,PRJ897,2022-12-27,66.8686199723787,1.0,9.243654592536451
TEAM710,PRJ239,2025-06-07,70.99972210800541,1.0,6.368156995416576
TEAM711,PRJ820,2024-01-20,38.23329774011243,0.0,8.28096981589508
TEAM712,PRJ891,2023-08-21,84.45999954093473,1.0,4.8
TEAM713,PRJ479,2023-07-08,95.94338611707512,0.0,6.36428347751028
TEAM714,PRJ926,2024-01-05,93.4297704099573,1.0,6.069262645187331
TEAM715,PRJ791,2024-12-13,73.52446928861133,1.0,6.204717892182992
TEAM716,PRJ726,2025-03-18,63.89900927767409,0.0,8.460963870587015
TEAM717,PRJ665,2025-04-09,79.37279255811428,0.0,7.589799001586336
TEAM718,PRJ605,2024-12-14,93.67890732803832,1.0,10.0
TEAM719,PRJ214,2023-07-29,69.11225478903324,1.0,8.66690634357617
TEAM720,PRJ071,2023-06-26,68.48013164733449,0.0,7.080320570579931
TEAM721,PRJ818,2023-05-15,72.07009941634047,1.0,7.640704363003374
TEAM722,PRJ445,2023-04-21,68.98657144714777,1.0,6.448808015924828
TEAM723,PRJ108,2023-11-09,90.4195463507994,1.0,7.376126567860829
TEAM724,PRJ087,2023-06-30,78.91982239103415,0.0,8.333316060519504
TEAM725,PRJ394,2023-11-18,77.02873632251183,1.0,9.686568997770246
TEAM726,PRJ702,2025-07-15,67.90140526249107,1.0,6.89264930026247
TEAM727,PRJ974,2024-06-25,55.4407045753542,1.0,9.396001947556034
TEAM728,PRJ836,2023-12-20,89.82334474022345,1.0,7.975360156557499
TEAM729,PRJ679,2024-04-26,95.57047258251151,0.0,9.950638221571817
TEAM730,PRJ425,2023-11-17,65.36857187470659,0.0,8.920228269541617
TEAM731,PRJ943,2024-06-19,65.93847960243221,1.0,8.105700430201589
TEAM732,PRJ132,2024-06-16,65.72248485827349,0.0,8.436267727128419
TEAM733,PRJ607,2024-09-22,72.90740375085628,1.0,10.0
TEAM734,PRJ456,2023-01-28,88.92283926129117,1.0,7.730739010616249
TEAM735,PRJ792,2024-10-18,73.35126497337089,0.0,8.667511072002902
TEAM736,PRJ957,2023-04-04,60.81779158049981,1.0,7.657990097107631
TEAM737,PRJ673,2025-10-04,97.76116977215626,1.0,6.649206479487932
TEAM738,PRJ835,2024-09-25,88.80716632793806,1.0,7.936612667564766
TEAM739,PRJ022,2025-11-17,84.9034004883733,1.0,9.079468423112033
TEAM740,PRJ485,2023-10-02,64.08555907931797,1.0,5.967255103664453
TEAM741,PRJ144,2024-03-06,77.92450742600047,0.0,7.946582781773007
TEAM742,PRJ743,2024-08-28,80.51666360944861,1.0,7.613235886443076
TEAM743,PRJ408,2024-05-19,55.58640493969708,1.0,6.7034903596876
TEAM744,PRJ743,2025-01-20,90.36172980201246,1.0,8.725828779451371
TEAM746,PRJ089,2025-11-03,82.59730307894566,1.0,8.221621900346562
TEAM747,PRJ256,2024-04-09,89.08098031031797,0.0,8.166759776932668
TEAM748,PRJ951,2022-12-26,74.13706870745062,1.0,7.510165155863273
TEAM749,PRJ841,2022-12-28,66.13487500576741,1.0,7.302172260670499
TEAM750,PRJ812,2024-03-30,80.24295865029154,1.0,7.782895740915912
TEAM751,PRJ546,2024-06-11,85.78280346011819,1.0,6.48064205410761
TEAM752,PRJ789,2024-11-25,67.40503634008913,0.0,7.922421864530235
TEAM753,PRJ024,2025-12-14,92.12372216277888,1.0,6.991456110712946
TEAM754,PRJ285,2024-04-16,83.2021866059826,0.0,7.144751785018686
TEAM755,PRJ885,2024-11-21,64.85746108757424,0.0,8.29738164519447
TEAM756,PRJ981,2024-06-13,71.71391618258639,0.0,8.645009440991412
TEAM757,PRJ222,2024-08-23,96.01800247675672,1.0,4.8
TEAM758,PRJ646,2025-09-13,89.83040895390022,1.0,6.45298278223895
TEAM759,PRJ978,2025-05-22,92.96820451465727,1.0,7.615874788362031
TEAM760,PRJ929,2025-01-24,76.69366505228771,1.0,8.030567122090014
TEAM761,PRJ937,2025-02-24,88.05149386805401,0.0,9.685556461153912
TEAM762,PRJ162,2025-05-26,70.30710731741462,1.0,7.076796811460502
TEAM763,PRJ585,2023-10-26,73.82426493469603,1.0,7.557791067197498
TEAM764,PRJ790,2025-02-23,71.67042841514866,1.0,8.174107757042696
TEAM765,PRJ340,2023-02-15,67.19786542267514,1.0,9.249480941122933
TEAM766,PRJ061,2022-12-22,71.79538382554294,1.0,7.496042412226986
TEAM767,PRJ896,2023-12-25,67.75655873523101,1.0,7.550264791799179
TEAM768,PRJ305,2023-09-17,68.12623229289214,1.0,7.192462901807789
TEAM769,PRJ440,2024-02-03,65.76991944215285,1.0,8.186045865140288
TEAM770,PRJ744,2023-10-15,86.57389266476696,1.0,6.494499583926072
TEAM771,PRJ956,2024-06-22,85.88043025254461,1.0,9.537557871509923
TEAM772,PRJ188,2024-12-21,96.18849182005428,0.0,8.398208856273685
TEAM773,PRJ612,2024-11-25,71.74923544833099,1.0,6.558729456794225
TEAM774,PRJ904,2023-11-30,71.04510535514672,1.0,5.421817534531833
TEAM775,PRJ151,2023-01-30,67.18221319416347,1.0,7.352589279663948
TEAM776,PRJ584,2023-09-09,88.61696441939635,1.0,9.961532637407805
TEAM777,PRJ826,2025-03-29,64.36309177381335,0.0,8.39059911625393
TEAM778,PRJ971,2024-11-25,75.99051745715485,1.0,4.877042248614527
TEAM779,PRJ937,2023-03-28,90.24937770258671,1.0,7.458304177714069
TEAM780,PRJ280,2025-04-28,72.19102548504385,0.0,8.715136520683208
TEAM781,PRJ816,2022-11-10,84.04025354582001,1.0,7.414241759759118
TEAM782,PRJ016,2023-03-24,76.92479049156003,0.0,8.745144820561055
TEAM783,PRJ169,2025-03-17,100.0,1.0,6.984382486211553
TEAM784,PRJ908,2024-04-27,91.83746459559588,0.0,7.82139808421529
TEAM785,PRJ741,2023-05-20,74.1678109989967,0.0,7.9682440370554914
TEAM786,PRJ171,2025-11-14,97.16933731412288,0.0,8.293798234847747
TEAM787,PRJ137,2023-08-01,77.34268023943316,0.0,8.07590254635828
TEAM788,PRJ749,2024-02-03,71.1868045613176,1.0,7.618888606702343
TEAM789,PRJ056,2026-01-26,66.7394694356348,1.0,6.9150202409827
TEAM790,PRJ939,2024-08-19,70.00209266370503,1.0,8.451299990161424
TEAM791,PRJ287,2024-03-17,77.80237240005354,1.0,9.572910062804125
TEAM792,PRJ056,2024-07-09,57.72492592942565,0.0,8.063238118765687
TEAM793,PRJ198,2023-01-27,70.40690180580134,1.0,8.454376531143096
TEAM794,PRJ568,2025-08-20,66.05391629937711,1.0,6.893718405605369
TEAM795,PRJ909,2026-02-28,60.72017072700929,1.0,6.721584151616317
TEAM796,PRJ327,2024-01-14,78.00008323832309,1.0,7.936649104390613
TEAM797,PRJ416,2022-11-09,76.99664750586012,1.0,10.0
TEAM798,PRJ338,2023-03-22,67.03300842821153,1.0,7.372484066287621
TEAM799,PRJ800,2025-03-09,70.88151798762523,1.0,8.429887462674886
TEAM800,PRJ760,2025-02-03,64.8923716650888,1.0,6.410794827342247
TEAM801,PRJ755,2025-01-02,79.62785285520236,0.0,7.992671237319739
TEAM802,PRJ902,2024-08-30,64.93787033783835,0.0,8.467438331593744
TEAM803,PRJ079,2022-11-11,95.51509123448018,1.0,9.843246887882373
TEAM804,PRJ193,2024-04-02,100.0,1.0,8.91535322627771
TEAM805,PRJ046,2024-10-01,99.15696265312144,1.0,6.732801652452225
TEAM806,PRJ954,2024-08-18,76.8464175222473,1.0,7.701767274865909
TEAM807,PRJ952,2023-10-11,73.11535111963092,1.0,8.232699341910616
TEAM808,PRJ232,2024-06-27,89.70356597592084,0.0,8.348425694111327
TEAM809,PRJ547,2025-12-03,92.69240039065224,1.0,6.972894929147548
TEAM810,PRJ963,2023-07-01,69.96285898958963,1.0,8.31643114459082
TEAM811,PRJ401,2024-06-04,78.7336188513921,1.0,8.799955646360608
TEAM812,PRJ729,2024-01-14,70.25448190656724,1.0,6.631290991978298
TEAM813,PRJ556,2025-05-17,88.19601446965129,0.0,9.746329939277851
TEAM814,PRJ810,2023-05-28,75.15237489839588,1.0,8.170547146709735
TEAM815,PRJ734,2024-06-10,72.17916057705632,1.0,7.590363143402929
TEAM816,PRJ545,2024-07-01,65.6002023903819,1.0,8.147515106329456
TEAM817,PRJ161,2024-02-01,100.0,1.0,7.671373497240571
TEAM818,PRJ137,2024-11-22,93.49705095756092,0.0,6.070216034832821
TEAM819,PRJ591,2025-04-29,65.01963285125119,1.0,6.512239365671573
TEAM820,PRJ250,2025-08-22,78.46462778646331,0.0,6.349049847699288
TEAM821,PRJ686,2025-07-27,64.72057267889261,1.0,6.548779540390549
TEAM822,PRJ879,2024-02-19,90.10808507846328,0.0,5.936685323965528
TEAM823,PRJ406,2025-04-09,74.44094690581781,1.0,7.398615415267929
TEAM824,PRJ186,2024-05-23,88.74403648412023,0.0,6.664684514412707
TEAM826,PRJ598,2024-11-25,88.9623612282121,1.0,7.2258218746562415
TEAM827,PRJ115,2025-01-12,76.10972082958955,1.0,7.893900841350849
TEAM828,PRJ362,2024-03-08,92.73086655131418,1.0,6.482567267500709
TEAM829,PRJ142,2024-02-05,75.28182490105397,1.0,7.685855313132986
TEAM830,PRJ568,2025-05-05,88.13676678309095,1.0,8.118678507258496
TEAM831,PRJ364,2023-11-16,66.18331834469156,1.0,9.289300130300775
TEAM833,PRJ512,2024-02-25,85.00917643297346,1.0,6.465275984408459
TEAM835,PRJ717,2023-02-15,97.51181063979054,0.0,8.938316908282179
TEAM836,PRJ212,2025-11-23,92.671679423079,1.0,7.678946659811203
TEAM837,PRJ430,2023-06-28,66.06174577008254,1.0,7.322183650152968
TEAM838,PRJ738,2025-01-28,72.64187174681204,1.0,6.680597976585443
TEAM839,PRJ953,2024-08-26,70.46516195176717,1.0,6.364078793731176
TEAM840,PRJ217,2025-08-21,93.41209439246,1.0,9.907300082372632
TEAM841,PRJ630,2024-03-06,71.30307249655476,1.0,8.127850978554935
TEAM842,PRJ167,2023-11-09,95.61089122659924,1.0,4.8
TEAM843,PRJ119,2023-03-04,68.84605085407975,0.0,9.00895291266274
TEAM844,PRJ117,2025-03-12,88.5859805824934,0.0,6.424910555253902
TEAM845,PRJ806,2023-01-26,60.56450292549122,1.0,7.757898083955203
TEAM846,PRJ118,2023-08-08,90.08338910305068,1.0,7.400644809870411
TEAM847,PRJ471,2024-10-05,100.0,1.0,7.856209074283916
TEAM848,PRJ829,2023-06-12,76.69112062563286,1.0,9.595600331232284
TEAM849,PRJ158,2025-03-16,81.33736169034715,1.0,7.997525237452625
TEAM850,PRJ260,2024-08-26,91.0822321346718,1.0,9.290942273890876
TEAM851,PRJ222,2025-03-13,98.37768469044708,1.0,6.791731015845853
TEAM852,PRJ329,2025-02-19,87.46548917048457,0.0,7.292782672754477
TEAM854,PRJ003,2024-01-28,75.32749817336078,1.0,9.982077896879971
TEAM855,PRJ264,2023-11-15,59.66131978861842,1.0,7.676170166526968
TEAM856,PRJ189,2024-08-09,84.97358097676644,1.0,8.762263979552941
TEAM857,PRJ491,2024-10-05,92.34355312655076,1.0,7.5844786308985634
TEAM858,PRJ332,2023-08-18,93.3482531083272,0.0,6.074598366090522
TEAM859,PRJ461,2025-01-22,70.68137145549478,1.0,7.143643094424823
TEAM860,PRJ401,2025-04-21,55.38359068476071,1.0,6.63614725435682
TEAM861,PRJ229,2024-06-21,90.62615216108672,1.0,7.38346910220696
TEAM862,PRJ825,2023-12-15,74.46873426535069,1.0,7.169739822252089
TEAM863,PRJ515,2024-05-05,76.26107925160223,1.0,9.754404804180362
TEAM864,PRJ160,2023-09-14,64.05953417351029,1.0,9.12881795902494
TEAM865,PRJ943,2023-11-06,95.8339126782464,0.0,6.415221708429186
TEAM866,PRJ973,2025-02-25,96.03374079087872,1.0,4.814914560462095
TEAM867,PRJ074,2025-12-18,67.31138392225074,0.0,8.107938515665055
TEAM868,PRJ029,2025-05-23,54.6303855132536,1.0,9.450924045963497
TEAM869,PRJ476,2023-07-07,64.06299859297282,1.0,9.132993163090518
TEAM870,PRJ969,2023-09-20,75.48493136150867,1.0,9.630682500760884
TEAM871,PRJ371,2024-06-06,68.72768647571287,1.0,6.618206157182341
TEAM872,PRJ738,2024-12-20,77.82733656608579,0.0,7.529702633886256
TEAM873,PRJ397,2023-12-20,86.0878692660592,1.0,6.50364428780273
TEAM874,PRJ109,2024-12-11,89.2532394194265,0.0,9.777867531955318
TEAM875,PRJ514,2024-06-30,90.31485287436595,1.0,9.11764256262938
TEAM876,PRJ345,2024-03-24,57.741738620193765,1.0,7.949645560749368
TEAM877,PRJ238,2023-10-16,74.03163884711066,0.0,7.79872213990616
TEAM878,PRJ753,2023-03-15,70.61182280635754,1.0,6.540475421309067
TEAM879,PRJ251,2025-06-09,99.8281951796526,1.0,7.027504216728788
TEAM880,PRJ445,2024-05-31,95.09050529551058,0.0,10.0
TEAM881,PRJ449,2024-03-06,95.71257854792866,0.0,6.379781224147672
TEAM882,PRJ842,2024-01-08,67.04151255376823,1.0,7.267641728524143
TEAM883,PRJ809,2024-02-11,100.0,1.0,8.781694128615943
TEAM884,PRJ416,2024-11-25,90.45269132511646,1.0,7.893166276420602
TEAM885,PRJ524,2023-10-04,69.50087540719554,1.0,8.384302382606721
TEAM886,PRJ319,2023-12-28,78.34777362125558,1.0,8.695301192979796
TEAM887,PRJ592,2024-08-23,87.60273987954999,0.0,5.881574077826931
TEAM888,PRJ817,2025-03-25,65.62140417631674,0.0,8.498963522034318
TEAM889,PRJ809,2025-03-10,85.07249591090202,0.0,8.1385361899739
TEAM890,PRJ016,2023-09-05,88.9418781973744,0.0,5.991661563698822
TEAM891,PRJ611,2024-03-05,83.9848974832746,1.0,6.792346700728759
TEAM892,PRJ208,2024-01-31,79.31225246927563,0.0,7.970492053217263
TEAM893,PRJ734,2024-07-14,78.86292754731187,1.0,8.313275659039547
TEAM894,PRJ116,2024-12-19,55.21910698313552,1.0,9.502361030722804
TEAM895,PRJ101,2024-02-23,71.93577271790109,1.0,10.0
TEAM896,PRJ442,2024-10-21,87.42940348945211,0.0,9.610839685035002
TEAM897,PRJ141,2025-12-03,88.38197365286734,0.0,9.715888339366044
TEAM898,PRJ124,2024-02-05,71.86680629277708,1.0,8.1752238189899
TEAM899,PRJ308,2025-01-29,88.64501271333927,0.0,9.667478386002037
TEAM900,PRJ212,2024-01-02,93.4897853041238,0.0,6.063281982339368
TEAM901,PRJ546,2025-01-14,70.89002267770007,1.0,7.123096182392516
TEAM902,PRJ796,2024-12-07,83.03123667670275,0.0,7.156981146909872
TEAM903,PRJ690,2023-05-26,47.66028850446894,0.0,9.02853595203918
TEAM904,PRJ964,2024-04-22,93.62043138617533,1.0,6.185211401899948
TEAM905,PRJ866,2024-03-31,89.2648652095279,0.0,8.349811665691117
TEAM906,PRJ995,2023-03-09,60.43076778115466,1.0,7.557590264370086
TEAM907,PRJ141,2024-03-19,80.09367167697405,0.0,6.610956003670376
TEAM908,PRJ305,2025-06-26,85.05011013796909,1.0,8.897335645609273
TEAM909,PRJ766,2023-12-28,54.72925026647642,1.0,9.458177379211689
TEAM910,PRJ093,2025-12-09,99.94795893855212,1.0,7.872436616134037
TEAM911,PRJ836,2024-04-05,65.02036566164557,0.0,8.995752053357668
TEAM912,PRJ980,2025-05-20,94.49892065967026,1.0,7.152231696132147
TEAM913,PRJ175,2024-10-28,75.13767692294772,1.0,7.68091769376767
TEAM914,PRJ067,2024-04-08,97.6563167086844,0.0,8.88994170552342
TEAM915,PRJ551,2024-11-25,74.87994665039665,1.0,4.864052297849102
TEAM916,PRJ513,2024-02-13,88.01447499018546,0.0,9.775036811833155
TEAM917,PRJ663,2024-08-19,81.40139306470705,1.0,7.944419471479476
TEAM918,PRJ044,2024-03-02,100.0,1.0,6.9297786011350375
TEAM919,PRJ950,2024-09-03,72.47179058034034,1.0,8.49267758192502
TEAM920,PRJ984,2024-11-09,82.1088520248592,1.0,7.94495135414212
TEAM921,PRJ191,2024-07-17,71.4852429712762,1.0,7.528283342070201
TEAM922,PRJ549,2025-04-04,82.77061318973364,1.0,8.269245356505193
TEAM923,PRJ592,2024-12-12,75.00173893413438,1.0,6.453335132475633
TEAM924,PRJ197,2023-08-09,77.93574150580537,0.0,8.790642152214756
TEAM925,PRJ359,2024-11-09,68.20884617612285,0.0,7.391586022447374
TEAM926,PRJ839,2024-08-31,84.90523416219759,1.0,7.768168289634737
TEAM927,PRJ257,2025-01-30,84.76164581644043,1.0,8.699073236182548
TEAM928,PRJ868,2024-05-22,89.42237244763419,0.0,8.319379436940023
TEAM929,PRJ069,2023-03-17,77.30734792273462,0.0,8.764981827945904
TEAM930,PRJ826,2024-12-05,99.9634541249334,1.0,6.830202484708494
TEAM931,PRJ306,2024-01-27,86.71218374628188,0.0,9.715488756644277
TEAM932,PRJ253,2023-05-21,71.17419765975278,1.0,8.595934289754979
TEAM933,PRJ151,2024-09-21,68.13968958719133,0.0,6.958958679721769
TEAM934,PRJ983,2023-10-24,65.84339949395539,1.0,8.16273091062166
TEAM935,PRJ424,2024-11-18,70.2108798224345,1.0,7.131275584245324
TEAM936,PRJ410,2024-10-13,81.74319254514202,1.0,7.812690305546683
TEAM937,PRJ616,2024-12-28,71.9267309827175,1.0,8.419140765185436
TEAM938,PRJ958,2023-09-25,69.71620049373949,1.0,8.587179267634772
TEAM939,PRJ703,2023-07-08,38.1,0.0,8.333630549179617
TEAM940,PRJ186,2023-07-07,59.47925287209326,1.0,7.5828171268366305
TEAM941,PRJ381,2023-09-04,79.78468566768734,1.0,8.682312427287197
TEAM942,PRJ109,2023-12-08,65.87719625557727,1.0,7.390564032115253
TEAM943,PRJ417,2022-11-26,96.23131177195508,0.0,8.903252799197881
TEAM944,PRJ053,2023-10-28,66.32794215568487,1.0,8.171484111178032
TEAM945,PRJ046,2023-11-22,83.45116142398182,1.0,6.832358340287843
TEAM946,PRJ884,2023-10-18,71.62794562273847,1.0,9.871779466016166
TEAM947,PRJ170,2024-02-13,67.48795601081801,1.0,8.218436383711886
TEAM948,PRJ512,2025-02-24,70.42936673494604,1.0,7.034172718358191
TEAM949,PRJ511,2023-08-16,56.69521978709503,0.0,6.475375803778482
TEAM950,PRJ806,2024-02-21,91.0807554820814,1.0,7.37186368588241
TEAM951,PRJ712,2025-05-09,92.73241584239518,1.0,7.698357735044167
TEAM952,PRJ419,2024-01-31,71.3683737087339,1.0,6.450445753682359
TEAM953,PRJ253,2024-02-05,83.57650068259872,1.0,7.485036503648541
TEAM954,PRJ347,2024-10-23,78.88801164399901,0.0,6.627727449483306
TEAM955,PRJ318,2024-10-23,72.8020902272481,0.0,7.934675332047133
TEAM956,PRJ567,2023-08-07,82.91315483770677,0.0,7.621473190267695
TEAM957,PRJ283,2023-06-17,68.73504247649863,1.0,8.373530657936936
TEAM958,PRJ662,2023-10-24,68.30400258755519,1.0,8.46576232689696
TEAM959,PRJ977,2024-07-20,71.36232078877356,1.0,5.69274387674023
TEAM960,PRJ187,2024-12-14,75.47969516536835,1.0,6.411109902192938
TEAM961,PRJ254,2023-08-04,85.86907270013181,1.0,6.460341076319124
TEAM962,PRJ856,2023-03-24,69.21411843453052,0.0,6.977858094315594
TEAM963,PRJ300,2023-12-17,78.61849123493563,0.0,8.435419141662084
TEAM964,PRJ045,2024-08-28,90.17214928289002,1.0,8.051948793010123
TEAM965,PRJ491,2023-11-16,78.30826823667107,0.0,8.047897904144794
TEAM966,PRJ682,2025-04-23,68.50349074221445,0.0,8.256544935476551
TEAM967,PRJ818,2024-09-11,85.79837977072593,0.0,8.136738430786815
TEAM968,PRJ460,2025-12-06,68.76039853057655,0.0,8.20970817056031
TEAM969,PRJ301,2024-03-24,100.0,1.0,6.687882840561084
TEAM970,PRJ262,2024-08-04,65.99100076969937,0.0,8.383151286653002
TEAM971,PRJ703,2024-05-20,97.38987302311776,1.0,6.75281392574782
TEAM972,PRJ558,2024-02-21,94.28503175573444,1.0,6.023034413981814
TEAM973,PRJ489,2024-05-09,88.15726069490755,0.0,6.377307462528967
TEAM974,PRJ713,2023-06-22,99.94086670431555,1.0,8.903302745693484
TEAM975,PRJ065,2024-09-03,98.99200519162372,0.0,5.718908978655327
TEAM976,PRJ198,2024-05-30,75.9653733361936,1.0,7.425669673274306
TEAM977,PRJ491,2023-12-09,73.23678226231242,0.0,7.852178707955812
TEAM978,PRJ215,2024-02-16,80.58772805563866,1.0,7.859272442571713
TEAM979,PRJ773,2024-03-27,72.59121927113019,1.0,7.483549170525913
TEAM980,PRJ637,2025-02-09,77.39103293017016,1.0,8.050870912599105
TEAM981,PRJ238,2025-01-17,76.59028155321418,1.0,7.727651645936547
TEAM982,PRJ553,2024-10-20,71.98143547067245,1.0,8.555126511768979
TEAM983,PRJ703,2024-12-27,95.8750869124905,1.0,4.857622903737555
TEAM984,PRJ372,2024-07-28,61.48252373389023,1.0,6.88660042925096
TEAM985,PRJ352,2023-06-06,69.9318711828391,0.0,5.086241498996241
TEAM986,PRJ203,2024-12-02,74.77690265917796,1.0,6.5079569335236656
TEAM987,PRJ550,2022-10-28,70.86727718540806,1.0,6.685897906962608
TEAM988,PRJ588,2023-09-30,68.17357534595142,1.0,8.666895870205433
TEAM989,PRJ997,2024-09-11,93.29011369570792,1.0,7.66544417037798
TEAM990,PRJ539,2023-04-26,84.86207601068347,1.0,7.806437772728872
TEAM991,PRJ745,2025-04-01,79.93036892497052,0.0,6.6160194754031
TEAM992,PRJ519,2024-12-24,95.55003891891404,1.0,7.212003253024928
TEAM993,PRJ327,2022-10-25,84.32745730807046,1.0,4.809872828479078
TEAM994,PRJ905,2024-01-31,79.73953276581128,0.0,6.549130884124202
TEAM995,PRJ833,2023-01-06,90.03149583633054,0.0,6.772933564935451
TEAM996,PRJ684,2023-10-17,67.79688048876542,1.0,7.516476866599004
TEAM997,PRJ716,2024-03-23,88.29436745064962,1.0,7.745658633830399
TEAM998,PRJ037,2025-07-05,81.67102068644887,1.0,7.680487200404384
TEAM999,PRJ734,2024-03-28,63.974597842256735,1.0,9.037672497503037
TEAM1000,PRJ820,2023-04-04,83.74021073841422,1.0,4.8
TEAM1001,PRJ748,2025-11-06,67.70741967333794,1.0,6.924830437964128
TEAM1002,PRJ567,2023-04-17,68.77626212998484,1.0,8.762455711795447
TEAM1003,PRJ771,2023-12-18,89.68742529720437,1.0,8.058304989144936
TEAM1004,PRJ934,2023-09-08,81.91832060059645,0.0,7.263247258113335
TEAM1005,PRJ357,2025-01-08,87.0676148328146,1.0,9.496800097700651
TEAM1006,PRJ068,2023-10-18,95.7334141901254,1.0,4.893469314478311
TEAM1007,PRJ941,2025-04-07,72.35366074542637,1.0,8.478059543621725
TEAM1008,PRJ783,2024-11-22,63.75361535563114,1.0,6.536026045597237
TEAM1009,PRJ163,2024-09-30,67.35910718958073,0.0,6.2193675419322725
TEAM1010,PRJ602,2023-11-16,48.57849836988929,0.0,9.139414891659316
TEAM1011,PRJ804,2024-06-02,69.19823531826256,0.0,6.312165239574136
TEAM1012,PRJ174,2024-11-18,70.39302679978094,1.0,9.991755902611589
TEAM1013,PRJ781,2023-10-31,85.76691277424618,1.0,7.737993512286644
TEAM1014,PRJ604,2025-01-27,67.36545910992824,1.0,7.554219464028762
TEAM1015,PRJ160,2024-09-22,67.51573694347245,1.0,7.322798531870681
TEAM1016,PRJ150,2025-06-04,77.49438445106534,0.0,6.3170675931059685
TEAM1017,PRJ689,2023-11-01,64.29399200660848,1.0,8.962785010386792
TEAM1018,PRJ035,2023-08-30,73.30106007017898,1.0,7.5337914985140575
TEAM1019,PRJ370,2024-10-20,84.9880654528147,1.0,6.833936303924823
TEAM1020,PRJ979,2023-07-03,69.95117554487246,1.0,8.16323537065614
TEAM1021,PRJ942,2024-12-03,67.62013085130249,0.0,8.06998741209496
TEAM1022,PRJ438,2024-10-29,98.42332446073016,1.0,6.713485184390803
TEAM1023,PRJ737,2024-09-04,74.91496285895975,1.0,7.498313734417848
TEAM1024,PRJ911,2024-06-09,63.39467205913776,0.0,8.443244392759338
TEAM1025,PRJ612,2025-03-18,91.92308993717891,1.0,6.893662856883858
TEAM1026,PRJ319,2025-04-26,77.81207819548474,0.0,6.347869642763292
TEAM1027,PRJ277,2025-10-08,78.15685458468971,0.0,6.355710576406986
TEAM1028,PRJ898,2024-03-11,69.56711100127586,1.0,7.15436313457272
TEAM1029,PRJ591,2024-09-12,69.13308135583416,0.0,6.98932735168149
TEAM1030,PRJ233,2024-05-16,77.6168905760652,1.0,8.265304806853528
TEAM1031,PRJ170,2024-02-27,75.89992836417495,1.0,9.294914671300512
TEAM1032,PRJ241,2024-03-23,48.03393930794415,0.0,8.930838335120832
TEAM1033,PRJ554,2024-04-02,100.0,1.0,7.032863960984829
TEAM1034,PRJ678,2024-11-08,88.48448540249154,0.0,9.684000578402756
TEAM1035,PRJ341,2024-07-17,66.13056510614075,0.0,8.986461836024437
TEAM1036,PRJ304,2024-07-19,73.04793033671272,0.0,7.996955900608869
TEAM1037,PRJ788,2024-04-24,70.34658294985094,1.0,8.157427957153935
TEAM1038,PRJ822,2023-05-21,65.55940236572629,0.0,9.015503653695225
TEAM1039,PRJ242,2025-01-09,88.54695102021377,1.0,7.893903712513883
TEAM1040,PRJ288,2024-03-10,76.86070569211061,0.0,8.642537295783942
TEAM1041,PRJ828,2023-03-16,78.83722413948445,0.0,8.273228911441501
TEAM1042,PRJ831,2024-05-23,90.61571187312856,1.0,7.955814310937993
TEAM1043,PRJ369,2024-04-24,86.63066011463194,1.0,9.552372581696323
TEAM1044,PRJ311,2023-07-08,96.34773967105824,1.0,10.0
TEAM1045,PRJ810,2022-11-09,69.2929998615248,1.0,8.083323092353378
TEAM1046,PRJ445,2023-05-23,66.6553036570581,1.0,8.158295327939925
TEAM1047,PRJ143,2023-08-03,73.37044024062028,0.0,7.9954157188841055
TEAM1048,PRJ814,2026-01-21,78.19520800279031,0.0,7.598562409253517
TEAM1049,PRJ322,2023-05-05,90.28772989918257,1.0,7.282288607420983
TEAM1050,PRJ848,2023-11-27,55.02227633130626,1.0,9.511759707633404
TEAM1051,PRJ645,2024-01-11,99.6165254532227,1.0,7.022175196812856
TEAM1052,PRJ236,2024-12-01,38.1,0.0,8.306421259211822
TEAM1053,PRJ764,2025-03-18,90.39654513987468,1.0,8.012393779047585
TEAM1054,PRJ861,2023-08-27,90.27189220944976,1.0,7.507604490268767
TEAM1055,PRJ619,2023-03-10,84.53244967362566,1.0,6.784267300957972
TEAM1056,PRJ922,2023-09-04,70.24278983194036,1.0,6.661296567821216
TEAM1057,PRJ378,2025-05-25,67.78312693675934,0.0,8.117507028811696
TEAM1058,PRJ431,2023-02-23,72.34317719472335,1.0,7.4459812558220495
TEAM1059,PRJ492,2024-05-27,69.486730261055,1.0,6.375824990177925
TEAM1060,PRJ137,2023-09-02,84.2041986463267,1.0,8.815972266279179
TEAM1061,PRJ497,2023-09-10,59.44461331245846,1.0,7.615530475628569
TEAM1062,PRJ546,2024-10-14,78.19112130136271,1.0,8.82703977890013
TEAM1063,PRJ074,2022-11-15,63.40113794342889,1.0,5.929981079360969
TEAM1064,PRJ475,2024-02-25,75.69448874599313,1.0,7.556197570797362
TEAM1065,PRJ306,2024-06-23,80.07148912242411,1.0,8.464575803855396
TEAM1066,PRJ188,2023-01-02,89.1927266543921,1.0,7.8803075057833105
TEAM1067,PRJ156,2022-09-10,93.8857556778815,1.0,9.986334709278692
TEAM1068,PRJ219,2025-03-28,78.74956550153752,0.0,6.280263644579844
TEAM1069,PRJ512,2023-09-26,73.27777267576401,0.0,7.965823596042525
TEAM1070,PRJ104,2024-05-15,68.97573231311735,0.0,6.99493944842065
TEAM1071,PRJ307,2024-12-26,67.02129814767197,0.0,8.058430786027074
TEAM1072,PRJ641,2024-04-23,91.2467256617133,1.0,7.417564879597694
TEAM1073,PRJ769,2024-01-07,70.95351661586929,1.0,6.300850592185944
TEAM1074,PRJ076,2025-11-06,93.45175495351678,1.0,10.0
TEAM1075,PRJ421,2024-10-28,89.83081379352159,1.0,9.21639448832495
TEAM1076,PRJ416,2024-02-20,57.254605359766096,0.0,6.330486333775029
TEAM1077,PRJ368,2024-08-25,78.26236420959683,0.0,7.642611797424808
TEAM1078,PRJ683,2025-02-19,77.78139064777103,0.0,6.306541526853222
TEAM1079,PRJ847,2025-06-21,89.22906066682344,0.0,9.725632555051002
TEAM1080,PRJ741,2025-08-17,77.09962133461445,0.0,6.263208559870864
TEAM1081,PRJ376,2023-06-15,84.25845429082942,1.0,4.8
TEAM1082,PRJ905,2024-05-25,71.71732507086871,1.0,5.761648095822924
TEAM1083,PRJ365,2022-09-18,84.99260173111294,1.0,6.904261887854582
TEAM1084,PRJ453,2024-05-24,66.75122436385227,1.0,7.26200522926756
TEAM1085,PRJ535,2024-08-25,70.65085145641311,0.0,5.115723299164257
TEAM1086,PRJ589,2024-12-31,82.38342135372831,0.0,7.678984812654732
TEAM1087,PRJ105,2023-11-12,66.73183650797935,1.0,7.426505982364453
TEAM1088,PRJ751,2024-08-02,74.71139214813478,1.0,7.2209570572917405
TEAM1089,PRJ198,2026-02-13,60.50487411746352,1.0,6.63042877649329
TEAM1090,PRJ645,2023-10-18,66.57112426199852,1.0,9.168950407688545
TEAM1091,PRJ660,2025-06-10,69.84431325849685,0.0,7.323172050953217
TEAM1092,PRJ278,2025-05-21,89.50075466584588,1.0,7.252750657615393
TEAM1093,PRJ300,2024-11-28,75.01173906220265,1.0,6.486114403971811
TEAM1094,PRJ478,2024-11-04,77.43718803878562,1.0,7.868976133183957
TEAM1095,PRJ069,2024-08-11,71.53085012945704,1.0,8.38830574842363
TEAM1096,PRJ1000,2023-10-15,86.65758583535654,1.0,7.744815013435149
TEAM1097,PRJ345,2024-06-18,72.56021033665161,1.0,6.2259705944589525
TEAM1098,PRJ368,2023-05-28,89.36906171967472,1.0,7.716870014221138
TEAM1099,PRJ301,2025-07-27,92.8960344128538,1.0,7.6414334342585075
TEAM1100,PRJ640,2024-05-19,94.13933547372426,1.0,10.0
TEAM1101,PRJ220,2023-08-11,93.89652256856644,1.0,6.125035701467679
TEAM1103,PRJ745,2024-09-22,71.30958927655387,1.0,6.487876129710216
TEAM1104,PRJ442,2025-07-31,90.38028402623289,1.0,6.497765506870723
TEAM1105,PRJ292,2024-07-28,87.8982745377692,1.0,9.929734034529972
TEAM1106,PRJ987,2024-10-23,92.6341282803448,1.0,7.614644734208425
TEAM1107,PRJ722,2024-10-09,98.20723823828314,1.0,6.619213909855579
TEAM1108,PRJ863,2024-08-17,83.17538941671842,1.0,8.253595842389013
TEAM1109,PRJ265,2024-02-27,68.81978378809676,1.0,6.50229732038654
TEAM1110,PRJ060,2025-08-10,75.33930691417413,1.0,7.421184068188108
TEAM1112,PRJ162,2025-06-02,93.34522192868486,1.0,6.974656224586574
TEAM1113,PRJ549,2024-09-06,73.4878497913817,1.0,6.395562173225019
TEAM1114,PRJ890,2024-05-02,89.23048698501654,1.0,9.99329028784876
TEAM1115,PRJ485,2023-06-22,61.92389255175813,1.0,6.749546567458874
TEAM1116,PRJ607,2023-10-22,68.3479225354028,1.0,8.719214047664478
TEAM1117,PRJ166,2024-04-09,98.45268585843672,1.0,6.697875546017176
TEAM1118,PRJ943,2023-04-18,89.30589358636617,0.0,5.88051032447543
TEAM1119,PRJ209,2025-02-27,70.5975097550069,1.0,6.498252643190924
TEAM1120,PRJ452,2024-12-26,99.8971157323563,1.0,6.92202570375192
TEAM1121,PRJ585,2023-10-27,72.3555962600638,0.0,7.802068650498644
TEAM1122,PRJ745,2024-06-09,67.75503805650523,0.0,8.169954108762953
TEAM1123,PRJ366,2023-08-06,76.80621201216094,1.0,9.289202467419772
TEAM1124,PRJ015,2024-01-17,77.35751032866408,1.0,9.477663764434755
TEAM1125,PRJ728,2024-08-06,100.0,1.0,8.837928040854475
TEAM1126,PRJ264,2024-11-25,60.35052629027171,1.0,5.503503888374655
TEAM1127,PRJ991,2025-03-07,81.55416285117168,1.0,8.209669510920834
TEAM1128,PRJ540,2024-05-16,88.91165415800785,0.0,5.832304098707339
TEAM1129,PRJ993,2024-03-08,59.98190572412137,0.0,9.707784234499208
TEAM1130,PRJ268,2025-03-12,71.15009961706917,1.0,8.351535187096616
TEAM1131,PRJ408,2025-07-04,98.1869879644381,1.0,6.707552341271529
TEAM1132,PRJ113,2024-05-02,95.90586671521264,1.0,7.099384362527723
TEAM1133,PRJ133,2024-06-10,64.65149667196272,0.0,6.657034639144859
TEAM1134,PRJ282,2024-11-06,76.84127154744951,1.0,7.921977501219231
TEAM1135,PRJ338,2024-04-24,76.84661369087581,1.0,10.0
TEAM1136,PRJ431,2024-12-06,100.0,1.0,6.767830423638972
TEAM1137,PRJ728,2025-05-22,80.82416569885987,1.0,7.708971426998845
TEAM1138,PRJ924,2025-12-14,81.1557393254098,1.0,8.570273238284013
TEAM1139,PRJ289,2024-03-26,65.53943017211442,1.0,8.049461885493514
TEAM1140,PRJ145,2025-06-29,88.62803874959629,1.0,7.879939728024538
TEAM1141,PRJ637,2024-10-19,97.65027645914375,1.0,6.645805660848271
TEAM1142,PRJ796,2025-05-30,78.1256886881053,0.0,6.339851070208617
TEAM1143,PRJ651,2024-11-25,78.71284740192623,1.0,7.8835687665699075
TEAM1144,PRJ711,2025-08-21,76.17327201187327,1.0,9.154919165931611
TEAM1145,PRJ254,2025-05-08,91.27926872641036,1.0,7.665529769488855
TEAM1146,PRJ586,2025-06-24,78.1333956519391,0.0,7.566559054723755
TEAM1147,PRJ802,2024-07-12,86.57334796168041,1.0,9.49210163588763
TEAM1148,PRJ103,2025-05-25,71.40967122310933,1.0,8.583175914462975
TEAM1149,PRJ445,2024-06-05,73.14815583782001,1.0,7.663936246570118
TEAM1150,PRJ135,2024-03-06,71.53048863105212,1.0,8.430276541039653
TEAM1151,PRJ483,2025-02-17,77.86217888480675,1.0,7.95330441423955
TEAM1152,PRJ921,2025-07-02,67.19807730533401,1.0,6.908591701129476
TEAM1153,PRJ777,2024-12-17,99.57771019431952,1.0,7.7433034121063296
TEAM1154,PRJ431,2023-09-22,70.2959458006167,1.0,10.0
TEAM1155,PRJ694,2024-11-06,58.273128142416056,1.0,7.961496193639725
TEAM1156,PRJ880,2024-07-27,92.54057094968952,1.0,7.504427103896797
TEAM1157,PRJ514,2024-08-06,94.6878694367212,1.0,4.8736477069160005
TEAM1158,PRJ498,2024-07-17,69.20992118921771,1.0,6.4993346487728445
TEAM1159,PRJ515,2024-09-20,70.36065351424708,1.0,7.0457069082205965
TEAM1160,PRJ737,2023-11-03,64.98592877396216,0.0,6.517146527413133
TEAM1161,PRJ570,2024-10-04,97.21755662244183,1.0,6.788769964355098
TEAM1162,PRJ477,2025-02-10,64.46110376164393,1.0,6.471569693835049
TEAM1163,PRJ136,2023-12-12,89.78675207248524,1.0,8.620426783495482
TEAM1164,PRJ059,2023-07-27,92.7768927351314,0.0,6.020771391347499
TEAM1165,PRJ604,2025-05-06,83.76836540770084,1.0,8.150584609455892
TEAM1166,PRJ236,2024-09-14,92.81341995717725,0.0,7.791429957713922
TEAM1167,PRJ416,2023-01-06,78.47145091732514,0.0,8.726326376936125
TEAM1168,PRJ089,2023-11-03,74.49658263639947,1.0,7.634009608218466
TEAM1169,PRJ608,2023-11-10,78.49482040016971,0.0,8.294561952401299
TEAM1170,PRJ037,2024-11-07,90.55506291229534,1.0,6.5068185684478745
TEAM1171,PRJ273,2023-11-28,85.29900537397606,1.0,6.614762086564469
TEAM1172,PRJ586,2023-09-27,67.52493376550152,1.0,9.294901173537998
TEAM1173,PRJ111,2024-12-24,82.79663877045935,1.0,8.158459203874258
TEAM1174,PRJ066,2024-07-14,74.97839990588527,1.0,7.520862979122411
TEAM1175,PRJ007,2023-06-05,76.56675139347696,1.0,9.294818091675555
TEAM1176,PRJ365,2024-04-17,90.60189653892344,0.0,6.70165266326396
TEAM1177,PRJ341,2023-09-03,93.91844685134998,0.0,6.020206862715957
TEAM1178,PRJ814,2025-09-04,66.23589838098212,0.0,8.420523686086664
TEAM1179,PRJ313,2025-02-05,87.852289204486,1.0,10.0
TEAM1180,PRJ131,2024-08-15,80.16133482514027,1.0,8.24810187544859
TEAM1181,PRJ356,2024-09-08,66.79191535151026,1.0,7.466935493240774
TEAM1182,PRJ743,2024-06-23,72.205840699367,1.0,5.37314301796715
TEAM1183,PRJ516,2024-04-03,79.29553981699054,1.0,8.317855393015874
TEAM1184,PRJ001,2024-03-17,77.43539318236333,1.0,7.967852354314146
TEAM1185,PRJ983,2023-12-21,70.66443413455669,1.0,8.277888020214506
TEAM1186,PRJ886,2024-01-12,66.76833487826259,1.0,9.28461548153571
TEAM1187,PRJ785,2024-03-31,93.05685864119027,0.0,6.032194089116854
TEAM1188,PRJ891,2024-04-30,68.1002921132223,1.0,8.738293962266892
TEAM1189,PRJ337,2025-01-26,75.19773057804389,1.0,7.493747863688163
TEAM1190,PRJ509,2024-12-21,59.6059357469193,0.0,9.753089528620375
TEAM1191,PRJ144,2024-01-01,96.3375422312578,1.0,4.8
TEAM1192,PRJ715,2024-07-30,74.74315349758767,1.0,7.483648677612888
TEAM1193,PRJ089,2023-05-20,70.9619835644069,0.0,5.057171421777276
TEAM1194,PRJ923,2024-10-23,93.29194138642067,1.0,10.0
TEAM1195,PRJ213,2024-09-04,98.5672227864951,1.0,7.69322667135681
TEAM1196,PRJ922,2023-05-11,82.46048207584721,1.0,7.575701268225613
TEAM1197,PRJ628,2025-07-02,82.24605457536768,1.0,8.20976082937759
TEAM1198,PRJ970,2024-07-25,77.2170319033574,0.0,7.5046171951565235
TEAM1199,PRJ853,2023-02-27,95.48566304490576,1.0,10.0
TEAM1200,PRJ398,2024-08-16,77.16927653971838,0.0,7.415541904974647
TEAM1201,PRJ959,2024-05-09,72.57204500700348,0.0,8.559416935931194
TEAM1202,PRJ139,2023-11-01,91.878698304446,1.0,6.511047517690147
TEAM1203,PRJ697,2024-08-27,75.06776612789494,1.0,5.021406945232622
TEAM1204,PRJ040,2023-10-03,85.61520803409138,1.0,6.872567051810673
TEAM1205,PRJ368,2024-02-27,92.68367894180162,1.0,6.370549486172997
TEAM1206,PRJ778,2023-07-26,84.87991764694512,1.0,8.807649096622603
TEAM1207,PRJ819,2024-07-01,71.7622949038647,1.0,8.431725503091032
TEAM1208,PRJ933,2023-07-17,73.20872456981323,1.0,7.60762157467822
TEAM1209,PRJ482,2024-03-31,81.31130445356833,0.0,4.93793438639695
TEAM1210,PRJ930,2025-01-03,91.40019452562446,1.0,8.797164162536923
TEAM1211,PRJ470,2024-07-09,90.26704089388272,1.0,7.555421105346285
TEAM1212,PRJ485,2024-10-18,81.33618268414845,1.0,8.406941622467063
TEAM1213,PRJ316,2023-12-23,87.92894745258751,1.0,7.76304828795886
TEAM1214,PRJ833,2025-11-18,67.9457232501694,0.0,8.084662603772285
TEAM1215,PRJ116,2024-03-19,94.65292020848112,0.0,9.91414214814019
TEAM1216,PRJ410,2023-07-31,56.6902050832246,0.0,6.342190766579522
TEAM1217,PRJ440,2025-02-13,66.83234250438841,1.0,8.338474234863838
TEAM1218,PRJ342,2024-08-18,90.5184789315958,1.0,7.997553132079523
TEAM1219,PRJ961,2024-06-05,82.17809034090837,0.0,7.495986560040756
TEAM1220,PRJ524,2025-08-17,73.9588483701542,1.0,6.528661917651095
TEAM1221,PRJ964,2025-01-24,93.0301059539632,1.0,7.048010636629372
TEAM1222,PRJ408,2024-07-28,55.55555745022672,1.0,6.752648752063296
TEAM1223,PRJ186,2024-10-19,88.80214034615058,1.0,7.995190258881889
TEAM1224,PRJ648,2024-05-03,83.25507058158115,1.0,8.158372703275939
TEAM1225,PRJ379,2023-04-25,88.22215344518628,1.0,6.650750223052221
TEAM1226,PRJ603,2023-06-25,76.82784217763367,1.0,9.961965866533747
TEAM1227,PRJ685,2023-10-06,70.32020960598686,0.0,5.104898305547739
TEAM1228,PRJ315,2025-01-25,85.26454027452209,1.0,9.007568456892832
TEAM1229,PRJ828,2024-08-14,60.194749541813465,1.0,5.471724384091706
TEAM1230,PRJ416,2023-12-14,64.79713930398341,0.0,6.537855467839136
TEAM1231,PRJ164,2024-02-17,69.38453354403889,1.0,6.5007513978611895
TEAM1232,PRJ403,2023-05-06,62.68980591394023,1.0,9.122184419176762
TEAM1233,PRJ494,2024-10-08,98.02039412185611,0.0,5.683572219438629
TEAM1234,PRJ815,2024-08-03,85.50343816382357,1.0,7.755630763978078
TEAM1235,PRJ665,2024-01-10,88.18154370268054,0.0,5.982291806684345
TEAM1236,PRJ654,2024-07-10,91.48134867217,0.0,7.739917912375717
TEAM1237,PRJ994,2024-06-14,84.49454344135013,1.0,6.526442458350128
TEAM1238,PRJ824,2025-03-18,88.08426028382975,0.0,9.718527785377288
TEAM1239,PRJ598,2024-09-23,71.8298998220759,1.0,8.359895262370646
TEAM1240,PRJ950,2025-01-05,56.0173782769776,1.0,9.311274386409275
TEAM1241,PRJ648,2023-10-10,78.02894734210737,0.0,7.911958915064918
TEAM1242,PRJ181,2023-10-17,82.16890251570427,0.0,7.577437818508701
TEAM1243,PRJ642,2024-03-23,99.46234511213058,1.0,6.8785385063036415
TEAM1244,PRJ513,2023-04-19,96.23635820723663,0.0,8.89571922908061
TEAM1245,PRJ817,2024-12-04,72.41211621771865,1.0,9.991328033257382
TEAM1246,PRJ714,2024-04-11,60.99151814841261,1.0,5.472092065024088
TEAM1247,PRJ899,2025-03-11,73.12663038448231,0.0,8.70439141253189
TEAM1248,PRJ862,2023-02-09,47.3782938558996,0.0,8.943022015729682
TEAM1249,PRJ993,2023-03-30,71.68803709634314,1.0,5.751253832450256
TEAM1250,PRJ345,2024-12-21,73.1419358713275,1.0,6.167665876867473
TEAM1251,PRJ417,2024-11-05,71.84387556301797,1.0,8.145356785027317
TEAM1252,PRJ604,2023-12-14,100.0,1.0,8.757901626452163
TEAM1253,PRJ034,2024-03-29,89.30902527609466,1.0,7.217995546343649
TEAM1254,PRJ212,2023-05-17,69.99707538471742,1.0,6.632870508194043
TEAM1255,PRJ142,2024-04-10,66.45347277839123,1.0,9.362668492434894
TEAM1256,PRJ090,2024-09-05,62.08166016300922,1.0,6.909564219843365
TEAM1257,PRJ139,2025-03-29,60.30255362480696,1.0,6.742289196368488
TEAM1258,PRJ626,2025-01-01,88.5831512768538,1.0,7.984824093190123
TEAM1259,PRJ881,2023-03-01,65.16292217644896,1.0,5.961088424611092
TEAM1260,PRJ968,2023-08-08,89.08077882986322,1.0,10.0
TEAM1261,PRJ251,2025-10-08,68.30775048299151,0.0,7.411499023656042
TEAM1262,PRJ994,2023-08-31,70.0091812239851,0.0,7.027000263241817
TEAM1263,PRJ780,2023-12-23,77.68681283437294,0.0,8.021345468205398
TEAM1264,PRJ701,2024-08-25,71.9375955847028,1.0,6.679350556429543
TEAM1265,PRJ127,2024-10-10,92.67905248140654,1.0,7.023476043790207
TEAM1266,PRJ842,2023-12-27,80.53225384446134,0.0,7.910546955070576
TEAM1267,PRJ864,2024-12-01,64.88296138334348,0.0,8.364730560823787
TEAM1268,PRJ219,2024-10-18,88.88612515359976,1.0,7.209234076147678
TEAM1269,PRJ602,2024-05-23,92.8933228113476,1.0,9.999669386732846
TEAM1270,PRJ009,2024-10-03,79.58869634340773,0.0,6.568381861623518
TEAM1271,PRJ059,2024-07-13,67.5018763831804,0.0,8.057528658671528
TEAM1272,PRJ976,2024-04-21,71.37989155366286,1.0,5.513896063415849
TEAM1273,PRJ512,2024-06-16,90.53126885887842,1.0,9.13626976658452
TEAM1274,PRJ868,2025-04-23,77.08474840673261,1.0,7.988489555923136
TEAM1275,PRJ563,2024-01-29,85.16111049883006,1.0,8.670648351369694
TEAM1276,PRJ527,2023-11-03,68.36694569174827,1.0,6.506321528003875
TEAM1277,PRJ117,2024-01-11,61.15436759204774,1.0,7.657095716829821
TEAM1278,PRJ037,2024-11-28,72.16075638241914,1.0,8.393528231004403
TEAM1280,PRJ355,2023-03-30,88.52743065469598,1.0,7.90013006873444
TEAM1281,PRJ117,2024-04-06,85.7168716497715,1.0,7.856127294225571
TEAM1282,PRJ221,2023-08-22,88.15852750728773,1.0,7.730624270068878
TEAM1283,PRJ500,2025-05-20,69.8364752699903,1.0,7.092533205423838
TEAM1284,PRJ953,2023-11-14,67.50556233754781,1.0,7.261662544336583
TEAM1285,PRJ541,2023-06-14,72.96975099768663,1.0,5.475519428551162
TEAM1286,PRJ885,2023-08-05,77.07169185133348,0.0,7.913777245765095
TEAM1287,PRJ658,2025-02-04,82.45197950645158,1.0,8.214194991503499
TEAM1288,PRJ907,2024-08-12,88.96368075275556,0.0,9.629122522333429
TEAM1289,PRJ613,2023-11-19,95.64493597037948,1.0,7.18551543266899
TEAM1290,PRJ254,2025-03-11,76.75120947817304,1.0,7.782241712475636
TEAM1291,PRJ024,2024-03-31,76.27481901932357,1.0,9.7761558369966
TEAM1292,PRJ633,2024-05-30,65.45678281642856,0.0,8.922794673266196
TEAM1293,PRJ234,2024-05-09,84.77928765317752,1.0,8.726183587112244
TEAM1294,PRJ624,2025-06-24,80.61889777052693,1.0,8.47767580677253
TEAM1295,PRJ955,2023-01-22,75.75604792748958,1.0,9.975180761032464
TEAM1296,PRJ679,2024-07-03,55.14367492328856,1.0,9.368293111683323
TEAM1297,PRJ334,2025-04-25,89.23601409011377,0.0,6.484720455316825
TEAM1298,PRJ492,2024-08-03,85.23453834089564,1.0,7.769808793688522
TEAM1299,PRJ578,2023-05-26,100.0,1.0,8.811762069954382
TEAM1300,PRJ196,2024-10-19,92.07957425379246,1.0,8.64854319769189
TEAM1302,PRJ260,2024-04-20,77.80763427253527,0.0,6.3339041681940085
TEAM1303,PRJ515,2023-04-07,48.262290039544176,0.0,8.90511354917137
TEAM1304,PRJ351,2024-06-11,87.87655273131135,0.0,5.93741955982886
TEAM1305,PRJ808,2025-02-17,67.12607085925787,1.0,7.2716641984177395
TEAM1306,PRJ521,2023-06-12,67.81489082048273,1.0,8.627590889308614
TEAM1307,PRJ074,2024-04-26,77.71394950278147,0.0,8.709419020025795
TEAM1308,PRJ903,2025-09-19,82.07477384286375,1.0,8.264834874660696
TEAM1309,PRJ212,2023-11-24,79.79361705048147,1.0,7.75747360517934
TEAM1310,PRJ588,2022-12-29,78.29846349224216,0.0,8.060844452461566
TEAM1311,PRJ190,2024-08-25,72.32502953954076,1.0,6.672551645262703
TEAM1312,PRJ318,2024-02-25,71.31095744090511,1.0,10.0
TEAM1313,PRJ745,2023-10-21,92.89598555296412,1.0,6.103921396922669
TEAM1314,PRJ123,2023-11-03,78.8340319508104,1.0,8.765746009563689
TEAM1315,PRJ573,2024-06-29,76.93048936588644,1.0,7.925228846830506
TEAM1316,PRJ575,2024-09-19,100.0,1.0,8.874653726345063
TEAM1317,PRJ271,2023-04-25,96.2970146050423,1.0,9.96095952119626
TEAM1318,PRJ376,2024-12-08,88.71707600373439,1.0,10.0
TEAM1319,PRJ189,2025-05-20,83.07206131177655,1.0,8.189376955109624
TEAM1320,PRJ714,2024-08-12,90.35151354088975,1.0,7.369858345069685
TEAM1321,PRJ946,2024-07-16,71.49797399216314,1.0,6.586808414570694
TEAM1322,PRJ982,2024-07-18,71.50585387536782,1.0,8.508076798207512
TEAM1323,PRJ828,2023-06-28,75.42629945136517,1.0,8.203198510771065
TEAM1324,PRJ755,2024-03-30,82.72858567448998,0.0,7.184122031063239
TEAM1325,PRJ368,2025-03-12,93.24836152245234,0.0,6.099148381889274
TEAM1327,PRJ859,2023-03-14,75.19916101149518,1.0,9.985159353648609
TEAM1328,PRJ544,2024-10-05,65.51561243151639,1.0,8.093047921112209
TEAM1329,PRJ861,2024-04-09,88.01526153974724,0.0,5.9530819872224505
TEAM1330,PRJ398,2023-08-23,69.0171878885532,0.0,6.418566631872136
TEAM1331,PRJ564,2024-11-18,72.18040081486939,1.0,6.628888383282937
TEAM1332,PRJ530,2024-05-31,76.35982686530583,1.0,7.475494286069872
TEAM1333,PRJ142,2024-09-10,84.38465016351894,1.0,9.03952874566279
TEAM1334,PRJ295,2025-04-11,54.88592616197067,1.0,9.435558856588203
TEAM1335,PRJ064,2023-02-14,59.539144516601766,1.0,7.612645852181446
TEAM1336,PRJ907,2023-05-26,89.92589608547787,1.0,7.462758116520545
TEAM1337,PRJ921,2024-02-15,73.83768395179553,1.0,7.629095139480859
TEAM1338,PRJ781,2024-07-12,77.86075194929357,0.0,8.315558072642629
TEAM1339,PRJ985,2023-11-21,80.64508940427476,1.0,6.261982126491302
TEAM1340,PRJ189,2024-11-13,63.97627239573279,0.0,8.324962029155193
TEAM1341,PRJ555,2024-02-27,60.23667695708245,1.0,7.656978276412936
TEAM1342,PRJ674,2024-07-24,89.36559706100515,1.0,7.910208877731243
TEAM1343,PRJ048,2023-07-10,77.20822226340812,1.0,9.330711416511592
TEAM1344,PRJ670,2024-07-17,64.02938770416932,1.0,9.011478140759705
TEAM1345,PRJ951,2023-07-22,69.43485530961064,1.0,8.45384853623594
TEAM1346,PRJ561,2023-02-27,62.086722221990215,1.0,6.735103360703203
TEAM1347,PRJ088,2024-10-18,77.51582881860058,0.0,7.544988158480787
TEAM1348,PRJ958,2025-01-06,75.33661386570597,1.0,6.348417189170513
TEAM1349,PRJ771,2024-09-14,69.63869284483532,1.0,6.565642257120603
TEAM1350,PRJ440,2024-09-10,67.66696682849381,1.0,7.519669171485309
TEAM1351,PRJ326,2025-06-24,85.40849497701922,1.0,9.034454753152897
TEAM1352,PRJ723,2023-02-21,72.63056166041488,1.0,7.542948200068439
TEAM1353,PRJ833,2024-09-05,70.13692120241922,1.0,7.626851209206128
TEAM1354,PRJ474,2025-06-01,72.01536033070298,1.0,10.0
TEAM1355,PRJ359,2025-02-03,93.68097040820658,0.0,7.812743810987223
TEAM1356,PRJ856,2023-06-02,99.4397156073547,1.0,8.72384891399916
TEAM1357,PRJ425,2024-05-30,62.97825771876783,1.0,9.121957294546553
TEAM1358,PRJ329,2025-03-13,81.42170055543066,1.0,8.201105332717772
TEAM1359,PRJ330,2023-12-31,68.49902731996745,0.0,9.160645956180366
TEAM1360,PRJ660,2023-07-19,77.72207489738183,0.0,7.898707128712215
TEAM1361,PRJ472,2024-05-29,78.47437705111197,0.0,8.800364291250501
TEAM1362,PRJ195,2023-08-17,82.28582326435235,0.0,7.746103911417271
TEAM1363,PRJ812,2024-07-02,80.03100860352724,1.0,8.247616191276258
TEAM1364,PRJ351,2024-10-04,67.20600706579106,1.0,7.237899586475634
TEAM1365,PRJ688,2025-05-22,100.0,1.0,6.984114562061918
TEAM1366,PRJ355,2024-02-08,70.60204502396667,0.0,5.082030268511879
TEAM1367,PRJ790,2024-12-17,88.2359613039043,0.0,9.551716579816553
TEAM1368,PRJ846,2023-05-22,89.69059798160785,0.0,6.615492493788875
TEAM1369,PRJ676,2024-08-22,78.78102643964314,0.0,7.635784875289112
TEAM1370,PRJ690,2023-07-18,80.1434678072787,1.0,6.312661287173436
TEAM1371,PRJ461,2025-03-19,82.16629027602573,1.0,8.246896028782858
TEAM1372,PRJ897,2022-12-19,69.89815376442688,1.0,8.365269811071986
TEAM1373,PRJ616,2025-01-23,83.60430581676468,1.0,8.101991377983593
TEAM1374,PRJ784,2025-02-11,72.7249757218261,1.0,8.247127715923593
TEAM1375,PRJ780,2024-05-19,84.48248284596609,0.0,8.109746517870072
TEAM1376,PRJ914,2024-07-10,79.36101989512701,0.0,7.589450869274725
TEAM1377,PRJ488,2025-06-19,57.86532753909384,1.0,7.886688196957317
TEAM1378,PRJ313,2025-02-06,74.64363736244755,1.0,7.513700040491617
TEAM1379,PRJ568,2024-06-21,86.91912215722256,1.0,9.478884148771115
TEAM1380,PRJ746,2024-07-21,68.2405198631432,1.0,7.279578871687835
TEAM1381,PRJ194,2025-08-24,93.55961585707844,1.0,10.0
TEAM1382,PRJ912,2025-02-09,71.16502077923613,1.0,8.523117068369169
TEAM1383,PRJ057,2024-10-05,72.956293902117,1.0,8.52837405707955
TEAM1384,PRJ506,2023-06-12,80.13247084623748,1.0,6.240449872493304
TEAM1385,PRJ499,2025-10-27,100.0,1.0,7.729364960642301
TEAM1386,PRJ036,2023-06-05,77.7344909699798,0.0,8.28815504863424
TEAM1387,PRJ082,2024-01-09,92.17163113470956,0.0,7.784330806704589
TEAM1388,PRJ077,2024-11-21,100.0,1.0,6.723516929713992
TEAM1389,PRJ460,2024-01-15,66.19297352453451,1.0,7.246958930422063
TEAM1390,PRJ990,2025-05-16,66.23471888771536,0.0,8.392510610490941
TEAM1391,PRJ862,2024-02-22,86.62776036208768,1.0,6.466641123180333
TEAM1392,PRJ529,2023-07-27,82.87806997479169,1.0,7.413307715117287
TEAM1393,PRJ934,2024-03-19,69.63125687470759,0.0,5.05399253758014
TEAM1394,PRJ164,2023-09-07,84.01514655618895,1.0,6.761354966523391
TEAM1395,PRJ558,2025-08-04,72.6027583862553,1.0,9.991941589897383
TEAM1396,PRJ312,2024-03-14,82.78804719372943,0.0,7.642190727169721
TEAM1397,PRJ309,2024-05-16,88.68231383878307,0.0,6.3925417458999965
TEAM1398,PRJ558,2025-09-19,75.2864764621233,1.0,7.477063851209903
TEAM1399,PRJ880,2024-03-19,77.80353446907971,1.0,7.979194387606262
TEAM1400,PRJ818,2024-12-31,99.6016998617339,1.0,7.784101188831851
TEAM1401,PRJ130,2024-07-10,60.39131374329585,0.0,9.700289283998403
TEAM1402,PRJ434,2024-09-27,58.022940847657935,0.0,6.343955810423529
TEAM1403,PRJ569,2023-10-19,82.37599084901616,0.0,7.53451976181509
TEAM1405,PRJ695,2024-12-14,84.82694134054404,1.0,6.759044613629758
TEAM1406,PRJ001,2024-03-05,67.49074366474666,1.0,7.272706513803351
TEAM1407,PRJ217,2024-04-26,97.11316492466636,1.0,6.600424716402936
TEAM1408,PRJ686,2025-01-22,93.47708861791008,1.0,10.0
TEAM1409,PRJ084,2024-08-03,60.11432361409479,0.0,9.591788208236377
TEAM1410,PRJ467,2023-08-05,89.34548353196655,1.0,7.8572912848569345
TEAM1411,PRJ941,2024-02-23,72.6124806567184,1.0,8.502883160486082
TEAM1412,PRJ683,2024-11-02,74.82389323074945,1.0,6.35289454594664
TEAM1413,PRJ669,2025-08-23,58.07614762995559,0.0,8.077142046048454
TEAM1414,PRJ545,2025-03-08,87.21625146580354,0.0,9.681436568393304
TEAM1415,PRJ767,2025-05-08,84.9685910767635,1.0,9.004759201164163
TEAM1416,PRJ432,2024-03-24,68.04272603090786,1.0,7.538821962961619
TEAM1417,PRJ621,2025-12-06,80.36655269893902,1.0,8.46551450854184
TEAM1418,PRJ944,2023-09-03,89.26872672804893,0.0,6.693926891200295
TEAM1419,PRJ138,2025-01-29,97.433118034257,1.0,6.607906639952557
TEAM1420,PRJ384,2024-12-07,72.10326925705766,1.0,5.631892223085236
TEAM1421,PRJ721,2023-10-24,62.567179317125984,1.0,6.841584939305788
TEAM1422,PRJ354,2025-03-31,90.079769798438,1.0,6.554694355409336
TEAM1423,PRJ614,2023-04-12,96.71274675340244,1.0,10.0
TEAM1424,PRJ192,2025-11-29,90.9495540588797,1.0,9.206975812502884
TEAM1425,PRJ059,2023-12-18,88.28607007063374,1.0,10.0
TEAM1426,PRJ417,2024-06-17,86.70019091637211,1.0,6.540789261611216
TEAM1427,PRJ314,2023-06-22,69.77470813263317,0.0,5.145129459317742
TEAM1428,PRJ594,2025-08-12,89.85946004688459,0.0,8.293150976574799
TEAM1429,PRJ438,2024-02-29,89.35495225089126,1.0,7.976604907683274
TEAM1430,PRJ158,2024-09-14,89.57422861397123,1.0,7.832141967429091
TEAM1431,PRJ327,2024-04-06,71.77589693763484,1.0,5.493417306819994
TEAM1432,PRJ181,2023-05-14,91.55167904954676,1.0,7.426049577541367
TEAM1433,PRJ226,2025-08-03,98.88356777789224,0.0,5.724000429088913
TEAM1434,PRJ861,2025-09-03,55.97557535884943,1.0,6.642992571091139
TEAM1435,PRJ431,2024-05-03,67.84652304517627,1.0,8.32227243790187
TEAM1436,PRJ893,2024-09-10,89.47088525414605,1.0,7.096707975864343
TEAM1438,PRJ182,2025-02-19,85.65525647611717,1.0,9.48199755530244
TEAM1439,PRJ258,2024-08-31,72.29928297691487,1.0,7.496435814888761
TEAM1440,PRJ982,2024-11-05,71.58409040690294,1.0,8.484304840724366
TEAM1441,PRJ201,2024-01-31,64.97769557282618,0.0,8.45749894442467
TEAM1442,PRJ965,2024-09-22,88.03071041814187,1.0,6.435523131317195
TEAM1443,PRJ906,2024-09-30,85.16046972605363,0.0,8.161352242075552
TEAM1444,PRJ040,2024-05-04,70.42691889289024,0.0,5.051917321085905
TEAM1445,PRJ203,2023-08-26,84.478477338527,1.0,6.829229875622069
TEAM1446,PRJ122,2024-09-08,68.86555697924943,0.0,6.298306796007151
TEAM1447,PRJ302,2024-07-02,88.50598504380623,0.0,6.418437057432495
TEAM1448,PRJ006,2023-10-07,84.25224208877846,1.0,6.74906714316738
TEAM1449,PRJ353,2022-11-19,84.1117820029532,1.0,7.412728809945821
TEAM1450,PRJ974,2024-01-13,94.13143034514964,1.0,6.066105192743147
TEAM1451,PRJ792,2024-04-13,77.78988563028551,0.0,8.056413577559804
TEAM1452,PRJ636,2024-02-19,87.77164581014443,1.0,7.899983300059331
TEAM1453,PRJ066,2024-03-06,80.81603422358555,1.0,7.653364385323254
TEAM1454,PRJ195,2025-04-15,79.34563748400096,1.0,8.313581797590095
TEAM1455,PRJ119,2025-03-24,86.00103034675958,1.0,9.415409429048438
TEAM1456,PRJ943,2024-04-21,69.81027716151789,1.0,8.363802993966198
TEAM1457,PRJ915,2025-03-20,74.90677300598256,1.0,6.50472067281631
TEAM1458,PRJ018,2023-07-22,71.4923501448238,1.0,6.748354300677812
TEAM1459,PRJ926,2025-10-23,97.6107824063058,0.0,5.694229494478575
TEAM1460,PRJ975,2023-12-01,85.69014600459867,1.0,7.739412007355062
TEAM1461,PRJ960,2023-12-17,89.27291881074764,0.0,5.938784601635139
TEAM1462,PRJ395,2025-06-01,89.82498565058894,1.0,8.087438426172694
TEAM1463,PRJ263,2024-05-21,69.17406301080527,1.0,8.433559937559338
TEAM1464,PRJ428,2023-10-20,86.04413424073658,1.0,6.776810523778111
TEAM1465,PRJ075,2024-10-02,73.20944255931397,0.0,7.915888413709765
TEAM1466,PRJ070,2023-11-07,67.82366412000044,1.0,7.570600169640595
TEAM1467,PRJ684,2023-11-23,67.31228497001571,1.0,7.308290007892003
TEAM1468,PRJ370,2024-07-08,70.25360720948834,1.0,6.431950306288342
TEAM1469,PRJ921,2024-11-22,72.49259105732968,1.0,9.978202471065702
TEAM1470,PRJ503,2024-09-29,81.84890979864386,0.0,7.609053239566803
TEAM1471,PRJ747,2023-05-10,85.14265658536202,1.0,4.8
TEAM1472,PRJ914,2023-07-12,95.93919194710988,0.0,6.437878859346666
TEAM1473,PRJ238,2022-12-02,76.85880349477361,1.0,10.0
TEAM1474,PRJ559,2024-06-17,64.6854998159423,0.0,6.505666968984894
TEAM1475,PRJ522,2024-11-21,85.10504631463637,1.0,7.89059582345165
TEAM1476,PRJ031,2023-09-30,68.4227168188314,0.0,9.20772312687607
TEAM1477,PRJ971,2024-11-25,71.71156083598687,1.0,8.560089900566094
TEAM1478,PRJ438,2023-06-17,90.4089472110582,0.0,6.774749104917683
TEAM1479,PRJ810,2023-10-20,69.79376431934683,1.0,6.525795312431027
TEAM1480,PRJ687,2025-05-23,78.43821874722924,1.0,8.315285758014511
TEAM1481,PRJ401,2023-10-31,76.43087198700908,1.0,9.71767950349287
TEAM1482,PRJ622,2023-11-23,84.30060822165119,1.0,7.7339906588871425
TEAM1483,PRJ940,2023-10-31,77.41657014374333,0.0,8.112071810908953
TEAM1484,PRJ681,2023-12-03,85.54873307916687,1.0,7.917431047495283
TEAM1485,PRJ869,2024-08-20,77.0659016416721,1.0,9.475751180683863
TEAM1486,PRJ496,2023-11-16,65.30824890444579,0.0,8.960474088290484
TEAM1487,PRJ161,2025-05-17,88.99227459142386,0.0,8.276682481503201
TEAM1488,PRJ725,2024-11-30,92.64925830993326,1.0,6.538855060116151
TEAM1489,PRJ575,2024-04-13,74.42220249978536,1.0,8.290573525247376
TEAM1490,PRJ090,2022-09-29,66.3150014288388,1.0,9.179854542158536
TEAM1491,PRJ427,2022-12-01,70.36984503238978,1.0,8.147420596484478
TEAM1492,PRJ884,2024-08-03,84.74849692273716,1.0,8.949093065095271
TEAM1493,PRJ031,2025-05-26,85.92755605415304,1.0,8.992848391963062
TEAM1494,PRJ720,2024-09-22,86.34611961451535,0.0,7.247907919693353
TEAM1495,PRJ125,2025-06-19,86.12826086346375,0.0,8.21256121170894
TEAM1496,PRJ090,2024-08-28,90.46131580237156,1.0,9.267452078983531
TEAM1497,PRJ721,2024-02-16,69.23326677803297,0.0,9.088882092890268
TEAM1498,PRJ799,2024-05-08,68.83388702304735,0.0,6.241386154343203
TEAM1499,PRJ840,2023-01-28,71.90991743953933,1.0,5.66118212032277
TEAM1500,PRJ395,2024-08-25,77.6851608849527,0.0,7.511100040213265
