project_id,success_probability,delay_risk_score_proj,budget_overrun_risk,quality_risk_score,scope_creep_indicator,allocated_resources,consumed_resources,roi_estimate,budget,next_milestone_risk,stakeholder_satisfaction_proj,days_ahead_behind,completed_milestones
PRJ001,78.0,10.1,81.8,39.4,33.6,3911,4237,211.5,161007.09,,7.0,3,12
PRJ002,37.7,33.8,5.0,48.2,15.0,1523,481,140.3,724308.82,34.1,,-19,4
PRJ003,57.8,11.2,23.0,68.5,31.4,1932,1057,364.6,1436886.79,5.0,,20,3
PRJ004,98.0,5.0,5.0,5.0,16.5,2295,808,142.2,59797.14,5.0,,-2,6
PRJ005,88.0,9.7,58.0,14.4,5.1,2051,2255,296.4,39851.11,,6.6,6,8
PRJ006,37.3,34.5,23.1,54.7,36.6,3182,1199,280.5,1814842.41,26.7,,0,4
PRJ007,95.5,33.4,14.7,40.2,29.1,1976,46,74.5,226250.16,37.7,,0,0
PRJ008,42.8,5.0,5.0,53.5,14.6,653,309,171.2,1250139.28,5.0,,-2,0
PRJ009,95.5,7.5,5.0,5.0,1.8,3615,1400,202.8,46929.41,5.0,,2,7
PRJ010,76.1,14.5,5.0,59.4,22.7,595,99,297.8,1580126.02,5.0,,0,7
PRJ011,98.0,5.0,46.6,39.5,0.0,1759,1576,62.1,252286.93,,8.5,5,11
PRJ012,54.1,17.3,13.8,60.0,37.8,3361,176,158.8,587099.15,9.0,,0,0
PRJ013,65.7,5.3,63.9,51.5,23.3,1788,1633,329.7,488258.03,,6.1,8,7
PRJ014,96.3,39.4,5.0,13.3,34.7,1972,494,323.1,47216.7,45.6,,0,3
PRJ015,90.5,5.0,12.1,24.5,14.8,2812,583,277.9,138182.87,15.4,,0,3
PRJ016,40.0,60.6,6.0,69.5,31.7,1328,489,208.3,1720946.31,60.2,,-20,8
PRJ017,90.9,5.0,5.0,18.4,0.4,3780,2065,302.3,65869.91,5.5,,4,5
PRJ018,77.3,45.0,5.0,33.4,18.3,554,179,324.7,262304.23,44.7,,0,3
PRJ019,92.4,6.8,52.2,29.7,24.5,3137,3047,278.4,143487.88,,8.1,1,8
PRJ020,81.4,8.2,56.0,26.6,14.9,2436,2412,355.4,340475.43,,8.8,4,12
PRJ021,89.2,55.1,24.5,12.8,41.1,3752,1434,363.3,79049.33,57.3,,0,1
PRJ022,98.0,36.5,5.0,20.0,7.4,3747,1367,88.6,57648.38,42.1,,16,2
PRJ023,74.0,38.8,5.0,41.0,16.0,2156,740,197.3,440783.74,38.1,,-20,6
PRJ024,71.8,39.6,28.8,10.7,18.5,1902,1131,311.2,253385.7,32.6,,-8,0
PRJ025,78.0,42.3,21.7,26.3,20.1,1497,677,338.8,127960.35,46.2,,-9,4
PRJ026,96.0,7.1,23.6,26.5,2.6,1120,634,197.3,152493.35,5.0,,15,3
PRJ027,84.5,5.0,5.0,51.4,22.3,970,153,292.5,146818.07,5.0,,0,1
PRJ028,51.6,25.5,68.5,54.9,35.2,3830,4023,40.7,986360.49,,9.8,-1,6
PRJ029,59.7,5.0,41.8,70.0,32.8,1680,1709,364.6,1819058.31,,7.1,-3,3
PRJ030,98.0,15.0,5.0,20.8,14.0,3013,134,287.2,36094.81,24.8,,0,0
PRJ031,52.8,5.0,47.1,43.7,3.6,2049,1846,223.7,590200.61,,5.9,3,11
PRJ032,86.2,5.0,5.0,9.9,0.0,3853,1214,78.6,50934.1,5.0,,0,1
PRJ033,45.5,5.0,66.7,30.4,21.5,2808,2952,58.1,546361.29,,7.0,-1,11
PRJ034,66.2,95.0,5.0,20.0,38.3,3799,121,179.8,45716.62,95.0,,0,0
PRJ035,91.4,14.1,5.0,10.1,20.1,2520,701,169.1,187884.4,5.0,,0,4
PRJ036,49.1,16.5,68.8,69.6,29.6,3459,3595,68.6,1706063.91,,6.8,-2,9
PRJ037,75.0,11.1,17.7,20.7,28.6,3167,982,99.7,251507.71,5.0,,18,2
PRJ038,79.0,39.1,5.0,42.3,5.9,2576,883,74.5,245712.24,10.0,,-18,2
PRJ039,55.1,73.8,7.8,46.1,25.1,1107,46,44.0,351782.3,89.8,,0,0
PRJ040,70.3,5.0,49.2,66.2,27.4,1801,1665,376.4,1096283.04,,8.0,8,12
PRJ041,70.4,5.0,66.5,18.6,14.7,477,509,260.8,201024.93,,8.2,4,6
PRJ042,52.7,25.3,5.0,53.4,18.5,2383,64,149.6,474125.47,22.4,,0,0
PRJ043,16.8,23.9,31.1,64.6,27.1,1687,1119,186.4,1964148.07,25.9,,-3,2
PRJ044,89.7,24.5,12.1,35.5,19.0,2913,1742,293.3,283154.29,23.7,,10,6
PRJ045,89.3,5.0,12.4,26.4,2.4,3348,1567,141.5,235583.15,9.9,,0,7
PRJ046,93.6,77.8,7.9,22.1,25.0,3973,284,213.5,199811.15,78.1,,0,0
PRJ047,92.4,48.4,5.0,66.7,37.0,2027,489,172.9,422104.93,51.2,,0,3
PRJ048,68.5,39.7,5.0,46.9,34.3,3182,200,178.8,488768.03,37.1,,0,0
PRJ049,88.7,13.5,53.4,5.0,11.0,3967,3683,54.3,65445.47,,7.5,-2,7
PRJ050,79.8,6.8,58.4,41.4,15.0,1630,1574,52.5,425352.93,,5.8,6,6
PRJ051,76.6,51.1,19.4,36.2,34.0,433,230,334.8,191118.99,65.2,,-1,0
PRJ052,87.9,5.0,5.0,31.7,10.9,1473,846,239.1,503891.51,8.1,,20,2
PRJ053,80.2,5.1,5.0,56.8,23.3,1457,212,379.0,339017.06,9.0,,0,0
PRJ054,75.7,5.9,58.8,37.0,11.6,3794,3761,88.0,427063.53,,4.6,-4,9
PRJ055,75.2,34.8,12.3,38.6,37.8,986,326,50.3,197352.8,43.3,,4,6
PRJ056,78.2,5.0,48.1,49.2,20.5,2240,2201,125.4,308793.74,,7.8,5,7
PRJ057,97.1,5.0,42.8,25.1,11.0,602,564,151.7,70902.2,,9.1,8,6
PRJ058,57.6,6.3,49.6,57.6,19.0,2699,2444,373.4,487431.24,,8.6,-5,6
PRJ059,55.1,12.4,7.4,70.6,21.9,964,359,213.4,1004845.51,10.8,,17,0
PRJ060,40.0,12.3,57.5,63.8,26.5,3052,3180,132.2,999493.46,,8.2,-4,12
PRJ061,60.7,5.0,5.0,34.5,22.8,2221,708,264.1,498716.61,5.0,,15,5
PRJ062,83.9,7.0,5.0,33.0,8.5,1881,646,306.5,561368.43,5.0,,0,1
PRJ063,68.2,41.4,10.3,23.8,25.3,2611,1085,67.5,107556.61,34.6,,-14,1
PRJ064,62.1,54.0,11.2,67.2,50.1,2124,1146,163.8,643902.93,50.6,,11,2
PRJ065,51.0,95.0,34.2,74.8,72.1,2260,74,127.2,926748.55,95.0,,0,0
PRJ066,89.5,12.0,82.7,33.9,18.9,2884,3266,182.4,687077.54,,5.6,6,4
PRJ067,98.0,27.6,5.0,29.3,25.3,3121,1197,301.4,187246.64,22.4,,12,4
PRJ068,65.3,5.0,8.2,41.2,25.9,3922,1575,309.1,426979.43,39.6,,0,2
PRJ069,77.8,5.0,43.9,69.5,34.1,1239,1157,150.4,711440.29,,7.7,10,3
PRJ070,52.3,53.7,9.2,78.0,55.8,1946,114,271.5,1646914.01,71.9,,0,0
PRJ071,53.9,45.5,5.0,58.5,24.7,515,223,166.3,531296.93,33.5,,-16,1
PRJ072,67.6,43.1,5.0,55.0,29.6,630,194,352.8,554445.59,43.9,,0,6
PRJ073,77.3,22.4,18.9,48.6,29.3,2175,1306,304.9,564806.15,16.8,,11,1
PRJ074,72.3,45.9,33.0,70.7,40.0,3016,1840,219.1,322567.86,39.3,,-13,9
PRJ075,80.9,54.2,14.8,5.0,10.6,3626,2244,259.8,35517.39,60.7,,18,4
PRJ076,75.7,15.5,54.1,42.5,28.7,2731,2769,94.1,719753.8,,7.3,-1,8
PRJ077,72.0,16.8,15.2,54.8,33.9,3641,889,62.0,475097.14,21.4,,0,0
PRJ078,96.8,5.0,14.7,37.6,12.3,2450,758,195.5,82039.53,5.0,,9,9
PRJ079,98.0,5.0,62.4,5.0,2.5,1512,1501,326.6,43776.0,,9.5,5,9
PRJ080,81.3,5.0,5.0,34.3,5.4,1255,27,329.9,87219.19,16.3,,0,0
PRJ081,43.4,16.8,13.0,77.6,29.8,1197,439,159.0,1133259.39,9.3,,16,8
PRJ082,66.9,13.4,8.1,52.3,13.2,1785,242,397.3,489081.98,16.7,,0,5
PRJ083,68.8,19.5,71.1,33.1,24.1,1637,1749,374.5,565801.31,,6.8,-1,5
PRJ084,74.9,61.5,28.8,39.8,28.4,2137,1143,200.4,624078.58,83.1,,3,4
PRJ085,48.6,20.1,8.3,49.2,41.5,2648,619,125.3,1768681.64,6.6,,0,2
PRJ086,74.7,11.4,5.0,34.1,14.5,541,140,241.5,363753.21,7.1,,0,3
PRJ087,85.8,9.7,26.5,35.1,23.8,430,275,344.1,258089.41,23.2,,18,0
PRJ088,71.7,38.2,9.5,34.2,13.9,1621,947,261.2,154781.58,29.5,,-13,7
PRJ089,53.5,48.3,20.2,63.5,40.3,3866,2359,170.7,311020.19,43.6,,-2,0
PRJ090,93.2,95.0,16.4,63.0,54.3,3503,101,388.1,211740.02,95.0,,0,0
PRJ091,87.2,41.7,5.0,31.8,15.5,1246,710,220.8,126437.99,36.8,,-17,4
PRJ092,73.9,24.4,5.0,50.1,30.0,1788,670,206.2,311483.47,31.6,,15,6
PRJ093,98.0,5.0,45.5,5.0,0.0,2681,2702,227.4,73070.74,,7.7,6,12
PRJ094,85.2,5.0,60.8,16.7,0.0,3827,3925,198.6,123151.8,,8.4,8,5
PRJ095,95.9,21.5,5.0,11.2,22.1,464,231,349.7,263706.08,27.7,,-12,6
PRJ096,71.8,5.0,56.1,8.1,0.0,2637,2845,183.8,250927.9,,8.2,4,11
PRJ097,73.7,8.6,64.6,46.0,18.9,406,450,321.1,656215.21,,7.2,-4,3
PRJ098,73.4,8.2,5.0,30.2,20.9,2117,1021,270.2,595736.43,12.5,,3,1
PRJ099,91.2,34.3,26.2,29.5,24.2,2351,985,145.9,121712.96,25.8,,14,5
PRJ100,48.7,92.1,47.0,90.0,57.3,2700,1861,381.1,1618963.35,95.0,,-12,3
PRJ101,79.5,5.0,5.0,20.8,0.0,3531,140,63.6,64777.54,10.4,,0,0
PRJ102,91.8,62.9,17.0,19.3,31.3,1921,85,311.0,181337.78,58.5,,0,0
PRJ103,84.8,5.0,10.1,26.6,5.4,3072,1230,142.3,53008.44,6.6,,0,6
PRJ104,89.9,35.6,5.0,25.2,16.8,2253,841,283.1,226036.02,34.3,,20,4
PRJ105,88.6,95.0,10.8,15.2,38.2,1140,491,188.8,47884.92,95.0,,-7,2
PRJ106,87.1,18.5,5.0,34.3,10.8,2093,1155,377.3,81996.52,7.7,,-4,5
PRJ107,85.7,12.5,6.3,33.9,23.7,2054,466,102.8,263155.5,6.7,,0,1
PRJ108,74.0,95.0,25.8,28.4,41.0,3086,1143,121.9,187716.45,95.0,,15,0
PRJ109,66.4,95.0,5.0,26.2,41.2,1820,708,169.4,103609.68,95.0,,8,2
PRJ110,98.0,5.0,64.7,18.3,3.3,3536,3819,352.0,43330.45,,5.7,9,6
PRJ111,75.6,94.2,16.6,42.1,23.5,1698,907,166.0,244845.8,88.0,,-17,5
PRJ112,86.1,77.5,11.1,46.7,35.0,3193,222,27.5,628428.93,69.4,,0,0
PRJ113,79.9,44.1,20.1,64.6,32.9,1357,758,185.6,541014.79,44.0,,-16,2
PRJ114,86.5,23.0,16.0,24.3,13.1,421,256,155.6,151095.97,27.0,,7,0
PRJ115,59.4,47.4,18.0,43.5,43.3,2294,1365,280.1,475374.89,28.6,,-10,1
PRJ116,95.1,14.1,12.5,26.6,11.6,3101,1350,233.6,285618.6,9.7,,-1,1
PRJ117,76.0,73.2,13.7,34.9,44.0,1464,581,175.2,196905.93,87.6,,4,2
PRJ118,87.5,21.4,8.7,5.0,8.5,1445,803,248.1,56967.9,22.1,,-7,0
PRJ119,87.5,95.0,6.8,5.0,27.1,1679,807,240.6,48692.06,95.0,,-16,2
PRJ120,82.0,95.0,20.4,50.9,59.5,2286,156,64.3,215079.48,95.0,,0,0
PRJ121,83.1,5.0,49.1,23.2,9.0,1552,1482,50.2,285195.3,,7.2,2,5
PRJ122,98.0,51.2,17.5,15.8,37.0,1596,1035,35.4,24883.01,53.2,,13,2
PRJ123,97.1,37.7,5.0,34.6,35.4,1561,825,301.0,176393.03,32.6,,-2,2
PRJ124,86.0,5.7,5.0,11.7,0.0,1530,817,297.5,72636.91,5.0,,19,3
PRJ125,97.6,5.0,5.6,13.5,0.5,3943,2665,349.7,57973.64,29.6,,-11,4
PRJ126,81.3,5.8,5.0,64.0,23.2,1997,966,26.5,643058.98,5.0,,0,2
PRJ127,87.0,5.0,49.3,49.1,12.6,1495,1343,241.9,472815.86,,4.5,5,6
PRJ128,59.8,14.0,21.7,46.9,30.1,3303,1971,350.8,452079.16,8.2,,-8,7
PRJ129,81.4,6.2,76.5,31.6,13.9,1797,2033,376.0,178655.55,,7.5,-2,11
PRJ130,76.7,37.1,5.5,29.9,28.2,2439,1248,391.6,184089.44,37.3,,7,0
PRJ131,81.6,9.5,68.5,35.9,21.0,2431,2658,141.0,322963.95,,7.4,6,3
PRJ132,87.9,5.0,71.2,23.9,1.2,2303,2497,37.7,242225.45,,8.9,5,5
PRJ133,97.5,94.5,12.9,30.1,30.3,450,212,165.3,67352.57,89.2,,5,2
PRJ134,77.2,52.3,11.7,52.7,30.8,3816,1382,279.1,735840.62,53.8,,0,6
PRJ135,98.0,24.0,7.8,26.6,11.9,1454,449,34.6,67310.63,15.4,,0,2
PRJ136,44.9,23.3,18.2,69.0,34.4,3173,1282,286.6,1556806.52,18.7,,18,2
PRJ137,59.8,26.6,5.0,43.9,18.3,2192,1175,104.7,325464.84,35.6,,-7,9
PRJ138,76.0,35.3,15.0,36.4,17.7,1340,935,180.2,200893.5,39.7,,-4,1
PRJ139,67.1,10.4,12.8,37.9,10.5,3791,1689,65.5,693316.06,13.5,,20,10
PRJ140,91.7,7.0,5.0,25.8,6.7,1354,150,311.1,276637.38,5.0,,0,6
PRJ141,46.8,5.0,65.4,66.0,29.7,2775,2606,231.9,1686248.5,,8.6,3,10
PRJ142,86.5,12.2,9.5,44.7,11.5,1525,375,185.9,177733.64,5.0,,0,3
PRJ143,98.0,5.0,55.3,15.1,14.0,3342,3422,151.0,151621.0,,8.3,1,8
PRJ144,49.9,35.0,16.5,80.1,41.9,2212,52,79.4,1207122.15,24.8,,0,0
PRJ145,92.3,75.1,10.3,7.5,30.1,945,454,186.8,59394.51,74.7,,-14,5
PRJ146,83.2,5.0,83.8,44.9,12.3,2598,2733,175.4,591784.92,,8.7,3,9
PRJ147,72.7,11.6,61.4,20.6,2.9,844,853,112.5,126032.22,,8.6,-3,8
PRJ148,85.0,95.0,25.3,31.1,41.6,967,498,283.4,50725.45,95.0,,14,4
PRJ149,66.7,12.3,82.2,58.3,25.7,3497,3809,341.5,754544.29,,6.8,3,9
PRJ150,61.1,19.2,13.4,67.7,31.5,2701,904,385.4,1771686.94,15.5,,0,4
PRJ151,98.0,5.4,73.8,17.8,17.6,1821,1880,89.9,143599.93,,7.1,10,8
PRJ152,38.1,13.3,72.5,52.6,30.0,3834,4382,306.7,1468583.72,,6.4,-4,7
PRJ153,81.2,95.0,34.9,60.0,41.6,426,239,218.9,722759.51,90.7,,-18,4
PRJ154,49.6,95.0,11.4,67.1,52.3,2470,149,344.3,598027.09,95.0,,0,0
PRJ155,96.8,5.5,67.1,16.8,16.4,2366,2449,306.3,168400.05,,7.1,3,7
PRJ156,69.7,15.0,17.1,19.4,23.0,539,269,188.6,141631.4,12.3,,11,1
PRJ157,67.7,55.6,5.0,59.2,20.3,2490,862,395.8,301182.37,60.9,,3,3
PRJ158,91.4,18.2,5.0,32.7,9.6,3416,1185,60.1,125554.84,32.2,,4,1
PRJ159,51.0,23.8,65.2,60.5,22.4,3145,3238,22.2,1154123.88,,5.8,-4,3
PRJ160,59.8,95.0,10.7,65.2,47.8,1056,220,307.7,484540.12,80.9,,0,4
PRJ161,75.2,16.5,5.0,18.9,26.0,1435,445,291.1,292709.61,14.8,,0,2
PRJ162,98.0,10.5,5.0,8.5,17.9,3503,91,294.9,55686.56,11.1,,0,0
PRJ163,89.5,29.9,16.1,28.2,20.7,1997,255,172.9,46376.03,22.9,,0,1
PRJ164,75.3,10.7,10.5,73.1,45.1,1852,138,275.4,1871337.04,5.0,,0,0
PRJ165,92.5,5.0,76.3,10.7,0.0,510,577,345.2,55227.88,,6.1,3,7
PRJ166,77.9,5.0,65.1,22.7,0.0,1313,1296,365.6,125270.57,,7.8,-3,7
PRJ167,60.9,19.9,37.3,59.0,23.9,1208,817,110.5,698297.24,23.0,,5,6
PRJ168,85.6,16.6,23.2,61.2,34.3,2490,97,200.8,349274.76,13.2,,0,0
PRJ169,98.0,13.7,50.5,32.9,12.9,2141,2146,231.8,288225.4,,9.1,-4,4
PRJ170,43.3,95.0,5.0,84.0,51.5,2928,124,33.1,1805376.46,95.0,,0,0
PRJ171,53.6,12.7,56.7,62.1,11.9,3683,3810,300.3,791744.6,,6.9,-5,3
PRJ172,88.9,29.9,19.6,12.4,7.9,1834,1244,49.2,50131.41,26.0,,-11,2
PRJ173,83.1,34.2,20.3,26.2,21.9,2208,1336,249.0,192815.91,33.2,,-17,11
PRJ174,98.0,29.2,5.6,15.6,19.3,2269,746,54.9,28220.2,34.6,,0,2
PRJ175,88.3,31.8,8.9,27.6,18.2,3001,1204,160.5,33951.39,18.2,,-14,1
PRJ176,47.3,5.0,79.8,77.4,35.6,2881,3158,170.2,1071470.02,,7.3,6,6
PRJ177,68.3,27.3,11.8,57.2,22.0,2499,1070,60.6,660830.11,12.5,,-16,5
PRJ178,70.8,29.5,7.7,24.5,8.3,1221,383,377.6,236522.51,19.0,,-12,2
PRJ179,85.9,67.7,5.0,5.0,4.3,3337,1249,189.6,32306.11,51.5,,-13,3
PRJ180,95.4,51.0,31.8,17.8,42.4,1402,919,43.3,67204.33,56.9,,8,0
PRJ181,71.7,15.9,77.0,25.2,25.2,1559,1758,273.5,268390.8,,8.0,2,4
PRJ182,78.7,8.6,67.2,25.4,19.9,2132,2173,196.5,257313.86,,9.3,3,6
PRJ183,75.8,5.0,5.0,17.5,2.4,2721,354,284.8,163891.63,5.0,,0,3
PRJ184,75.6,32.3,31.4,34.0,22.1,2156,1486,177.4,125223.56,23.6,,-17,1
PRJ185,87.0,12.4,60.4,27.0,6.5,857,788,43.0,68387.06,,8.4,9,8
PRJ186,64.9,25.7,14.7,46.1,16.8,1644,928,369.7,364692.81,34.4,,-18,6
PRJ187,58.1,14.3,5.0,58.2,25.6,3207,925,372.1,1191970.35,27.7,,0,4
PRJ188,93.6,35.8,15.1,41.5,37.1,3276,184,348.4,324251.61,47.4,,0,0
PRJ189,65.2,5.0,49.2,46.5,9.2,1694,1509,131.3,309552.43,,6.5,3,3
PRJ190,51.9,76.6,5.0,43.8,38.0,2578,1182,35.0,475503.42,73.1,,15,0
PRJ191,50.0,5.0,77.2,40.7,22.1,2438,2764,314.8,640631.98,,8.2,-2,4
PRJ192,50.5,5.0,78.7,41.1,24.2,2502,2853,116.5,612921.73,,8.7,2,11
PRJ193,98.0,48.0,12.1,22.8,31.9,3521,1617,374.7,25039.86,42.8,,0,1
PRJ194,66.4,19.5,60.1,43.1,33.9,2778,2636,78.8,785704.55,,8.3,-5,12
PRJ195,84.3,5.0,69.9,30.3,20.6,2030,1979,192.7,226537.46,,5.8,10,11
PRJ196,62.7,5.0,45.4,36.6,3.4,989,1044,185.4,232255.89,,7.2,1,10
PRJ197,86.9,26.2,5.0,11.6,11.3,2748,588,387.1,266057.33,21.4,,0,7
PRJ198,88.5,60.8,17.2,36.1,27.4,1322,735,328.7,299124.85,53.1,,3,1
PRJ199,85.8,14.5,62.6,55.8,29.5,3792,4185,21.2,434543.39,,6.5,10,5
PRJ200,83.7,95.0,18.1,54.8,50.0,2458,148,376.6,27844.46,94.5,,0,0
PRJ201,78.2,8.7,17.9,32.8,15.7,2347,1427,41.5,253351.01,5.0,,-1,3
PRJ202,64.3,56.8,20.4,58.5,60.4,2431,668,198.9,428024.23,49.5,,0,0
PRJ203,89.5,5.0,68.7,25.2,9.1,2235,2283,333.4,40920.99,,7.3,10,7
PRJ204,83.1,22.2,7.9,21.1,7.7,752,435,64.8,206328.01,15.5,,19,9
PRJ205,96.3,10.5,43.7,6.8,1.2,3693,3395,233.9,29341.39,,8.8,3,6
PRJ206,98.0,17.4,78.3,30.9,10.5,1686,1887,166.3,127705.41,,8.1,1,7
PRJ207,93.7,5.0,5.0,20.7,8.0,2472,760,181.3,184477.59,5.0,,0,4
PRJ208,58.9,5.0,10.4,35.7,12.3,2450,1318,212.4,681148.1,7.7,,12,8
PRJ209,46.5,25.4,21.2,47.1,22.1,1529,631,73.5,1645951.71,22.7,,19,4
PRJ210,89.0,50.1,5.0,23.2,33.0,3958,122,140.8,34961.13,48.7,,0,0
PRJ211,66.3,12.2,50.2,61.5,23.2,3436,3077,395.1,659637.98,,8.7,7,4
PRJ212,71.8,12.6,62.4,45.1,14.8,2031,2149,57.1,392442.65,,7.1,9,3
PRJ213,85.7,16.2,65.4,25.7,26.6,1773,1753,345.0,83421.11,,8.8,1,8
PRJ214,68.8,7.2,65.6,45.5,16.0,589,631,252.3,655610.11,,8.1,4,8
PRJ215,83.7,5.0,5.0,46.6,7.9,939,285,167.0,508569.63,14.6,,1,6
PRJ216,76.7,61.5,13.0,48.9,55.2,1480,79,275.0,379680.09,56.3,,0,0
PRJ217,78.3,13.2,50.1,23.3,11.4,3662,3480,207.6,743792.73,,8.7,-3,9
PRJ218,79.9,5.0,60.8,30.9,10.7,2235,2144,295.7,130012.74,,6.2,0,9
PRJ219,35.8,12.1,50.6,77.0,30.5,1192,1122,168.7,1584057.47,,6.9,-3,10
PRJ220,79.3,5.1,51.4,57.3,27.3,689,627,22.1,461223.02,,8.5,8,3
PRJ221,78.3,25.4,20.0,25.4,22.4,2157,1168,242.8,217529.05,16.7,,7,4
PRJ222,86.5,5.0,5.0,15.6,0.0,2325,789,84.8,179544.52,5.0,,0,1
PRJ223,28.0,17.9,54.1,70.9,27.1,1035,947,56.5,1509076.95,,6.9,-5,9
PRJ224,72.1,14.2,5.0,10.3,19.8,2986,1166,140.9,254267.96,6.9,,-17,7
PRJ225,67.8,5.0,54.3,45.5,15.9,1276,1173,87.6,761845.98,,4.6,-1,5
PRJ226,72.1,5.0,5.0,65.5,18.8,2193,408,393.3,700378.33,5.0,,0,0
PRJ227,80.3,51.8,37.7,62.7,24.4,1950,1218,357.3,725825.02,46.6,,-20,9
PRJ228,54.9,44.5,11.8,62.2,37.0,1346,667,160.0,617726.25,56.7,,-5,4
PRJ229,85.9,5.0,5.0,12.0,4.5,1048,475,150.9,186083.32,5.0,,14,7
PRJ230,98.0,5.0,5.0,5.0,0.4,2085,736,293.4,73901.87,6.2,,0,2
PRJ231,48.5,7.7,5.0,8.5,3.1,3884,1170,145.9,158948.37,5.0,,-12,2
PRJ232,85.5,7.9,22.0,18.1,15.4,3415,1800,162.7,276523.69,5.0,,12,5
PRJ233,98.0,5.0,76.1,31.8,13.3,3443,3949,359.6,38100.17,,6.5,1,6
PRJ234,58.7,6.8,56.4,48.9,22.2,3828,3930,368.1,750563.77,,7.4,3,4
PRJ235,63.1,8.9,8.9,42.3,19.4,3327,1697,143.3,364363.88,5.0,,-7,0
PRJ236,55.6,5.0,64.7,75.8,25.6,544,502,250.3,1900288.21,,7.8,4,11
PRJ237,96.0,9.6,5.0,13.9,8.0,2431,458,259.7,78566.08,5.0,,0,2
PRJ238,59.1,95.0,7.1,66.2,53.6,2360,719,44.1,1432882.05,86.5,,-16,6
PRJ239,86.0,5.0,67.2,21.3,12.2,3194,3057,318.7,163035.2,,7.7,8,12
PRJ240,66.9,5.0,63.5,33.7,4.8,3950,4484,113.7,215916.33,,7.3,3,11
PRJ241,60.1,95.0,21.5,65.2,73.2,2876,130,201.1,919950.62,95.0,,0,0
PRJ242,98.0,9.6,43.2,17.4,0.0,856,759,146.8,30378.68,,8.8,9,4
PRJ243,42.9,15.3,63.0,77.2,28.6,2568,2337,190.8,1602386.23,,7.0,10,5
PRJ244,77.9,7.7,11.5,57.1,31.7,1387,323,388.8,563938.48,5.0,,0,6
PRJ245,65.9,11.1,52.7,62.5,25.8,1603,1488,81.6,1179314.69,,5.6,-1,10
PRJ246,73.8,8.9,62.8,19.2,9.6,1866,1710,273.2,102926.96,,9.4,2,11
PRJ247,98.0,42.0,22.1,44.7,51.5,2190,702,136.1,276556.78,36.5,,5,1
PRJ248,98.0,20.4,52.1,26.8,7.6,3479,3132,235.3,86920.02,,7.9,8,3
PRJ249,77.4,19.1,18.2,52.3,24.1,539,248,347.6,736502.99,18.7,,0,8
PRJ250,98.0,95.0,16.1,56.7,58.6,3355,1771,305.4,686864.63,95.0,,5,1
PRJ251,54.3,95.0,25.5,90.0,80.0,1034,81,136.5,1229119.58,95.0,,0,0
PRJ252,68.9,18.2,57.2,51.1,15.5,3558,3659,156.5,339765.96,,7.1,6,8
PRJ253,78.2,5.0,63.7,18.9,3.3,1838,1944,249.2,64265.31,,6.4,-4,5
PRJ254,75.2,9.2,5.7,11.4,0.0,2896,626,119.5,155911.21,19.5,,0,4
PRJ255,49.4,5.0,63.1,68.8,23.2,1450,1499,69.8,1292086.36,,5.4,9,7
PRJ256,68.5,95.0,5.0,58.6,44.8,1633,858,119.2,783755.66,85.4,,-16,5
PRJ257,54.6,68.3,23.3,78.7,22.7,3472,2347,374.5,867048.62,57.9,,-19,0
PRJ258,69.9,12.7,58.1,39.1,12.3,1511,1460,390.4,336662.13,,6.6,0,10
PRJ259,63.4,5.0,67.2,54.4,16.6,2807,3011,69.4,610858.02,,7.4,-1,6
PRJ260,53.7,76.4,5.0,57.9,52.3,1270,71,243.8,320046.51,67.5,,0,0
PRJ261,76.7,5.0,18.2,34.8,14.9,953,594,140.0,199976.42,5.0,,8,6
PRJ262,72.2,14.1,22.6,84.8,38.9,3787,2337,254.2,1681489.31,22.4,,8,1
PRJ263,76.6,5.0,5.0,56.2,23.3,2786,1044,312.0,252897.07,16.4,,0,5
PRJ264,83.9,5.0,5.0,12.2,7.4,3405,855,129.1,215094.63,5.0,,0,4
PRJ265,90.6,11.3,50.5,7.2,0.0,2000,2225,121.7,65579.17,,7.9,-1,12
PRJ266,77.4,95.0,18.7,33.5,57.5,3161,1789,145.9,227208.99,95.0,,16,0
PRJ267,66.6,83.3,18.2,61.3,69.9,1678,690,326.3,626515.16,85.4,,-19,0
PRJ268,89.1,59.2,5.0,28.5,28.4,1763,790,303.5,80221.95,49.5,,1,5
PRJ269,63.1,95.0,11.6,90.0,77.1,2612,176,182.0,1205074.83,95.0,,0,0
PRJ270,66.6,5.0,5.0,33.7,5.4,3411,1463,381.4,775386.44,7.7,,9,9
PRJ271,77.7,17.2,74.6,19.6,18.8,1833,2044,42.3,104515.1,,7.8,-4,12
PRJ272,60.6,85.1,13.7,88.8,59.5,3924,176,254.0,1609679.62,80.7,,0,0
PRJ273,94.0,95.0,15.5,72.8,59.0,2230,897,168.8,570527.82,95.0,,16,5
PRJ274,57.5,72.2,5.0,86.1,45.3,2525,1258,191.9,877763.09,77.2,,0,2
PRJ275,71.9,11.3,60.4,47.1,25.7,1057,1104,263.5,783531.13,,9.0,0,4
PRJ276,94.0,33.9,12.0,9.5,11.5,825,449,326.7,44498.79,20.1,,-15,5
PRJ277,63.0,5.0,5.0,69.6,27.9,1583,616,256.5,440711.07,6.2,,14,2
PRJ278,61.9,36.7,5.0,72.1,27.4,1936,655,82.0,887137.76,32.3,,7,9
PRJ279,68.8,52.9,10.9,55.8,46.1,1318,534,128.3,672018.64,40.0,,0,1
PRJ280,56.1,25.3,24.7,60.9,27.3,2592,982,265.2,1837815.98,20.1,,0,3
PRJ281,81.0,9.8,20.1,39.1,21.9,1164,738,222.0,599541.86,5.0,,5,0
PRJ282,49.2,27.7,52.6,67.3,24.1,2281,2216,315.9,1632949.71,,8.7,-3,7
PRJ283,35.3,61.1,13.6,81.7,48.0,1551,664,285.5,1405088.28,54.0,,-13,2
PRJ284,62.4,18.5,9.7,20.3,1.6,1746,1019,399.6,287490.86,13.5,,-8,0
PRJ285,77.3,5.0,69.1,16.7,2.9,1081,1207,350.2,160369.12,,6.3,0,8
PRJ286,78.2,5.0,7.6,57.5,20.4,3457,1573,337.5,677866.24,25.7,,0,2
PRJ287,61.1,5.0,70.7,90.0,28.3,2516,2683,212.2,1053852.79,,5.2,9,6
PRJ288,92.3,37.4,5.0,38.0,19.5,1596,688,98.1,70702.27,31.3,,-3,8
PRJ289,89.2,9.2,5.0,10.5,4.5,3697,1985,381.4,92513.85,11.2,,4,2
PRJ290,79.6,5.0,57.3,28.9,12.8,2225,1992,260.9,299984.64,,8.8,0,6
PRJ291,90.3,7.6,69.7,30.9,4.2,1171,1244,358.0,61194.83,,8.0,-3,11
PRJ292,52.5,17.9,5.0,54.9,24.1,2241,971,324.8,757043.45,31.3,,-5,2
PRJ293,87.8,8.5,58.9,19.2,8.8,597,564,236.6,66880.31,,8.3,-3,10
PRJ294,48.6,7.4,57.7,73.5,40.7,729,673,282.9,1817874.21,,7.3,0,12
PRJ295,43.1,49.2,7.0,75.2,39.4,1040,370,252.2,1387185.54,22.2,,-19,3
PRJ296,55.1,14.7,89.5,62.5,35.6,3597,4073,194.7,1838591.18,,6.6,-3,4
PRJ297,94.2,27.4,23.7,9.3,16.6,508,333,348.9,59140.57,30.9,,-18,1
PRJ298,97.4,59.1,21.0,38.2,31.1,3841,1801,111.6,114478.28,51.1,,0,0
PRJ299,98.0,5.0,66.6,13.9,2.9,1279,1377,104.1,22140.04,,6.7,-2,6
PRJ300,85.4,33.6,9.7,34.6,16.8,1617,757,271.2,144551.62,29.0,,20,2
PRJ301,69.8,6.7,63.8,45.4,19.2,2854,2843,121.8,86086.19,,7.1,7,4
PRJ302,80.5,5.0,66.7,35.4,12.5,3693,3624,218.5,621416.43,,4.2,-2,12
PRJ303,57.7,35.2,5.0,62.4,28.2,3730,162,356.5,784517.86,27.6,,0,0
PRJ304,92.3,16.4,5.0,24.0,6.2,2409,883,50.5,156070.87,29.2,,0,5
PRJ305,57.6,71.2,32.8,56.9,44.8,814,549,240.6,1251913.65,69.3,,-11,1
PRJ306,68.7,10.0,7.3,43.4,10.3,887,315,234.9,475045.96,5.8,,7,11
PRJ307,86.7,5.0,49.6,56.4,29.7,422,373,147.5,632507.06,,6.8,1,5
PRJ308,84.6,5.0,5.0,49.4,28.2,3734,1517,153.4,298670.14,5.0,,2,8
PRJ309,75.0,5.0,55.0,64.2,21.5,1924,1764,128.3,1691473.9,,7.6,0,9
PRJ310,67.0,35.3,22.8,38.9,23.9,2736,1852,155.3,749480.52,12.8,,-17,10
PRJ311,78.3,18.5,10.4,32.1,23.3,2303,988,148.2,155757.29,16.1,,-4,8
PRJ312,88.7,5.0,57.1,9.7,0.1,3895,3997,233.6,268374.94,,7.8,1,6
PRJ313,68.2,95.0,28.8,87.9,69.6,3044,121,131.4,1635263.26,89.6,,0,0
PRJ314,72.8,26.1,5.8,20.0,21.6,819,453,247.8,255665.91,23.1,,-1,6
PRJ315,69.5,38.6,12.6,68.9,55.1,2617,780,43.9,773885.06,34.9,,0,0
PRJ316,78.2,5.0,5.0,24.1,0.0,3757,2070,349.0,177670.72,6.1,,7,4
PRJ317,73.3,18.7,5.0,35.9,27.6,3494,1215,301.4,562765.82,8.3,,-8,1
PRJ318,49.6,8.4,61.5,55.5,22.7,1410,1400,44.4,742913.03,,9.4,4,6
PRJ319,98.0,5.0,61.5,37.0,18.9,2376,2395,173.7,184152.11,,7.1,3,4
PRJ320,79.3,31.2,5.0,17.5,14.6,636,367,337.1,288560.86,29.5,,-10,3
PRJ321,46.9,26.9,71.3,60.2,22.4,1622,1657,235.7,1715736.91,,8.6,-5,7
PRJ322,43.3,22.7,11.4,61.2,35.8,3733,1316,232.1,398794.22,17.3,,-7,8
PRJ323,62.3,41.4,10.9,67.4,13.9,2213,1307,137.7,400048.79,36.8,,-5,4
PRJ324,83.2,15.9,70.3,32.6,23.1,2131,2131,266.3,80836.15,,6.5,-3,12
PRJ325,88.2,5.0,20.6,13.2,5.7,1300,820,186.7,222174.56,11.3,,16,1
PRJ326,56.0,34.6,40.2,44.5,24.3,1406,981,117.0,1781117.94,13.6,,-16,6
PRJ327,67.0,5.0,53.6,67.8,15.5,2127,2135,390.2,501347.21,,6.4,8,9
PRJ328,98.0,65.0,6.9,19.4,27.0,1189,490,316.8,37506.65,54.2,,0,4
PRJ329,73.6,6.4,75.5,55.7,14.3,665,711,225.7,369048.06,,9.9,2,7
PRJ330,53.7,8.0,74.1,74.7,21.5,624,653,231.0,805215.94,,7.9,10,12
PRJ331,80.8,5.0,49.3,30.1,17.4,3403,3274,257.6,125831.07,,7.8,-5,4
PRJ332,80.7,5.0,51.7,17.3,17.2,1145,1200,321.8,215238.13,,9.1,10,10
PRJ333,61.4,31.2,17.1,58.1,35.8,934,303,169.8,459671.59,19.0,,0,1
PRJ334,84.1,89.7,20.1,32.2,27.6,3563,2297,27.9,251338.49,84.5,,-13,3
PRJ335,58.4,28.1,5.0,54.5,17.5,3910,1693,92.4,342310.88,42.4,,4,6
PRJ336,48.8,95.0,29.4,32.8,45.6,2935,1733,33.8,776300.02,95.0,,-17,4
PRJ337,85.9,5.0,10.2,13.0,9.0,3668,2372,354.1,137222.23,7.6,,4,9
PRJ338,97.1,40.4,5.0,5.0,8.5,2112,961,165.0,39821.53,31.4,,-19,3
PRJ339,65.5,5.0,67.1,59.3,27.6,2148,2100,302.5,354579.59,,8.4,2,6
PRJ340,67.0,5.0,68.2,23.9,14.2,508,574,355.7,183763.6,,8.5,-2,12
PRJ341,83.8,28.5,25.3,28.9,41.7,3160,2011,216.9,290311.39,32.4,,11,1
PRJ342,54.7,39.3,10.8,66.0,48.9,3244,1095,296.0,1695062.37,50.9,,0,0
PRJ343,79.8,5.0,58.6,34.1,17.0,846,869,106.8,752415.36,,8.7,2,3
PRJ344,96.2,41.3,5.0,5.0,11.4,3417,1262,282.8,41493.71,44.3,,19,6
PRJ345,69.6,16.4,10.0,63.0,29.7,1880,83,111.9,503165.74,5.0,,0,0
PRJ346,81.3,7.7,85.2,31.1,4.4,509,579,387.0,135630.22,,6.4,10,7
PRJ347,65.8,30.1,5.0,56.3,28.7,1298,653,332.7,626074.73,34.1,,13,2
PRJ348,89.8,36.4,19.9,45.3,28.7,2564,186,359.1,609495.69,32.3,,0,0
PRJ349,69.6,21.5,66.9,32.9,32.6,3331,3109,335.0,558634.8,,6.7,10,6
PRJ350,52.8,7.6,22.2,44.5,27.4,3583,1546,101.2,781577.91,5.0,,0,3
PRJ351,91.8,5.0,59.1,29.4,8.6,1946,1828,300.2,219598.29,,8.6,6,7
PRJ352,78.5,28.8,15.6,31.7,27.2,3378,1472,335.2,57059.14,36.6,,-1,5
PRJ353,79.2,33.4,13.9,12.7,18.1,3189,152,274.6,266298.92,31.9,,0,0
PRJ354,51.5,22.7,17.4,66.4,35.3,791,241,144.7,1281820.14,10.3,,0,6
PRJ355,61.3,15.3,76.3,62.0,15.7,1315,1481,238.5,1959104.64,,8.1,-5,4
PRJ356,61.7,45.3,5.0,66.5,38.8,1153,633,159.7,590914.55,39.9,,20,5
PRJ357,97.9,11.0,49.6,33.5,18.5,2539,2255,389.0,241311.76,,8.2,2,4
PRJ358,69.4,12.1,50.1,57.5,15.9,1115,1111,345.7,390055.01,,9.5,9,12
PRJ359,70.1,63.7,35.4,34.9,52.9,758,421,229.8,220872.65,51.9,,-10,0
PRJ360,81.3,49.2,5.2,34.9,36.7,1149,528,253.3,168085.57,69.7,,9,0
PRJ361,66.4,11.6,44.6,32.5,4.2,2750,2463,205.6,131815.95,,8.0,-3,9
PRJ362,43.7,5.0,7.3,64.8,1.2,639,369,395.7,789399.18,5.0,,-3,5
PRJ363,84.9,8.7,25.9,17.5,10.3,1043,726,326.8,96551.77,5.0,,13,4
PRJ364,52.3,45.6,26.3,54.0,50.7,871,394,38.3,728663.39,53.2,,-12,1
PRJ365,54.6,10.0,70.6,67.3,34.4,492,543,269.0,1452060.73,,8.1,0,4
PRJ366,77.8,6.2,47.1,13.4,0.0,3300,3189,311.9,47272.57,,6.8,-5,7
PRJ367,63.6,95.0,15.5,79.3,61.3,2337,603,86.2,1447920.83,95.0,,0,2
PRJ368,73.9,33.3,5.0,15.2,12.6,1159,385,93.1,156387.85,29.8,,-15,1
PRJ369,75.5,23.3,6.2,29.5,33.7,2392,1188,354.6,199698.21,13.1,,0,9
PRJ370,83.1,8.4,12.0,51.3,37.4,857,410,386.5,330038.53,16.7,,9,8
PRJ371,80.0,6.1,49.3,26.7,2.5,3153,3143,58.3,262187.11,,6.9,-5,7
PRJ372,84.3,72.9,35.2,79.0,66.2,3731,2365,162.1,445910.09,72.0,,9,1
PRJ373,67.8,65.7,24.8,68.0,64.6,1671,98,296.8,349924.39,56.1,,0,0
PRJ374,87.9,6.9,5.0,25.1,26.8,2699,819,54.8,237901.07,20.8,,0,4
PRJ375,86.8,50.0,5.0,19.4,15.2,2327,96,174.8,43856.32,53.1,,0,0
PRJ376,64.4,82.5,5.0,54.3,43.5,2070,59,209.9,447396.7,88.8,,0,0
PRJ377,60.2,5.0,54.4,20.1,14.6,2819,2746,163.5,312090.48,,6.0,-2,5
PRJ378,83.0,5.0,60.3,50.2,7.5,1322,1253,181.6,755768.04,,5.9,3,10
PRJ379,84.9,10.4,71.3,30.2,12.4,2116,2237,144.5,286817.69,,8.2,0,7
PRJ380,85.4,95.0,16.7,38.6,52.2,1525,73,37.7,290099.4,95.0,,0,0
PRJ381,76.8,7.1,62.5,22.5,24.2,2788,2820,138.3,107895.5,,8.0,7,8
PRJ382,80.4,15.3,47.5,16.9,6.7,1010,1108,232.8,37574.07,,8.1,-3,7
PRJ383,64.8,58.9,17.8,87.4,74.4,1787,90,127.1,1975575.63,64.0,,0,0
PRJ384,98.0,28.0,5.0,16.5,4.9,1573,493,332.1,71732.82,20.4,,19,1
PRJ385,89.3,11.2,11.6,39.0,16.8,1714,973,285.6,509890.74,21.0,,15,2
PRJ386,91.9,10.7,8.7,37.5,7.7,584,220,237.0,241955.97,17.5,,20,2
PRJ387,98.0,5.0,15.7,28.5,16.8,3912,1441,255.5,160581.14,5.0,,0,8
PRJ388,57.2,8.6,56.4,38.7,3.9,1121,1134,143.0,684455.43,,7.5,0,12
PRJ389,97.2,5.0,6.7,58.5,23.9,2738,1080,271.8,552076.07,5.0,,0,8
PRJ390,78.8,8.9,48.0,21.6,12.4,1472,1358,246.4,209144.2,,8.5,-4,10
PRJ391,48.6,5.0,71.6,69.0,42.3,3220,3057,350.1,1950080.39,,5.8,3,12
PRJ392,82.6,8.0,47.8,9.0,0.0,2451,2592,142.2,202638.47,,7.3,-5,10
PRJ393,75.5,18.7,5.0,44.4,38.3,3024,1010,123.8,651101.28,19.5,,0,3
PRJ394,54.1,5.0,61.5,86.9,22.5,1510,1475,361.1,939307.05,,9.4,9,10
PRJ395,95.1,5.0,9.1,27.7,16.3,3801,2333,263.6,32757.51,5.0,,18,3
PRJ396,98.0,62.8,5.0,25.6,40.0,2044,67,342.6,20924.6,63.9,,0,0
PRJ397,97.9,62.6,8.2,32.4,36.4,3144,692,62.4,272896.31,73.4,,0,7
PRJ398,90.4,5.0,70.7,23.2,9.7,2235,2274,128.9,154925.82,,8.3,9,3
PRJ399,91.4,50.4,12.2,21.3,20.4,2281,1276,143.8,48942.95,60.2,,-14,6
PRJ400,77.8,6.8,5.0,28.8,10.1,2988,694,377.5,226901.31,5.0,,0,9
PRJ401,84.3,95.0,26.1,46.4,56.1,1204,54,202.4,212795.25,93.0,,0,0
PRJ402,52.0,5.0,24.0,72.3,45.7,2826,1062,338.1,1766208.21,5.0,,0,3
PRJ403,61.0,27.1,21.7,61.7,26.9,904,560,180.9,309918.85,42.7,,-1,6
PRJ404,55.2,36.8,5.0,27.4,12.4,2902,496,241.5,559214.55,45.4,,0,1
PRJ405,87.1,69.9,5.0,46.5,34.2,3157,251,67.7,150236.05,61.3,,0,0
PRJ406,57.7,44.6,21.0,51.9,25.8,3471,2194,266.8,364855.64,39.7,,-20,2
PRJ407,98.0,5.0,63.4,26.9,8.9,741,780,344.7,226073.33,,8.1,5,8
PRJ408,77.0,20.2,13.0,54.5,25.2,2681,1686,117.5,431619.0,17.6,,4,1
PRJ409,61.5,51.1,18.2,51.1,37.1,2104,770,233.7,302133.96,41.2,,18,4
PRJ410,61.9,6.1,53.5,51.6,29.7,2605,2700,292.3,577407.37,,6.6,3,8
PRJ411,80.7,95.0,10.0,38.2,53.7,1307,96,151.9,80213.22,94.8,,0,0
PRJ412,81.8,14.4,12.7,17.6,21.6,552,19,344.0,116037.1,23.9,,0,0
PRJ413,82.8,47.0,31.3,22.7,39.4,1179,674,129.3,263339.0,37.1,,-12,2
PRJ414,79.3,24.9,7.9,33.5,12.5,498,240,271.7,112705.97,39.6,,0,3
PRJ415,66.7,5.0,5.0,49.6,4.7,2518,1457,361.9,786588.7,11.6,,6,6
PRJ416,84.2,5.0,57.6,29.3,12.7,3626,3375,180.8,620969.34,,6.4,7,8
PRJ417,87.8,40.9,18.0,50.4,22.0,1104,412,83.1,37488.74,50.4,,8,3
PRJ418,78.0,21.0,16.8,20.9,19.1,2565,918,353.4,123306.66,19.2,,-7,4
PRJ419,71.3,14.8,67.3,54.3,29.3,2831,2931,33.2,595131.48,,6.6,7,8
PRJ420,88.3,16.9,8.6,45.4,36.7,1715,758,149.3,125589.03,20.4,,0,1
PRJ421,74.0,48.7,13.9,11.2,21.0,1969,987,302.4,83081.93,32.5,,-16,4
PRJ422,68.3,5.0,45.2,29.0,7.1,3440,3336,325.1,220365.51,,8.7,-1,8
PRJ423,98.0,30.5,14.6,38.1,38.5,2005,148,139.0,295260.47,29.4,,0,0
PRJ424,94.7,17.9,61.8,37.6,19.1,3461,3108,350.0,247140.37,,7.1,5,7
PRJ425,66.6,65.5,24.1,68.2,49.3,3689,1462,82.1,877950.27,53.0,,-19,1
PRJ426,79.4,25.1,9.0,29.6,24.2,2080,649,71.4,143903.79,20.4,,-6,1
PRJ427,72.8,21.1,37.2,18.3,5.4,1406,887,281.3,64333.45,9.4,,-19,3
PRJ428,50.5,95.0,26.2,58.7,63.5,2050,1005,23.5,444581.6,95.0,,0,1
PRJ429,69.0,40.5,16.1,15.1,35.8,2002,137,173.2,165148.24,35.1,,0,0
PRJ430,77.7,5.0,16.9,49.9,17.4,823,106,254.2,569941.53,5.9,,0,5
PRJ431,77.3,5.0,25.8,48.6,20.6,837,417,142.3,776888.63,5.0,,2,9
PRJ432,61.2,65.1,21.1,60.3,25.4,1543,964,238.5,558780.22,74.1,,17,7
PRJ433,72.1,82.1,23.3,66.2,49.9,3789,2336,217.9,605578.51,82.1,,19,0
PRJ434,98.0,95.0,9.1,12.1,44.7,1338,531,359.8,37871.19,89.7,,5,0
PRJ435,61.8,9.2,5.0,30.5,0.9,3049,1522,24.4,233744.55,5.0,,-8,8
PRJ436,56.6,35.1,5.0,72.0,27.9,3073,1359,166.4,616526.79,29.5,,-6,4
PRJ437,64.5,50.0,13.5,54.9,61.1,3698,167,122.9,490678.02,54.1,,0,0
PRJ438,72.5,70.1,22.1,6.8,28.6,1187,664,23.3,246630.16,58.8,,-6,5
PRJ439,49.4,84.7,14.6,62.8,51.1,2653,83,358.6,326669.54,93.2,,0,0
PRJ440,78.0,5.0,5.0,13.2,0.0,2689,572,302.0,166336.38,5.0,,0,7
PRJ441,65.6,5.4,8.9,65.8,28.6,3907,1172,91.5,1339902.41,14.1,,0,2
PRJ442,87.7,5.0,51.0,17.5,1.7,3666,3514,355.3,23146.23,,7.5,7,8
PRJ443,87.7,11.8,20.1,10.9,11.8,2049,1292,21.2,76045.0,8.4,,-10,1
PRJ444,91.5,5.0,56.2,5.0,13.8,3592,3545,38.2,21475.26,,5.5,6,12
PRJ445,67.1,43.7,16.5,39.9,38.9,1626,787,266.9,792595.37,43.8,,0,2
PRJ446,90.2,14.7,57.0,34.2,13.0,2807,2930,87.0,257826.32,,7.5,1,3
PRJ447,88.3,83.9,5.0,41.9,37.6,3889,1679,169.1,227317.62,89.7,,-18,1
PRJ448,87.8,5.0,68.1,24.8,8.6,3773,4058,46.4,114858.53,,7.4,10,8
PRJ449,85.9,12.0,21.4,56.9,34.1,2207,936,231.6,489047.2,27.7,,19,1
PRJ450,78.2,74.1,5.0,38.1,37.1,1757,801,221.8,273879.93,66.2,,-8,1
PRJ451,61.1,86.1,18.1,60.2,47.2,480,211,220.2,236128.49,92.8,,0,0
PRJ452,84.7,10.8,67.5,61.8,28.5,1384,1427,306.0,335219.67,,5.8,3,10
PRJ453,79.1,49.7,28.7,34.4,17.8,2230,1443,322.3,55689.98,56.0,,-17,5
PRJ454,81.5,94.1,14.0,79.5,58.9,3392,1221,354.8,1966517.07,85.9,,2,0
PRJ455,76.7,25.7,14.2,59.4,37.1,3080,149,207.2,380981.58,16.8,,0,0
PRJ456,84.3,95.0,8.3,59.9,61.2,2757,966,201.8,506159.5,95.0,,1,2
PRJ457,88.1,27.2,5.0,5.0,0.0,2314,1081,236.6,73156.89,19.4,,-20,5
PRJ458,98.0,5.0,5.0,5.0,0.0,2578,1143,280.6,251397.88,5.1,,16,4
PRJ459,73.5,9.2,17.0,60.2,19.1,645,204,123.6,738159.51,5.0,,0,6
PRJ460,81.1,10.2,71.9,26.8,10.5,489,549,138.1,249248.22,,7.0,3,8
PRJ461,90.0,26.1,8.4,31.5,17.4,2960,1624,86.2,50933.7,24.1,,20,4
PRJ462,98.0,5.0,5.0,5.0,0.0,841,355,302.0,31611.73,5.0,,0,1
PRJ463,88.8,5.0,43.4,26.8,14.3,2622,2613,85.5,270769.35,,9.5,4,9
PRJ464,72.7,8.4,38.9,49.8,20.6,553,500,156.5,362979.37,,6.4,8,12
PRJ465,98.0,5.0,43.1,7.1,0.0,3130,2982,336.3,190606.18,,5.9,1,10
PRJ466,97.7,11.8,53.1,5.0,0.0,3216,3226,95.0,26796.42,,7.7,9,12
PRJ467,98.0,5.0,68.5,5.0,0.0,3479,3754,329.8,31589.81,,9.4,5,5
PRJ468,81.7,17.7,12.6,37.9,22.4,3457,2083,156.9,249238.6,25.3,,18,5
PRJ469,81.3,5.0,51.5,29.5,15.5,2237,2271,393.5,161597.08,,7.0,10,7
PRJ470,67.3,27.3,15.6,57.4,27.2,1389,739,253.4,680678.87,24.8,,4,2
PRJ471,98.0,6.4,5.0,13.0,14.1,615,34,214.4,59822.09,6.2,,0,0
PRJ472,69.8,49.6,48.8,31.4,40.9,3917,2664,279.2,545035.6,47.9,,-17,1
PRJ473,46.6,53.1,10.7,65.9,43.5,768,153,239.6,1299544.63,48.3,,0,3
PRJ474,64.0,5.0,5.0,44.3,25.7,864,64,362.4,545052.49,12.0,,0,0
PRJ475,73.7,5.0,72.7,49.1,20.5,1157,1223,98.9,795014.48,,7.4,7,10
PRJ476,63.2,7.3,76.5,42.0,8.6,3875,4454,265.8,400730.56,,8.3,0,11
PRJ477,69.5,12.6,5.0,12.9,0.0,2983,1292,50.6,150994.77,10.3,,-7,2
PRJ478,82.0,82.2,5.0,31.4,37.9,2191,134,277.1,96190.59,81.9,,0,0
PRJ479,97.0,54.3,13.7,30.2,37.7,1576,813,37.1,87196.15,68.6,,17,7
PRJ480,98.0,81.4,7.0,36.9,44.3,2045,457,282.7,170093.08,94.5,,0,4
PRJ481,55.7,14.7,73.7,83.9,40.8,534,565,279.2,1652500.23,,7.3,-4,5
PRJ482,98.0,95.0,37.0,28.5,44.1,682,460,43.3,233938.02,95.0,,3,4
PRJ483,34.8,14.3,43.7,78.4,30.0,746,707,174.4,1106898.13,,8.7,-2,12
PRJ484,76.4,95.0,11.8,49.3,53.5,1189,415,267.2,99369.24,95.0,,-10,0
PRJ485,91.0,5.5,5.0,22.9,4.5,3100,1677,150.2,38436.92,5.0,,12,2
PRJ486,94.4,5.0,78.5,21.6,20.2,709,806,336.4,167395.63,,6.7,10,3
PRJ487,84.0,17.4,51.8,30.8,25.3,2642,2393,136.1,345537.91,,7.2,6,11
PRJ488,70.7,5.0,66.4,54.6,28.9,2754,2888,306.3,338035.16,,7.2,5,11
PRJ489,83.5,8.2,69.2,18.7,8.8,455,503,114.4,93301.76,,6.8,2,7
PRJ490,98.0,5.0,76.4,27.0,9.9,2079,2243,284.4,85178.18,,5.9,4,10
PRJ491,73.9,20.0,5.7,64.9,20.1,2922,1099,366.1,645497.09,6.7,,8,6
PRJ492,78.4,13.3,62.5,18.6,19.1,863,814,99.9,742179.61,,7.5,4,5
PRJ493,84.3,17.5,5.0,32.1,22.9,2496,951,320.9,242502.65,11.4,,0,5
PRJ494,98.0,5.0,59.7,12.2,10.1,1842,2054,148.8,74810.26,,7.3,6,7
PRJ495,90.0,5.0,24.0,8.8,0.0,636,399,79.3,71858.89,5.0,,9,0
PRJ496,77.7,5.0,42.0,26.9,6.9,820,759,265.0,290514.56,,6.8,7,10
PRJ497,72.5,5.0,5.6,36.1,13.0,2682,1183,344.9,531406.3,6.6,,0,9
PRJ498,74.4,33.5,30.2,26.5,26.6,3616,2289,47.1,211377.91,21.5,,-17,1
PRJ499,63.7,5.0,16.1,56.9,25.4,2012,646,343.5,354221.55,18.7,,2,3
PRJ500,67.2,5.0,24.6,45.0,15.2,1976,1181,21.3,761550.79,7.0,,-3,6
PRJ501,83.1,18.7,32.4,42.5,30.9,570,388,390.2,776982.38,23.2,,9,1
PRJ502,81.3,12.1,5.0,67.3,23.6,2823,849,170.8,320838.2,16.7,,0,4
PRJ503,61.6,40.6,5.0,35.8,27.5,918,311,248.9,487648.68,34.2,,-17,0
PRJ504,80.6,95.0,5.0,48.2,40.3,1046,52,84.0,639372.2,95.0,,0,0
PRJ505,89.8,95.0,14.6,26.1,47.6,3944,1814,41.8,116166.44,95.0,,0,1
PRJ506,78.3,32.5,14.0,44.4,22.4,1157,368,120.3,113086.56,30.2,,-10,1
PRJ507,73.5,43.2,5.0,40.6,40.6,2771,893,166.5,151474.13,44.2,,-5,1
PRJ508,73.0,8.2,9.5,17.5,16.7,3127,1550,145.5,225639.12,6.6,,17,3
PRJ509,88.9,7.2,81.7,59.2,35.7,706,696,275.8,685810.82,,8.7,6,5
PRJ510,77.0,5.0,5.0,24.8,23.2,1860,662,227.6,236513.17,5.0,,17,6
PRJ511,87.3,5.0,54.6,38.9,18.6,3426,3233,242.4,162360.69,,9.3,3,10
PRJ512,69.6,5.0,62.5,10.2,12.2,1893,2149,178.5,166320.37,,8.3,0,8
PRJ513,68.1,5.0,14.5,12.9,12.0,3545,1858,279.2,124376.92,5.0,,-3,5
PRJ514,50.3,57.3,18.5,78.4,52.5,1580,667,297.8,1622286.34,61.4,,0,1
PRJ515,81.4,9.7,9.5,43.6,17.5,3713,1633,119.9,605859.1,5.0,,0,9
PRJ516,98.0,34.7,11.5,14.2,39.6,1237,719,398.7,31140.7,29.3,,4,1
PRJ517,68.8,10.2,8.6,28.7,13.2,1313,418,21.6,393798.43,6.5,,0,3
PRJ518,44.3,24.5,5.0,72.2,26.2,2470,1042,100.6,1939210.94,11.6,,-11,5
PRJ519,74.9,36.1,6.4,19.2,17.5,3774,2181,194.1,52240.27,29.2,,-17,3
PRJ520,56.0,14.4,9.6,53.2,25.2,2953,683,94.9,368955.81,10.2,,0,2
PRJ521,88.5,95.0,29.9,19.5,35.6,1052,394,92.9,49847.08,95.0,,-3,3
PRJ522,42.5,25.0,13.6,51.6,44.2,1251,383,139.3,1191995.73,26.5,,3,0
PRJ523,60.9,5.7,12.7,52.6,8.4,3135,1728,376.0,781518.92,5.3,,-6,5
PRJ524,88.6,5.0,5.6,11.4,8.6,1628,515,237.7,75382.72,5.0,,17,3
PRJ525,77.2,6.1,47.7,28.0,11.8,3713,3468,62.2,161212.4,,10.0,1,9
PRJ526,76.0,5.0,33.8,14.2,5.2,3108,2801,203.9,150117.82,,6.6,-5,7
PRJ527,90.5,5.0,5.0,28.0,18.9,2007,455,265.0,216794.51,10.0,,0,3
PRJ528,75.5,5.0,43.2,41.0,8.2,1288,1134,185.1,307136.86,,7.7,6,4
PRJ529,50.4,84.8,14.8,78.1,49.2,2676,147,169.1,1137609.94,79.0,,0,0
PRJ530,58.7,57.3,11.7,62.6,35.7,1130,454,355.2,978282.73,66.0,,0,6
PRJ531,57.7,49.1,5.0,50.3,43.4,1859,93,386.8,413291.1,34.9,,0,0
PRJ532,87.7,44.8,25.7,20.6,29.8,1349,827,143.6,51282.38,49.8,,-12,3
PRJ533,80.6,28.5,45.1,16.6,16.1,1309,1294,138.3,277361.02,,10.0,-3,5
PRJ534,73.8,84.1,5.0,29.8,24.9,1725,815,236.7,114954.55,72.2,,-19,6
PRJ535,90.7,5.0,5.0,24.5,5.2,1410,589,39.0,85085.09,5.0,,0,3
PRJ536,73.5,36.1,25.3,83.4,57.5,630,266,237.4,1541821.44,40.2,,2,2
PRJ537,82.8,20.5,55.4,39.1,30.3,1756,1655,315.2,214903.37,,5.8,4,6
PRJ538,79.7,13.0,67.9,28.7,19.4,548,599,325.7,254236.26,,7.7,-3,7
PRJ539,72.4,5.0,41.8,44.3,2.9,553,503,336.1,669643.66,,5.2,2,5
PRJ540,79.7,6.3,70.2,35.4,19.4,3969,4356,78.6,205174.97,,7.2,7,3
PRJ541,56.6,26.5,7.9,55.4,29.5,1263,502,131.0,1757297.82,28.5,,0,3
PRJ542,92.6,10.8,62.9,37.9,13.1,2681,2391,256.4,62143.41,,7.6,-3,6
PRJ543,88.4,15.3,63.9,39.7,4.0,1064,1209,346.5,85402.89,,6.8,1,3
PRJ544,70.9,95.0,17.5,48.9,41.6,2848,1577,137.8,573920.96,95.0,,-16,1
PRJ545,38.0,41.7,29.4,48.0,26.0,2843,1675,315.4,352424.07,28.3,,-20,4
PRJ546,53.6,5.0,62.5,44.4,27.6,3954,4115,144.2,414776.0,,9.6,-3,10
PRJ547,76.4,22.3,81.1,16.6,11.0,970,993,364.3,173796.59,,5.7,-5,4
PRJ548,97.6,33.6,17.3,15.9,24.3,630,340,352.4,203577.8,36.0,,5,10
PRJ549,84.8,5.6,60.6,37.6,10.1,3861,3844,186.0,246163.09,,8.0,0,10
PRJ550,72.0,27.6,5.0,38.1,20.3,758,229,21.1,498155.9,31.2,,1,7
PRJ551,55.5,33.2,15.4,49.8,32.3,1803,1105,178.7,323554.83,14.1,,-20,2
PRJ552,85.4,5.0,29.5,26.9,20.7,2920,2029,357.0,203437.07,8.5,,-2,6
PRJ553,72.7,30.1,20.8,55.8,24.3,2554,682,348.2,773921.88,28.8,,0,5
PRJ554,90.4,5.0,75.3,5.0,0.2,2895,3137,66.6,62929.66,,7.5,-5,4
PRJ555,78.9,65.8,20.7,38.5,56.1,2626,1469,159.5,440916.96,56.5,,20,8
PRJ556,69.8,95.0,28.6,28.1,47.1,1073,729,86.1,115840.11,95.0,,-15,3
PRJ557,75.7,7.5,14.0,41.9,27.5,3936,1471,365.1,484835.06,5.0,,0,4
PRJ558,72.2,5.0,65.6,27.0,9.1,3890,4036,178.0,266523.15,,7.9,6,5
PRJ559,98.0,66.0,5.0,13.0,19.3,2962,980,397.2,221900.64,51.2,,-20,1
PRJ560,98.0,95.0,5.0,13.4,35.7,2116,114,358.4,75637.5,95.0,,0,0
PRJ561,58.0,39.9,24.6,75.8,36.0,999,661,206.1,1852895.11,25.5,,-3,0
PRJ562,77.5,7.7,12.8,32.2,16.9,1052,434,249.4,122236.02,6.4,,12,5
PRJ563,78.3,5.0,13.0,63.2,18.5,461,298,36.6,700607.43,10.2,,19,3
PRJ564,65.1,39.0,21.5,72.2,34.8,3060,1127,370.3,1051535.18,16.3,,-17,5
PRJ565,62.3,15.2,67.4,77.2,30.4,1855,1950,215.4,1828003.55,,5.5,6,3
PRJ566,77.2,46.5,25.3,44.5,43.1,819,537,117.4,633909.23,44.3,,16,1
PRJ567,79.9,5.0,73.5,36.5,15.8,1981,2224,115.3,136446.9,,7.7,3,10
PRJ568,57.8,5.0,9.8,48.0,35.0,1499,667,140.5,706654.45,13.2,,-1,6
PRJ569,71.4,58.4,10.9,24.6,24.6,1206,656,205.3,284255.49,72.3,,18,1
PRJ570,93.2,42.0,5.0,18.2,14.7,1390,577,36.6,293551.74,28.6,,13,2
PRJ571,76.3,38.4,14.3,25.5,30.1,1155,420,194.8,131642.99,52.2,,11,3
PRJ572,67.7,37.7,6.0,39.5,39.8,2430,149,88.9,202490.08,24.3,,0,0
PRJ573,83.5,95.0,14.5,64.4,61.4,1622,111,68.5,394849.89,95.0,,0,0
PRJ574,46.1,7.5,53.4,18.9,9.2,2606,2452,70.8,140946.69,,8.9,-4,6
PRJ575,70.6,21.2,21.4,50.5,14.0,3679,1833,38.9,719504.68,10.8,,-12,5
PRJ576,87.6,95.0,9.2,44.7,35.2,3333,2088,207.3,479976.29,95.0,,17,4
PRJ577,77.6,93.0,7.6,42.8,22.3,1803,364,55.0,145286.84,89.5,,0,1
PRJ578,62.9,72.6,16.8,63.4,47.8,2375,170,324.7,1086986.14,63.9,,0,0
PRJ579,98.0,13.5,5.0,37.0,14.0,3900,943,40.0,52157.27,12.7,,0,1
PRJ580,75.2,5.0,7.5,45.2,16.6,975,310,162.9,638244.47,16.3,,0,6
PRJ581,98.0,12.0,64.9,5.0,2.8,3399,3392,303.2,32378.15,,8.1,4,9
PRJ582,98.0,5.0,13.3,10.2,18.6,3122,1882,159.2,209368.85,5.0,,1,2
PRJ583,61.2,42.6,9.0,43.2,25.9,791,347,90.3,445025.31,42.5,,-6,5
PRJ584,72.6,5.0,46.3,39.0,17.3,3913,3472,148.6,473645.73,,7.6,9,6
PRJ585,87.3,5.0,60.2,53.0,10.7,879,927,100.9,682764.02,,9.4,10,7
PRJ586,63.4,12.5,57.0,56.2,21.2,3735,3395,346.2,703399.65,,6.2,8,11
PRJ587,98.0,16.6,5.0,5.0,7.0,2536,934,350.0,44763.69,21.6,,16,3
PRJ588,91.7,71.7,13.0,50.9,48.1,634,294,335.9,89143.19,81.4,,20,0
PRJ589,62.1,17.6,20.5,34.6,30.3,3857,2441,255.3,376846.84,31.1,,-18,5
PRJ590,66.0,17.4,32.7,63.6,26.7,3909,2415,52.0,1759623.8,16.0,,20,2
PRJ591,46.4,14.0,5.0,53.9,21.6,1733,105,21.2,327523.15,5.0,,0,0
PRJ592,55.6,21.5,10.3,53.0,18.9,1009,44,66.3,675147.46,13.2,,0,0
PRJ593,90.4,19.3,19.5,30.0,38.5,3644,1151,107.2,104618.41,19.5,,19,1
PRJ594,86.5,55.3,21.6,38.0,34.0,838,288,116.2,280662.85,62.7,,20,1
PRJ595,68.0,5.0,62.3,34.1,17.9,2290,2533,131.9,722244.29,,6.2,3,5
PRJ596,67.3,19.9,5.0,30.0,19.4,953,439,60.2,218458.53,10.7,,-13,1
PRJ597,72.5,87.1,5.0,53.1,25.0,3716,2025,349.4,577319.73,69.7,,-17,2
PRJ598,73.4,5.0,63.8,68.2,18.2,3942,3743,262.4,599108.99,,8.6,10,8
PRJ599,68.5,12.5,71.8,17.9,2.5,3087,3424,376.2,104477.32,,9.0,9,5
PRJ600,67.9,5.0,5.0,43.0,7.3,2879,1181,264.4,364044.98,5.0,,-2,1
PRJ601,91.0,5.0,63.9,6.1,18.8,3004,2775,247.5,78994.45,,8.0,4,11
PRJ602,59.4,14.9,17.5,36.1,19.9,3641,1794,155.3,704737.74,5.0,,19,1
PRJ603,85.9,8.9,31.9,23.6,15.5,1616,526,160.3,115300.76,22.1,,9,2
PRJ604,35.7,95.0,25.2,81.0,64.7,2157,659,258.8,1825950.74,94.2,,-12,0
PRJ605,94.3,5.0,58.2,30.0,14.7,1514,1684,397.2,258167.53,,7.4,-2,10
PRJ606,92.0,20.2,5.0,43.9,38.2,1413,636,208.9,697058.61,17.5,,0,1
PRJ607,98.0,50.9,16.7,14.8,31.6,3267,1613,366.7,53458.77,53.6,,1,5
PRJ608,87.5,5.8,70.1,30.7,17.5,794,870,300.8,310664.62,,7.8,7,12
PRJ609,81.5,37.4,7.7,42.6,29.8,3735,1583,378.1,210802.17,34.0,,0,4
PRJ610,66.8,11.4,56.2,11.0,15.6,1195,1165,158.6,114785.99,,8.2,-4,6
PRJ611,84.3,68.0,17.9,45.3,36.0,2184,1047,152.4,154754.52,60.0,,0,3
PRJ612,84.7,15.6,17.5,28.2,13.6,2824,988,374.7,238748.59,14.3,,-3,7
PRJ613,95.0,72.3,17.2,23.6,52.4,3501,1546,139.2,33333.95,86.5,,17,0
PRJ614,80.3,81.1,23.2,80.9,51.6,1544,568,283.4,349674.67,84.5,,20,3
PRJ615,75.5,5.0,78.6,5.0,2.8,3349,3704,323.8,52991.85,,7.1,-3,6
PRJ616,58.2,5.0,5.0,51.1,25.2,2088,1168,210.5,532102.86,5.0,,8,2
PRJ617,59.8,11.0,75.1,45.9,22.6,2068,2073,28.8,652895.22,,7.9,9,8
PRJ618,67.0,5.5,11.1,36.0,25.3,3494,1238,44.4,288685.8,5.0,,3,2
PRJ619,52.2,95.0,16.5,81.4,57.9,2388,146,66.3,860100.92,95.0,,0,0
PRJ620,51.8,8.0,12.8,55.9,25.9,2323,823,300.1,703393.03,5.0,,0,3
PRJ621,62.3,95.0,9.1,57.0,57.9,2613,945,304.8,957400.91,95.0,,0,1
PRJ622,83.4,5.0,65.9,38.1,1.6,3220,3201,347.3,419644.71,,7.1,8,4
PRJ623,75.9,5.0,70.1,57.0,20.6,2325,2509,66.2,354855.88,,6.2,5,7
PRJ624,98.0,5.0,7.4,7.9,2.3,2005,118,215.8,70733.37,6.0,,0,0
PRJ625,69.4,95.0,14.8,13.3,32.3,639,362,178.9,73991.95,89.1,,-16,1
PRJ626,86.4,5.0,90.0,46.3,23.6,3510,3873,378.8,116375.03,,5.5,2,12
PRJ627,97.9,5.0,5.0,5.0,6.6,2035,933,242.5,127080.34,14.4,,0,5
PRJ628,56.6,12.4,75.6,68.9,34.3,3050,3285,100.2,842207.92,,6.4,0,3
PRJ629,90.3,7.9,72.6,30.5,9.8,2640,2932,255.3,285060.94,,8.1,10,10
PRJ630,92.0,5.1,88.3,24.6,16.0,2699,3002,380.3,171682.03,,7.5,0,6
PRJ631,82.3,38.3,8.4,5.0,11.1,1222,521,299.0,130374.85,16.5,,-17,3
PRJ632,65.2,5.2,70.5,41.2,32.3,3978,4231,201.6,518621.35,,6.4,8,12
PRJ633,79.0,5.0,5.0,16.8,1.7,3784,1121,150.9,178701.65,12.6,,0,1
PRJ634,69.7,5.0,36.0,64.8,20.0,3721,2564,101.7,735071.53,5.0,,1,5
PRJ635,81.9,7.7,47.1,20.5,8.1,3287,3037,317.8,148490.7,,6.7,9,10
PRJ636,58.1,5.0,24.5,60.0,22.6,3651,2533,105.5,1870809.36,5.0,,1,1
PRJ637,79.7,5.0,70.9,20.4,0.0,2143,2408,185.6,167206.86,,5.4,3,11
PRJ638,86.0,5.0,13.8,8.3,9.5,2174,1068,68.2,23950.07,8.6,,18,2
PRJ639,77.2,14.6,74.7,51.6,32.0,2362,2578,336.7,774499.24,,5.5,2,8
PRJ640,72.6,46.7,24.3,59.2,40.5,2916,1717,198.9,600526.24,44.5,,18,6
PRJ641,92.8,5.0,59.6,46.9,13.4,2488,2202,69.0,652586.74,,6.5,1,6
PRJ642,55.9,7.5,66.2,63.8,24.5,1412,1488,312.6,496617.49,,8.8,-5,7
PRJ643,75.3,44.4,21.4,19.8,28.3,2133,682,308.0,80537.0,51.7,,12,8
PRJ644,65.5,8.3,72.2,77.8,23.1,2297,2468,320.6,1707024.36,,5.7,1,12
PRJ645,60.2,23.1,11.9,51.8,36.2,2572,1405,63.3,474296.31,27.6,,11,2
PRJ646,70.7,49.4,13.2,70.9,30.8,607,219,53.5,1915473.14,37.0,,19,2
PRJ647,74.3,91.0,5.0,21.0,19.8,3985,1268,360.0,291602.03,80.0,,-16,6
PRJ648,46.5,8.8,5.0,52.7,14.4,2953,462,220.7,378916.04,5.0,,0,3
PRJ649,68.4,91.5,17.9,77.7,43.0,1352,516,285.9,825725.96,84.3,,10,3
PRJ650,83.0,5.2,72.0,66.4,13.6,3638,4160,282.2,562335.37,,7.3,8,8
PRJ651,92.9,36.7,10.7,26.4,13.2,3969,2173,261.7,187310.28,33.8,,0,9
PRJ652,50.4,95.0,15.5,46.3,56.4,440,196,310.3,767161.05,95.0,,-11,0
PRJ653,68.6,5.0,12.6,6.5,0.4,3607,2181,173.0,163014.65,5.0,,7,0
PRJ654,78.9,9.6,84.1,49.9,16.6,1619,1850,126.3,732475.19,,7.3,6,7
PRJ655,64.8,81.4,15.3,26.7,35.1,1541,824,289.2,211933.28,95.0,,15,0
PRJ656,52.1,29.5,13.5,38.9,30.1,3933,2089,70.3,1149523.07,43.4,,9,1
PRJ657,57.2,5.0,58.4,26.9,14.0,1780,1841,40.3,480309.21,,6.9,-4,9
PRJ658,65.4,5.0,48.4,54.4,25.6,3964,4023,281.2,780665.45,,6.4,8,3
PRJ659,78.7,12.0,9.5,36.6,9.1,3401,979,24.0,113698.6,5.0,,0,3
PRJ660,81.9,88.9,5.0,50.0,29.2,505,178,145.3,729877.47,95.0,,0,1
PRJ661,68.5,23.3,7.7,46.3,28.1,550,124,245.1,433276.2,28.5,,0,7
PRJ662,77.9,95.0,22.3,52.7,58.1,2491,1393,374.1,121204.21,95.0,,-16,0
PRJ663,98.0,46.9,15.4,31.8,19.0,1511,572,178.4,295212.07,44.4,,-20,2
PRJ664,44.6,5.0,5.0,74.3,37.0,3715,230,344.2,1888903.1,5.0,,0,0
PRJ665,89.7,5.0,63.5,5.7,0.0,3735,4275,152.1,77682.72,,10.0,3,4
PRJ666,51.4,95.0,13.0,60.8,63.4,3707,1322,317.8,1209350.09,95.0,,-20,0
PRJ667,41.6,5.9,58.4,75.9,32.4,2786,2627,337.2,1544863.53,,7.9,-4,4
PRJ668,38.6,42.3,32.3,46.3,27.5,2260,1322,52.9,563246.26,40.6,,-10,1
PRJ669,70.5,15.9,52.7,43.3,12.2,1076,1002,106.1,773120.29,,8.2,4,5
PRJ670,85.7,34.8,13.4,11.9,11.8,3961,1026,279.0,156173.73,33.1,,0,5
PRJ671,80.2,53.4,25.7,71.5,43.1,1866,1000,119.8,538336.48,51.4,,11,2
PRJ672,65.8,72.8,22.8,43.2,48.4,3849,1997,38.2,208706.14,69.6,,-12,0
PRJ673,61.2,21.1,23.6,73.0,42.5,744,424,106.6,1811778.14,5.0,,4,6
PRJ674,47.4,8.9,73.8,79.7,25.9,2466,2772,156.2,1408194.05,,9.3,10,12
PRJ675,70.7,95.0,29.6,44.9,48.5,1819,116,356.3,318141.25,95.0,,0,0
PRJ676,69.5,48.2,12.1,68.2,60.3,1303,402,251.9,527837.42,50.9,,4,1
PRJ677,81.3,5.0,70.6,13.2,7.3,1060,1108,335.8,119017.05,,6.5,-1,7
PRJ678,94.3,95.0,22.4,20.4,12.4,1337,917,357.7,41398.29,95.0,,6,2
PRJ679,76.3,6.8,45.1,40.8,21.6,2422,2139,268.8,329618.22,,8.4,-5,7
PRJ680,76.4,5.0,5.0,48.8,20.0,2913,734,83.6,509944.7,15.8,,0,10
PRJ681,78.6,5.0,64.8,22.4,9.6,630,656,155.0,272721.63,,6.3,-1,10
PRJ682,54.9,7.1,30.1,67.8,33.4,1157,194,155.4,1388543.34,6.1,,0,8
PRJ683,75.3,51.4,5.0,52.6,39.6,1232,626,101.7,677261.25,54.3,,13,4
PRJ684,64.2,8.3,77.3,58.1,17.9,3785,3908,389.4,640138.55,,4.4,8,5
PRJ685,45.2,33.7,5.0,45.8,20.4,1046,372,246.6,632231.38,29.4,,-19,3
PRJ686,61.2,9.6,53.2,52.2,31.1,3078,2877,265.5,767739.47,,6.7,-1,8
PRJ687,98.0,5.0,64.2,5.0,0.0,762,857,92.3,65946.97,,9.4,6,9
PRJ688,80.3,95.0,16.4,47.2,55.5,761,331,262.8,522215.84,94.0,,-8,2
PRJ689,65.6,95.0,16.7,87.2,60.7,2323,1606,208.3,1984934.92,95.0,,19,0
PRJ690,62.8,24.3,30.5,63.4,30.9,3868,2237,207.9,785016.21,20.8,,-9,3
PRJ691,69.4,5.0,58.6,64.9,19.8,3866,3787,100.8,317130.27,,9.3,7,7
PRJ692,74.2,5.0,5.0,21.4,22.2,1144,65,149.2,147033.26,15.8,,0,0
PRJ693,68.6,5.0,65.0,49.1,28.6,2025,1893,57.9,578612.33,,8.5,7,6
PRJ694,86.8,79.3,22.7,22.8,43.3,2386,761,63.9,221393.22,83.6,,12,7
PRJ695,90.0,45.5,23.3,36.0,28.3,2125,808,47.4,307131.53,45.7,,0,2
PRJ696,81.8,15.6,7.0,44.2,36.0,447,179,159.6,649680.6,27.3,,18,2
PRJ697,82.3,28.2,27.6,47.7,37.8,768,471,34.9,551557.04,29.6,,15,2
PRJ698,78.9,51.6,5.0,37.0,37.5,2738,1303,247.5,262823.99,55.5,,10,0
PRJ699,60.8,8.3,18.1,56.0,26.9,2082,654,371.5,760515.05,5.0,,3,0
PRJ700,53.1,5.0,51.7,44.4,14.9,1216,1169,95.0,334974.29,,7.3,8,9
PRJ701,83.7,38.3,5.0,66.5,43.9,2186,923,84.1,338037.1,44.5,,4,2
PRJ702,97.4,57.5,5.0,32.9,28.9,2445,153,399.4,239538.97,60.8,,0,0
PRJ703,75.7,68.1,27.2,47.2,46.3,3747,835,211.2,144724.01,68.7,,0,0
PRJ704,55.1,68.8,18.7,42.1,48.1,2456,86,332.0,617197.21,68.5,,0,0
PRJ705,65.4,73.1,7.2,82.2,41.0,3842,1623,175.2,1265023.69,68.3,,10,7
PRJ706,77.1,49.9,5.0,18.8,43.3,404,189,345.6,242062.74,48.9,,-14,0
PRJ707,78.8,95.0,16.9,57.0,53.9,3909,1273,235.2,669508.21,95.0,,0,3
PRJ708,94.0,5.0,5.0,18.4,2.3,2557,1283,329.3,273673.53,5.0,,8,2
PRJ709,93.1,29.1,6.0,30.5,23.1,2651,1192,393.0,32754.3,28.5,,0,1
PRJ710,80.9,5.0,54.8,12.1,0.2,780,817,369.4,64158.52,,7.9,6,10
PRJ711,55.0,95.0,5.0,57.2,44.3,2971,936,59.5,710812.59,88.8,,0,0
PRJ712,74.5,5.0,44.2,71.4,22.7,2612,2334,50.1,1258548.92,,8.4,4,11
PRJ713,54.6,11.0,52.6,47.3,19.3,2923,2726,399.5,749214.29,,7.8,-2,3
PRJ714,76.3,27.8,8.1,51.9,31.3,912,47,276.2,383045.88,31.2,,0,0
PRJ715,87.2,40.4,6.4,8.3,19.2,3924,1935,86.6,131181.62,41.3,,11,1
PRJ716,91.0,30.9,7.8,38.0,30.9,1881,773,332.8,256544.41,18.8,,-16,4
PRJ717,77.8,8.4,5.0,21.4,19.7,2867,202,128.4,286778.41,8.8,,0,0
PRJ718,84.3,95.0,34.7,36.4,33.7,2336,1349,170.2,115861.87,95.0,,-3,1
PRJ719,86.2,10.5,51.4,20.2,12.9,2363,2226,303.9,202318.82,,7.3,9,10
PRJ720,82.8,9.0,30.1,18.9,0.0,1022,656,137.5,287150.45,5.0,,-1,4
PRJ721,80.4,7.1,62.2,32.4,25.6,2992,2682,53.9,247360.71,,4.0,8,8
PRJ722,75.6,24.3,29.1,11.7,8.7,2867,1702,373.8,95517.72,5.0,,-14,3
PRJ723,69.8,5.0,61.6,28.0,8.3,1732,1740,316.6,110731.12,,7.9,-4,6
PRJ724,78.9,74.2,6.3,27.2,23.8,3619,1721,112.3,289469.21,68.5,,-8,7
PRJ725,77.0,95.0,25.8,63.1,67.5,2898,718,345.6,703342.98,95.0,,0,0
PRJ726,46.7,5.0,77.0,56.2,18.1,3774,4027,92.9,1727671.06,,5.6,-1,12
PRJ727,63.7,13.8,70.3,53.6,29.0,2961,2883,265.3,368623.94,,6.7,6,11
PRJ728,41.8,5.0,40.7,44.1,1.9,2534,2378,282.6,675919.58,,5.0,-1,4
PRJ729,53.6,29.3,28.3,62.9,39.0,1641,574,36.1,440284.24,38.2,,0,1
PRJ730,63.3,5.0,61.0,42.9,33.1,3048,3180,309.8,323221.47,,9.3,-1,12
PRJ731,75.2,35.6,27.3,51.2,18.4,1887,1286,90.4,393842.92,37.7,,6,5
PRJ732,94.3,5.0,70.5,9.3,5.4,1353,1481,33.5,62438.95,,7.4,-3,10
PRJ733,83.2,5.0,63.4,20.7,14.0,2260,2127,96.3,138412.77,,6.2,7,12
PRJ734,98.0,18.5,15.9,31.6,11.4,1162,92,131.3,259422.35,12.4,,0,0
PRJ735,67.9,5.0,76.0,48.4,21.6,2206,2118,127.7,631599.17,,7.4,2,11
PRJ736,77.8,85.0,13.9,29.8,26.7,3215,2163,263.6,203667.95,75.8,,-8,5
PRJ737,86.0,17.1,5.0,5.4,0.6,2137,700,151.7,32923.18,8.8,,-10,3
PRJ738,98.0,16.5,5.0,22.3,16.0,3626,1717,191.4,173816.1,16.1,,3,1
PRJ739,98.0,14.8,9.2,11.5,10.5,3880,1451,335.7,27051.71,12.8,,5,3
PRJ740,98.0,5.0,62.3,14.0,6.2,3391,3243,249.6,76131.18,,6.2,5,11
PRJ741,77.6,8.1,66.6,48.6,23.4,1720,1722,224.5,564827.75,,8.6,7,9
PRJ742,83.4,95.0,20.6,16.0,41.7,2130,860,187.7,49432.06,95.0,,15,1
PRJ743,93.5,5.0,53.4,28.9,11.2,3550,3490,297.6,267564.25,,7.6,8,7
PRJ744,93.3,25.0,15.7,35.1,35.2,734,472,359.0,261043.65,23.5,,6,1
PRJ745,90.2,18.5,10.2,54.3,31.9,3715,2360,235.3,674366.7,21.8,,0,1
PRJ746,92.0,5.0,54.0,22.4,12.6,2878,2969,369.4,242352.37,,7.6,5,6
PRJ747,82.9,38.3,5.0,47.3,20.5,616,253,188.3,658300.48,35.9,,12,7
PRJ748,46.5,7.1,73.3,59.2,7.2,3251,3498,114.6,414444.72,,7.1,-3,11
PRJ749,56.4,10.7,49.5,65.3,26.0,1937,1732,169.1,1976595.45,,8.0,3,7
PRJ750,41.9,23.7,13.4,64.6,22.1,1448,679,394.7,1429349.63,25.9,,0,4
PRJ751,62.2,5.0,15.6,26.9,12.1,2868,653,149.7,207428.2,6.7,,0,1
PRJ752,96.9,5.0,5.0,28.7,18.6,2809,568,200.9,141355.38,20.2,,0,8
PRJ753,98.0,5.0,5.0,11.7,0.0,3089,1453,49.5,21595.04,5.0,,9,5
PRJ754,69.1,21.3,44.3,65.4,21.4,1634,1560,179.4,657625.26,,8.2,6,12
PRJ755,85.2,52.0,5.0,37.9,37.5,2882,1491,27.9,287252.69,65.9,,19,4
PRJ756,74.3,5.0,77.1,14.0,6.2,1746,1930,69.6,151693.57,,8.1,2,3
PRJ757,68.1,8.3,55.3,66.9,28.3,3281,3193,163.6,564160.62,,6.6,-2,5
PRJ758,98.0,5.0,6.0,28.4,13.9,1023,54,205.7,43332.15,6.6,,0,0
PRJ759,68.6,27.6,5.0,47.2,30.0,1644,718,22.0,631514.67,35.6,,0,2
PRJ760,48.1,13.2,64.8,64.7,24.7,2987,3055,46.9,1082947.19,,7.5,2,9
PRJ761,55.1,74.8,5.0,47.7,32.0,2444,1143,195.6,748463.86,68.3,,11,1
PRJ762,89.8,17.7,54.7,21.5,25.1,3071,3279,367.7,231518.3,,5.9,1,7
PRJ763,73.3,5.0,83.3,19.4,1.4,997,1121,100.5,250114.9,,9.7,-2,4
PRJ764,85.5,5.0,31.7,20.6,19.1,1204,732,122.1,31428.64,15.0,,14,2
PRJ765,90.5,5.0,25.8,23.3,7.1,2914,2632,360.9,47709.18,,5.9,-3,11
PRJ766,79.6,95.0,44.8,38.2,61.1,2712,1810,276.9,226236.98,95.0,,5,0
PRJ767,83.1,5.0,69.0,32.0,14.0,2232,2529,126.7,181404.13,,8.0,1,11
PRJ768,71.0,5.0,61.8,67.5,27.9,2618,2532,347.5,553276.71,,8.1,4,10
PRJ769,84.1,87.3,12.7,11.4,34.1,1239,636,179.0,40759.97,95.0,,10,1
PRJ770,57.0,10.4,69.4,45.1,33.0,3351,3730,139.0,305342.62,,6.2,-2,10
PRJ771,67.1,5.1,60.2,6.9,6.4,2666,2637,265.8,232035.12,,5.4,-1,8
PRJ772,87.0,21.1,15.0,13.2,3.9,3186,1262,159.9,68552.86,17.3,,-11,2
PRJ773,84.7,5.0,65.2,9.4,5.9,3009,3386,129.7,281260.1,,6.7,0,6
PRJ774,73.3,72.2,6.8,53.2,54.0,1213,27,141.4,525958.95,79.7,,0,0
PRJ775,53.3,10.0,7.4,48.6,17.0,612,340,368.0,314135.17,5.0,,-6,2
PRJ776,60.2,18.9,60.0,38.3,27.2,3781,3757,48.7,732202.67,,5.3,9,9
PRJ777,98.0,44.0,5.0,10.3,28.4,3750,1078,90.3,57262.28,35.6,,0,1
PRJ778,76.5,66.2,10.7,57.1,30.7,2356,1062,351.5,360644.43,69.3,,17,7
PRJ779,85.8,5.0,65.2,40.5,0.3,3671,3890,26.0,161654.57,,7.2,5,11
PRJ780,69.1,39.8,18.7,15.7,0.9,1962,906,119.4,53955.92,29.0,,-15,8
PRJ781,98.0,30.4,12.1,9.1,15.8,1003,512,269.5,58291.32,28.3,,15,2
PRJ782,85.4,16.7,5.0,33.6,9.9,3221,1306,313.7,176500.17,17.9,,0,0
PRJ783,87.6,95.0,7.4,37.8,50.3,1455,621,319.3,243363.87,95.0,,8,1
PRJ784,73.9,95.0,14.1,49.4,48.0,990,59,181.1,138519.26,95.0,,0,0
PRJ785,57.3,12.1,71.9,16.9,3.2,2115,2394,85.5,138907.96,,8.2,0,5
PRJ786,62.6,20.9,21.5,52.6,30.0,2105,1422,337.5,759420.16,35.7,,20,5
PRJ787,50.9,19.4,80.3,69.0,39.7,2761,2579,213.4,1504407.64,,6.8,-3,7
PRJ788,42.5,20.8,71.8,64.8,31.3,1717,1813,204.5,1816649.71,,6.7,-3,10
PRJ789,80.2,38.1,8.8,23.9,19.5,1178,622,34.9,200462.61,36.6,,-16,2
PRJ790,79.7,8.0,82.0,38.3,9.4,2626,2987,392.1,111852.01,,9.0,-4,7
PRJ791,45.5,17.8,67.4,65.5,31.9,3492,3694,68.3,1576533.89,,5.6,-2,9
PRJ792,52.5,10.8,71.6,54.7,20.9,3169,3155,62.8,1002598.44,,6.5,-1,11
PRJ793,86.9,16.5,90.0,24.9,18.5,2169,2464,106.8,99641.85,,7.8,8,6
PRJ794,57.8,41.7,21.5,66.2,39.7,3934,2177,59.3,515885.26,35.8,,-12,1
PRJ795,60.1,68.0,5.0,24.9,8.0,2158,1020,73.8,200428.03,68.4,,-12,2
PRJ796,58.0,5.0,69.4,60.4,19.7,1305,1422,126.4,1670048.32,,6.4,0,11
PRJ797,81.5,45.9,6.4,42.6,28.6,1639,90,87.1,407414.94,38.1,,0,0
PRJ798,77.7,6.7,49.6,17.9,8.3,2748,2614,318.0,106114.31,,7.5,-5,11
PRJ799,96.8,75.0,15.3,49.7,38.5,1997,570,242.1,286549.6,82.8,,0,3
PRJ800,73.2,17.5,47.5,12.2,8.9,1032,1074,85.0,200899.94,,7.9,-4,5
