team_id,project_id,formation_date,actual_performance_score,team_success,met_deadline,quality_rating
TEAM002,PRJ755,2024-05-29,75.8,0,,7.0
TEAM004,PRJ349,2023-04-10,88.3,1,1.0,8.0
TEAM005,PRJ388,2023-09-02,78.0,0,0.0,8.0
TEAM006,PRJ792,2023-11-01,86.5,1,1.0,8.0
TEAM007,PRJ687,2023-03-26,89.4,1,1.0,8.0
TEAM009,PRJ068,2024-05-18,78.4,0,,8.0
TEAM010,PRJ147,2023-07-15,90.4,1,1.0,7.0
TEAM011,PRJ225,2023-07-19,86.0,1,1.0,8.0
TEAM014,PRJ465,2023-01-27,63.9,0,0.0,7.0
TEAM017,PRJ088,2023-02-15,69.0,0,,7.0
TEAM019,PRJ553,2023-10-22,81.4,1,,8.0
TEAM020,PRJ124,2023-07-22,57.3,0,,8.0
TEAM023,PRJ741,2024-04-08,69.0,0,0.0,7.0
TEAM024,PRJ479,2024-06-24,60.0,0,,8.0
TEAM025,PRJ255,2023-03-21,86.7,1,1.0,8.0
TEAM026,PRJ078,2023-11-06,61.3,0,,7.0
TEAM027,PRJ171,2024-08-06,72.4,0,0.0,7.0
TEAM031,PRJ123,2024-02-07,79.1,0,,8.0
TEAM032,PRJ268,2023-07-12,69.5,0,,7.0
TEAM033,PRJ469,2023-07-22,71.1,0,0.0,7.0
TEAM034,PRJ358,2024-06-19,77.1,0,0.0,7.0
TEAM035,PRJ680,2023-02-21,74.5,0,,8.0
TEAM036,PRJ289,2023-03-27,45.2,0,,6.0
TEAM038,PRJ004,2024-01-29,69.9,0,,8.0
TEAM040,PRJ441,2023-10-15,80.5,1,,8.0
TEAM041,PRJ363,2024-02-12,73.0,0,,6.0
TEAM042,PRJ026,2024-02-29,47.7,0,,7.0
TEAM044,PRJ234,2023-11-22,72.2,0,0.0,7.0
TEAM046,PRJ040,2024-07-10,68.6,0,0.0,7.0
TEAM047,PRJ261,2023-08-18,43.8,0,,7.0
TEAM048,PRJ072,2023-06-28,88.1,1,,7.0
TEAM049,PRJ683,2024-04-15,59.5,0,,7.0
TEAM050,PRJ431,2024-06-04,65.5,0,,7.0
TEAM051,PRJ416,2023-02-18,88.8,1,1.0,8.0
TEAM053,PRJ096,2023-08-20,93.3,1,1.0,8.0
TEAM054,PRJ467,2023-11-06,77.7,0,0.0,8.0
TEAM055,PRJ225,2023-07-19,89.8,1,1.0,8.0
TEAM057,PRJ762,2023-12-28,64.1,0,0.0,7.0
TEAM058,PRJ731,2023-05-21,54.1,0,,8.0
TEAM061,PRJ489,2023-05-22,92.9,1,1.0,8.0
TEAM063,PRJ479,2024-06-25,73.5,0,,8.0
TEAM064,PRJ139,2024-09-03,56.0,0,,7.0
TEAM065,PRJ466,2024-08-07,88.0,1,1.0,8.0
TEAM066,PRJ768,2023-11-10,90.9,1,1.0,7.0
TEAM067,PRJ245,2023-12-20,74.3,0,0.0,8.0
TEAM068,PRJ319,2023-01-21,70.8,0,0.0,8.0
TEAM070,PRJ356,2023-02-16,54.7,0,,7.0
TEAM071,PRJ431,2024-06-07,77.7,0,,7.0
TEAM076,PRJ349,2023-04-10,90.8,1,1.0,8.0
TEAM079,PRJ436,2023-04-07,78.2,0,,8.0
TEAM081,PRJ757,2024-01-23,88.4,1,1.0,8.0
TEAM082,PRJ233,2023-05-12,69.4,0,0.0,8.0
TEAM084,PRJ349,2023-04-08,86.4,1,1.0,8.0
TEAM085,PRJ088,2023-02-07,60.6,0,,7.0
TEAM088,PRJ271,2023-03-09,88.4,1,1.0,7.0
TEAM089,PRJ299,2024-08-13,76.3,0,0.0,8.0
TEAM090,PRJ436,2023-03-28,90.2,1,,8.0
TEAM091,PRJ610,2024-01-17,75.2,0,0.0,8.0
TEAM094,PRJ532,2023-12-21,78.7,0,,7.0
TEAM096,PRJ338,2024-04-01,100.0,1,,7.0
TEAM097,PRJ091,2023-10-25,65.8,0,,8.0
TEAM098,PRJ674,2023-01-29,87.9,1,1.0,7.0
TEAM105,PRJ552,2023-07-05,86.1,1,,8.0
TEAM107,PRJ680,2023-03-04,57.7,0,,8.0
TEAM111,PRJ233,2023-05-18,69.5,0,0.0,8.0
TEAM112,PRJ058,2023-06-26,75.6,0,0.0,8.0
TEAM114,PRJ238,2023-07-05,54.5,0,,9.0
TEAM115,PRJ694,2023-01-14,63.3,0,,8.0
TEAM118,PRJ282,2023-09-20,84.4,1,1.0,7.0
TEAM120,PRJ035,2023-10-30,66.5,0,,6.0
TEAM122,PRJ169,2024-07-14,74.6,0,0.0,7.0
TEAM123,PRJ571,2024-07-29,94.6,1,,8.0
TEAM125,PRJ026,2024-03-07,52.4,0,,7.0
TEAM128,PRJ687,2023-04-02,93.9,1,1.0,8.0
TEAM131,PRJ466,2024-08-03,94.2,1,1.0,8.0
TEAM134,PRJ135,2024-02-08,50.7,0,,7.0
TEAM135,PRJ054,2023-08-18,76.4,0,0.0,8.0
TEAM136,PRJ630,2023-02-25,73.2,0,0.0,7.0
TEAM137,PRJ083,2023-10-06,81.4,1,1.0,7.0
TEAM139,PRJ441,2023-10-20,79.4,0,,8.0
TEAM140,PRJ321,2024-09-05,95.7,1,1.0,8.0
TEAM141,PRJ099,2023-09-04,79.7,0,,6.0
TEAM142,PRJ687,2023-03-23,91.5,1,1.0,8.0
TEAM145,PRJ440,2024-01-29,100.0,1,,7.0
TEAM146,PRJ720,2023-08-21,63.9,0,,7.0
TEAM147,PRJ072,2023-06-20,76.6,0,,7.0
TEAM148,PRJ465,2023-02-01,69.1,0,0.0,7.0
TEAM151,PRJ354,2023-01-30,85.7,1,,7.0
TEAM152,PRJ540,2023-08-24,70.7,0,0.0,8.0
TEAM153,PRJ297,2023-03-23,70.9,0,,8.0
TEAM154,PRJ546,2024-05-24,69.0,0,0.0,7.0
TEAM156,PRJ415,2023-04-30,83.1,1,,8.0
TEAM158,PRJ227,2024-08-05,54.9,0,,7.0
TEAM161,PRJ773,2023-09-12,89.1,1,1.0,8.0
TEAM162,PRJ481,2024-02-07,71.7,0,0.0,7.0
TEAM163,PRJ079,2023-09-05,96.0,1,1.0,8.0
TEAM164,PRJ330,2024-01-04,76.8,0,0.0,8.0
TEAM165,PRJ517,2023-07-20,66.5,0,,7.0
TEAM167,PRJ647,2023-09-02,65.7,0,,7.0
TEAM168,PRJ291,2024-02-01,71.8,0,0.0,7.0
TEAM171,PRJ185,2024-02-08,82.4,1,0.0,8.0
TEAM174,PRJ771,2023-08-02,72.0,0,0.0,8.0
TEAM177,PRJ086,2023-10-07,47.4,0,,8.0
TEAM180,PRJ150,2023-11-17,66.5,0,,8.0
TEAM181,PRJ778,2024-05-07,45.0,0,,8.0
TEAM182,PRJ562,2023-07-07,73.1,0,,8.0
TEAM183,PRJ125,2024-05-31,82.8,1,,7.0
TEAM188,PRJ791,2024-01-16,71.2,0,0.0,8.0
TEAM189,PRJ713,2024-08-23,66.4,0,0.0,7.0
TEAM190,PRJ324,2023-02-15,74.6,0,0.0,8.0
TEAM193,PRJ085,2023-12-20,72.8,0,,8.0
TEAM194,PRJ082,2024-04-04,71.5,0,,8.0
TEAM196,PRJ282,2023-09-30,86.7,1,1.0,7.0
TEAM197,PRJ036,2024-06-15,69.0,0,0.0,7.0
TEAM199,PRJ256,2023-07-05,83.1,1,,8.0
TEAM201,PRJ205,2024-04-19,93.9,1,1.0,8.0
TEAM202,PRJ727,2024-04-17,94.7,1,1.0,8.0
TEAM203,PRJ125,2024-06-03,60.8,0,,7.0
TEAM204,PRJ565,2024-05-15,69.5,0,0.0,8.0
TEAM205,PRJ129,2023-03-13,85.4,1,1.0,8.0
TEAM206,PRJ787,2024-03-02,72.6,0,0.0,7.0
TEAM207,PRJ532,2023-12-25,55.1,0,,7.0
TEAM208,PRJ641,2024-02-04,66.9,0,0.0,7.0
TEAM210,PRJ786,2024-02-08,76.4,0,,7.0
TEAM211,PRJ658,2024-09-04,85.0,1,1.0,8.0
TEAM213,PRJ779,2024-04-10,77.3,0,0.0,8.0
TEAM214,PRJ255,2023-03-31,86.6,1,1.0,8.0
TEAM215,PRJ510,2024-04-10,95.4,1,,7.0
TEAM216,PRJ598,2023-02-17,70.1,0,0.0,7.0
TEAM217,PRJ442,2024-07-07,71.8,0,0.0,8.0
TEAM218,PRJ076,2023-12-03,71.9,0,0.0,8.0
TEAM220,PRJ141,2023-10-31,75.8,0,0.0,8.0
TEAM221,PRJ167,2024-03-14,75.6,0,,7.0
TEAM222,PRJ487,2023-11-29,73.4,0,0.0,8.0
TEAM223,PRJ612,2024-05-17,78.3,0,,8.0
TEAM225,PRJ452,2024-06-29,70.3,0,0.0,8.0
TEAM229,PRJ358,2024-06-13,74.7,0,0.0,7.0
TEAM230,PRJ044,2023-10-20,80.0,1,,8.0
TEAM231,PRJ552,2023-07-02,41.3,0,,8.0
TEAM233,PRJ103,2023-05-17,64.0,0,,7.0
TEAM234,PRJ667,2023-12-30,75.7,0,0.0,7.0
TEAM236,PRJ306,2024-05-05,68.0,0,,7.0
TEAM238,PRJ749,2024-04-16,75.9,0,0.0,8.0
TEAM239,PRJ438,2023-01-30,56.5,0,,7.0
TEAM240,PRJ332,2024-09-13,88.8,1,1.0,7.0
TEAM241,PRJ268,2023-07-19,55.6,0,,7.0
TEAM243,PRJ137,2024-08-23,59.2,0,,7.0
TEAM244,PRJ719,2024-05-02,71.7,0,0.0,7.0
TEAM245,PRJ541,2024-01-11,51.5,0,,8.0
TEAM246,PRJ587,2023-03-22,88.5,1,,7.0
TEAM247,PRJ094,2024-01-29,68.2,0,0.0,8.0
TEAM252,PRJ122,2024-07-17,71.6,0,,8.0
TEAM253,PRJ306,2024-05-03,90.2,1,,7.0
TEAM254,PRJ355,2023-09-16,98.1,1,1.0,8.0
TEAM258,PRJ243,2024-02-06,70.1,0,0.0,6.0
TEAM262,PRJ427,2024-05-16,81.6,1,,8.0
TEAM263,PRJ461,2024-02-12,76.3,0,,8.0
TEAM264,PRJ387,2023-03-22,98.4,1,,6.0
TEAM265,PRJ491,2023-10-27,69.4,0,,7.0
TEAM266,PRJ249,2023-11-24,82.6,1,,7.0
TEAM268,PRJ740,2024-02-09,68.8,0,0.0,7.0
TEAM269,PRJ268,2023-07-17,75.2,0,,7.0
TEAM270,PRJ584,2023-10-08,74.8,0,0.0,7.0
TEAM273,PRJ141,2023-11-02,76.2,0,0.0,8.0
TEAM275,PRJ013,2023-01-18,84.4,1,1.0,8.0
TEAM276,PRJ537,2024-05-23,71.4,0,0.0,7.0
TEAM278,PRJ389,2024-04-17,42.7,0,,8.0
TEAM279,PRJ512,2023-05-09,76.7,0,0.0,8.0
TEAM282,PRJ307,2024-03-30,90.5,1,1.0,7.0
TEAM283,PRJ055,2023-12-07,85.0,1,,7.0
TEAM284,PRJ793,2024-04-10,89.3,1,1.0,8.0
TEAM285,PRJ088,2023-02-16,43.9,0,,7.0
TEAM287,PRJ094,2024-01-15,74.1,0,0.0,8.0
TEAM288,PRJ106,2024-08-27,89.9,1,,8.0
TEAM289,PRJ395,2024-03-26,82.1,1,,8.0
TEAM292,PRJ258,2023-04-17,82.2,1,1.0,7.0
TEAM293,PRJ338,2024-04-02,83.1,1,,7.0
TEAM294,PRJ618,2024-03-17,69.2,0,,8.0
TEAM297,PRJ745,2024-03-23,70.9,0,,7.0
TEAM298,PRJ143,2023-12-26,88.0,1,1.0,7.0
TEAM303,PRJ457,2024-04-12,87.1,1,,8.0
TEAM305,PRJ467,2023-11-12,79.7,0,0.0,8.0
TEAM306,PRJ308,2024-07-13,80.1,1,,8.0
TEAM308,PRJ191,2024-01-27,70.8,0,0.0,8.0
TEAM309,PRJ286,2023-04-07,92.8,1,,8.0
TEAM311,PRJ612,2024-05-16,93.4,1,,8.0
TEAM313,PRJ245,2023-12-22,74.1,0,0.0,8.0
TEAM314,PRJ651,2023-10-15,77.0,0,,8.0
TEAM315,PRJ635,2023-10-27,70.0,0,0.0,7.0
TEAM318,PRJ563,2023-06-02,97.0,1,,8.0
TEAM321,PRJ121,2023-03-20,75.2,0,0.0,8.0
TEAM322,PRJ212,2023-04-30,77.2,0,0.0,8.0
TEAM323,PRJ527,2024-04-20,73.6,0,,8.0
TEAM324,PRJ256,2023-07-06,43.5,0,,8.0
TEAM325,PRJ643,2024-07-28,68.7,0,,8.0
TEAM326,PRJ528,2023-05-11,84.6,1,1.0,7.0
TEAM328,PRJ346,2024-02-19,72.0,0,0.0,9.0
TEAM329,PRJ128,2024-06-04,66.3,0,,7.0
TEAM330,PRJ163,2023-03-31,73.6,0,,8.0
TEAM331,PRJ054,2023-08-22,72.0,0,0.0,8.0
TEAM334,PRJ377,2023-07-10,65.5,0,0.0,7.0
TEAM336,PRJ103,2023-05-09,68.5,0,,7.0
TEAM339,PRJ246,2024-06-20,73.5,0,0.0,8.0
TEAM343,PRJ085,2023-12-19,53.9,0,,8.0
TEAM346,PRJ683,2024-04-20,67.4,0,,7.0
TEAM347,PRJ509,2024-02-16,69.1,0,0.0,7.0
TEAM349,PRJ509,2024-02-18,80.1,1,0.0,7.0
TEAM350,PRJ759,2023-10-09,97.2,1,,8.0
TEAM353,PRJ586,2024-04-13,61.2,0,0.0,7.0
TEAM354,PRJ793,2024-04-18,93.0,1,1.0,8.0
TEAM355,PRJ476,2023-02-04,91.1,1,1.0,8.0
TEAM356,PRJ239,2024-06-07,86.3,1,1.0,6.0
TEAM357,PRJ211,2024-06-15,75.2,0,0.0,7.0
TEAM358,PRJ470,2024-08-12,72.8,0,,7.0
TEAM363,PRJ463,2023-05-08,92.6,1,1.0,7.0
TEAM365,PRJ694,2023-01-10,62.3,0,,8.0
TEAM366,PRJ097,2023-04-17,69.2,0,0.0,7.0
TEAM368,PRJ340,2023-12-04,71.3,0,0.0,7.0
TEAM369,PRJ177,2023-04-17,31.7,0,,6.0
TEAM370,PRJ663,2023-09-17,75.6,0,,9.0
TEAM371,PRJ430,2023-05-01,81.0,1,,7.0
TEAM373,PRJ612,2024-05-13,65.4,0,,8.0
TEAM374,PRJ103,2023-05-10,51.0,0,,7.0
TEAM376,PRJ721,2023-04-15,66.4,0,0.0,7.0
TEAM378,PRJ001,2024-06-20,75.6,0,0.0,7.0
TEAM379,PRJ601,2023-08-20,88.6,1,1.0,8.0
TEAM380,PRJ140,2023-06-28,70.7,0,,7.0
TEAM381,PRJ229,2024-07-19,70.4,0,,
TEAM382,PRJ747,2023-03-26,82.1,1,,6.0
TEAM384,PRJ356,2023-02-13,70.4,0,,7.0
TEAM387,PRJ424,2023-06-16,71.3,0,0.0,8.0
TEAM388,PRJ076,2023-12-09,70.9,0,0.0,8.0
TEAM391,PRJ677,2024-01-26,64.6,0,0.0,7.0
TEAM392,PRJ056,2023-04-22,70.3,0,0.0,7.0
TEAM393,PRJ205,2024-04-19,86.8,1,1.0,8.0
TEAM394,PRJ483,2024-05-30,77.8,0,0.0,8.0
TEAM396,PRJ555,2023-12-02,65.0,0,,8.0
TEAM397,PRJ549,2024-08-01,68.0,0,0.0,7.0
TEAM398,PRJ124,2023-07-31,63.6,0,,8.0
TEAM399,PRJ044,2023-10-22,88.9,1,,8.0
TEAM400,PRJ328,2024-03-12,69.7,0,,8.0
TEAM401,PRJ533,2023-05-09,91.7,1,1.0,8.0
TEAM403,PRJ586,2024-04-17,66.5,0,0.0,7.0
TEAM404,PRJ406,2023-04-01,76.3,0,,8.0
TEAM405,PRJ346,2024-02-24,79.9,0,0.0,9.0
TEAM406,PRJ793,2024-04-18,95.1,1,1.0,8.0
TEAM407,PRJ058,2023-06-30,78.0,0,0.0,8.0
TEAM409,PRJ722,2023-01-08,57.4,0,,8.0
TEAM410,PRJ248,2023-03-26,71.4,0,0.0,7.0
TEAM411,PRJ265,2023-08-11,76.6,0,0.0,8.0
TEAM412,PRJ227,2024-08-10,58.5,0,,7.0
TEAM413,PRJ486,2023-12-20,77.7,0,0.0,8.0
TEAM415,PRJ310,2024-08-01,56.7,0,,7.0
TEAM420,PRJ352,2024-06-17,71.7,0,,8.0
TEAM422,PRJ697,2023-07-15,60.3,0,,6.0
TEAM423,PRJ381,2024-07-12,84.7,1,1.0,8.0
TEAM424,PRJ513,2024-02-24,35.8,0,,8.0
TEAM425,PRJ206,2023-10-30,94.6,1,1.0,8.0
TEAM426,PRJ005,2024-04-09,66.6,0,0.0,7.0
TEAM428,PRJ749,2024-04-14,78.3,0,0.0,8.0
TEAM433,PRJ127,2024-02-05,81.1,1,1.0,8.0
TEAM435,PRJ712,2023-03-18,77.0,0,0.0,8.0
TEAM437,PRJ536,2023-01-08,72.2,0,,8.0
TEAM438,PRJ213,2023-01-12,93.8,1,1.0,8.0
TEAM440,PRJ468,2023-03-16,65.9,0,,7.0
TEAM441,PRJ369,2023-03-08,51.8,0,,8.0
TEAM442,PRJ010,2023-09-26,62.5,0,,8.0
TEAM446,PRJ186,2024-04-15,69.4,0,,8.0
TEAM448,PRJ013,2023-01-29,88.3,1,1.0,8.0
TEAM449,PRJ680,2023-03-02,56.6,0,,8.0
TEAM453,PRJ511,2024-05-18,90.3,1,1.0,8.0
TEAM454,PRJ094,2024-01-27,73.5,0,0.0,8.0
TEAM455,PRJ466,2024-08-07,86.8,1,1.0,8.0
TEAM456,PRJ350,2023-04-01,50.8,0,,7.0
TEAM458,PRJ124,2023-08-02,44.9,0,,8.0
TEAM459,PRJ776,2023-03-27,84.7,1,1.0,7.0
TEAM460,PRJ511,2024-05-11,97.3,1,1.0,8.0
TEAM461,PRJ749,2024-04-22,77.0,0,0.0,8.0
TEAM463,PRJ719,2024-05-02,62.8,0,0.0,7.0
TEAM464,PRJ728,2023-09-26,63.4,0,0.0,7.0
TEAM466,PRJ026,2024-03-04,73.9,0,,7.0
TEAM469,PRJ631,2024-02-12,71.0,0,,6.0
TEAM470,PRJ391,2024-05-05,87.9,1,1.0,8.0
TEAM472,PRJ302,2023-03-09,74.0,0,0.0,8.0
TEAM473,PRJ387,2023-03-12,65.5,0,,6.0
TEAM474,PRJ006,2023-02-27,60.4,0,,8.0
TEAM475,PRJ793,2024-04-19,90.3,1,1.0,8.0
TEAM477,PRJ219,2023-02-25,71.4,0,0.0,8.0
TEAM479,PRJ041,2024-07-10,77.7,0,0.0,8.0
TEAM480,PRJ499,2023-07-07,56.9,0,,6.0
TEAM481,PRJ099,2023-08-26,80.1,1,,6.0
TEAM483,PRJ735,2024-05-13,89.3,1,1.0,8.0
TEAM484,PRJ589,2024-07-03,81.7,1,,7.0
TEAM485,PRJ444,2024-04-25,73.5,0,0.0,8.0
TEAM486,PRJ775,2023-01-27,70.9,0,,8.0
TEAM487,PRJ297,2023-03-30,75.8,0,,8.0
TEAM488,PRJ677,2024-01-22,71.9,0,0.0,7.0
TEAM489,PRJ306,2024-05-06,74.7,0,,7.0
TEAM490,PRJ043,2024-03-30,77.8,0,,8.0
TEAM492,PRJ199,2023-12-12,72.4,0,0.0,8.0
TEAM494,PRJ132,2024-07-25,94.3,1,1.0,8.0
TEAM496,PRJ005,2024-04-07,69.0,0,0.0,7.0
TEAM499,PRJ270,2023-12-20,77.9,0,,8.0
TEAM502,PRJ407,2024-05-27,91.1,1,1.0,8.0
TEAM503,PRJ457,2024-04-09,65.2,0,,8.0
TEAM504,PRJ225,2023-07-29,83.7,1,1.0,8.0
TEAM505,PRJ466,2024-08-16,89.3,1,1.0,8.0
TEAM507,PRJ530,2024-03-17,86.3,1,,9.0
TEAM509,PRJ217,2023-09-28,73.5,0,0.0,8.0
TEAM510,PRJ494,2024-05-31,72.3,0,0.0,8.0
TEAM512,PRJ530,2024-03-19,45.6,0,,9.0
TEAM513,PRJ494,2024-05-23,71.2,0,0.0,8.0
TEAM517,PRJ096,2023-08-14,98.1,1,1.0,8.0
TEAM518,PRJ494,2024-06-02,72.0,0,0.0,8.0
TEAM519,PRJ785,2023-12-11,68.4,0,0.0,7.0
TEAM520,PRJ533,2023-05-02,95.5,1,1.0,8.0
TEAM521,PRJ268,2023-07-22,64.4,0,,7.0
TEAM525,PRJ165,2024-01-08,71.6,0,0.0,7.0
TEAM529,PRJ245,2023-12-28,70.1,0,0.0,8.0
TEAM530,PRJ563,2023-05-29,54.1,0,,8.0
TEAM531,PRJ466,2024-08-16,92.1,1,1.0,8.0
TEAM535,PRJ392,2023-02-03,71.6,0,0.0,7.0
TEAM536,PRJ255,2023-03-22,80.4,1,1.0,8.0
TEAM537,PRJ224,2024-03-03,75.7,0,,8.0
TEAM538,PRJ754,2024-05-10,82.6,1,1.0,7.0
TEAM539,PRJ693,2024-07-22,70.0,0,0.0,8.0
TEAM541,PRJ554,2023-11-26,91.2,1,1.0,8.0
TEAM542,PRJ691,2024-06-03,79.2,0,0.0,8.0
TEAM543,PRJ243,2024-02-06,68.6,0,0.0,6.0
TEAM545,PRJ242,2023-12-17,93.2,1,1.0,8.0
TEAM548,PRJ461,2024-02-10,82.4,1,,8.0
TEAM550,PRJ800,2023-02-26,73.1,0,0.0,7.0
TEAM551,PRJ475,2024-03-12,69.3,0,0.0,7.0
TEAM552,PRJ082,2024-04-01,60.5,0,,8.0
TEAM553,PRJ278,2023-11-09,58.4,0,,7.0
TEAM554,PRJ424,2023-06-11,70.7,0,0.0,8.0
TEAM555,PRJ407,2024-05-23,93.5,1,1.0,8.0
TEAM558,PRJ680,2023-02-25,59.5,0,,8.0
TEAM559,PRJ139,2024-09-01,94.3,1,,7.0
TEAM560,PRJ537,2024-05-31,69.7,0,0.0,7.0
TEAM561,PRJ011,2024-04-10,74.6,0,0.0,8.0
TEAM562,PRJ785,2023-12-14,68.0,0,0.0,7.0
TEAM563,PRJ256,2023-07-06,68.5,0,,8.0
TEAM564,PRJ530,2024-03-25,65.5,0,,9.0
TEAM567,PRJ289,2023-03-22,92.3,1,,6.0
TEAM568,PRJ155,2023-11-15,76.9,0,0.0,8.0
TEAM569,PRJ083,2023-10-14,83.1,1,1.0,7.0
TEAM570,PRJ391,2024-05-12,87.4,1,1.0,8.0
TEAM571,PRJ534,2024-05-21,56.3,0,,8.0
TEAM572,PRJ763,2023-10-02,74.5,0,0.0,7.0
TEAM575,PRJ512,2023-04-27,76.6,0,0.0,8.0
TEAM576,PRJ129,2023-03-15,84.3,1,1.0,8.0
TEAM578,PRJ195,2024-05-12,68.0,0,0.0,6.0
TEAM580,PRJ752,2023-12-01,82.3,1,,8.0
TEAM581,PRJ329,2023-10-22,81.9,1,0.0,7.0
TEAM582,PRJ331,2023-06-21,75.5,0,0.0,7.0
TEAM583,PRJ207,2023-05-21,64.3,0,,8.0
TEAM584,PRJ674,2023-01-23,91.8,1,1.0,7.0
TEAM586,PRJ726,2023-04-25,92.2,1,1.0,8.0
TEAM587,PRJ104,2023-01-20,69.9,0,,7.0
TEAM589,PRJ691,2024-06-07,76.1,0,0.0,8.0
TEAM590,PRJ361,2023-04-28,71.5,0,0.0,7.0
TEAM592,PRJ464,2024-05-27,70.0,0,0.0,7.0
TEAM593,PRJ310,2024-07-22,86.2,1,,7.0
TEAM594,PRJ791,2024-01-20,75.0,0,0.0,8.0
TEAM595,PRJ142,2024-09-04,60.2,0,,8.0
TEAM596,PRJ585,2024-04-10,71.2,0,0.0,8.0
TEAM597,PRJ610,2024-01-16,77.7,0,0.0,8.0
TEAM599,PRJ056,2023-04-21,76.3,0,0.0,7.0
TEAM600,PRJ457,2024-04-19,82.0,1,,8.0
TEAM601,PRJ488,2024-04-23,69.6,0,0.0,8.0
TEAM603,PRJ249,2023-11-14,47.2,0,,7.0
TEAM605,PRJ789,2024-03-23,80.9,1,,9.0
TEAM606,PRJ205,2024-04-28,96.4,1,1.0,8.0
TEAM607,PRJ295,2023-04-27,63.6,0,,8.0
TEAM608,PRJ340,2023-12-06,69.2,0,0.0,7.0
TEAM609,PRJ386,2023-06-23,67.2,0,,8.0
TEAM610,PRJ055,2023-12-13,82.3,1,,7.0
TEAM612,PRJ324,2023-02-08,72.9,0,0.0,8.0
TEAM614,PRJ242,2023-12-17,92.5,1,1.0,8.0
TEAM617,PRJ212,2023-04-27,70.8,0,0.0,8.0
TEAM618,PRJ789,2024-03-21,72.0,0,,9.0
TEAM619,PRJ150,2023-11-26,59.3,0,,8.0
TEAM623,PRJ189,2023-03-28,65.0,0,0.0,7.0
TEAM625,PRJ469,2023-07-31,75.9,0,0.0,7.0
TEAM626,PRJ534,2024-05-12,51.0,0,,8.0
TEAM628,PRJ171,2024-08-06,67.6,0,0.0,7.0
TEAM629,PRJ185,2024-02-17,74.3,0,0.0,8.0
TEAM630,PRJ093,2023-02-11,97.0,1,1.0,8.0
TEAM631,PRJ724,2024-05-10,50.0,0,,7.0
TEAM632,PRJ388,2023-09-09,76.1,0,0.0,8.0
TEAM634,PRJ121,2023-03-22,70.3,0,0.0,8.0
TEAM635,PRJ623,2023-07-07,82.8,1,1.0,8.0
TEAM638,PRJ427,2024-05-10,63.8,0,,8.0
TEAM639,PRJ467,2023-11-11,81.7,1,0.0,8.0
TEAM641,PRJ125,2024-06-11,67.5,0,,7.0
TEAM643,PRJ438,2023-01-31,57.0,0,,7.0
TEAM644,PRJ533,2023-05-13,94.6,1,1.0,8.0
TEAM650,PRJ494,2024-05-23,67.4,0,0.0,8.0
TEAM652,PRJ288,2024-05-26,80.6,1,,6.0
TEAM653,PRJ192,2023-09-01,87.0,1,1.0,8.0
TEAM654,PRJ310,2024-07-25,40.8,0,,7.0
TEAM655,PRJ095,2023-02-10,83.4,1,,8.0
TEAM656,PRJ349,2023-04-20,88.5,1,1.0,8.0
TEAM657,PRJ211,2024-06-18,73.1,0,0.0,7.0
TEAM660,PRJ546,2024-05-18,79.1,0,0.0,7.0
TEAM661,PRJ212,2023-04-25,72.3,0,0.0,8.0
TEAM662,PRJ176,2023-01-04,70.9,0,0.0,8.0
TEAM664,PRJ320,2023-07-14,52.3,0,,8.0
TEAM671,PRJ446,2023-09-23,73.8,0,0.0,7.0
TEAM674,PRJ223,2024-07-13,69.1,0,0.0,7.0
TEAM675,PRJ400,2024-04-25,56.1,0,,9.0
TEAM676,PRJ446,2023-09-25,73.0,0,0.0,7.0
TEAM677,PRJ563,2023-05-25,68.3,0,,8.0
TEAM679,PRJ446,2023-09-22,72.8,0,0.0,7.0
TEAM682,PRJ467,2023-11-14,80.2,1,0.0,8.0
TEAM683,PRJ191,2024-01-23,76.1,0,0.0,8.0
TEAM685,PRJ146,2023-06-15,73.3,0,0.0,7.0
TEAM686,PRJ628,2023-09-09,67.2,0,0.0,7.0
TEAM687,PRJ302,2023-03-06,73.2,0,0.0,8.0
TEAM689,PRJ294,2024-05-05,75.0,0,0.0,7.0
TEAM690,PRJ760,2023-06-21,74.9,0,0.0,8.0
TEAM691,PRJ541,2024-01-13,85.3,1,,8.0
TEAM692,PRJ771,2023-07-28,71.9,0,0.0,8.0
TEAM694,PRJ765,2024-03-19,66.9,0,0.0,8.0
TEAM695,PRJ460,2024-06-20,73.8,0,0.0,7.0
TEAM696,PRJ344,2023-04-23,71.4,0,,8.0
TEAM697,PRJ752,2023-12-09,22.3,0,,8.0
TEAM701,PRJ620,2024-07-28,65.7,0,,7.0
TEAM702,PRJ302,2023-03-09,73.4,0,0.0,8.0
TEAM703,PRJ166,2023-07-08,72.4,0,0.0,8.0
TEAM704,PRJ072,2023-06-25,76.5,0,,7.0
TEAM705,PRJ554,2023-12-08,92.6,1,1.0,8.0
TEAM706,PRJ036,2024-06-14,71.9,0,0.0,7.0
TEAM709,PRJ581,2023-12-21,75.6,0,0.0,8.0
TEAM710,PRJ083,2023-10-14,85.1,1,1.0,7.0
TEAM711,PRJ646,2023-11-04,75.2,0,,8.0
TEAM712,PRJ037,2024-02-03,62.7,0,,7.0
TEAM713,PRJ512,2023-05-04,79.7,0,0.0,8.0
TEAM716,PRJ177,2023-04-22,74.8,0,,6.0
TEAM719,PRJ124,2023-07-23,94.7,1,,8.0
TEAM721,PRJ499,2023-07-08,89.1,1,,6.0
TEAM722,PRJ427,2024-05-19,67.0,0,,8.0
TEAM723,PRJ422,2024-01-29,87.9,1,1.0,8.0
TEAM725,PRJ476,2023-02-11,87.9,1,1.0,8.0
TEAM726,PRJ510,2024-04-12,66.6,0,,7.0
TEAM731,PRJ076,2023-12-04,73.3,0,0.0,8.0
TEAM732,PRJ277,2023-09-29,63.1,0,,7.0
TEAM735,PRJ535,2023-06-30,98.9,1,,6.0
TEAM736,PRJ748,2023-03-17,80.9,1,1.0,7.0
TEAM739,PRJ710,2023-06-14,90.6,1,1.0,8.0
TEAM740,PRJ166,2023-07-07,73.0,0,0.0,8.0
TEAM741,PRJ642,2023-09-09,71.9,0,0.0,7.0
TEAM745,PRJ665,2024-04-16,71.3,0,0.0,7.0
TEAM746,PRJ056,2023-04-18,69.7,0,0.0,7.0
TEAM747,PRJ463,2023-05-13,88.9,1,1.0,7.0
TEAM748,PRJ083,2023-10-07,85.8,1,1.0,7.0
TEAM749,PRJ301,2024-07-25,88.2,1,1.0,8.0
TEAM750,PRJ422,2024-02-04,89.2,1,1.0,8.0
TEAM751,PRJ581,2023-12-15,82.7,1,0.0,8.0
TEAM753,PRJ166,2023-06-29,78.3,0,0.0,8.0
TEAM755,PRJ125,2024-06-14,49.0,0,,7.0
TEAM756,PRJ757,2024-01-24,89.6,1,1.0,8.0
TEAM758,PRJ316,2024-07-14,81.2,1,,8.0
TEAM759,PRJ598,2023-02-20,76.6,0,0.0,7.0
TEAM760,PRJ525,2023-11-03,71.4,0,0.0,7.0
TEAM766,PRJ205,2024-04-20,87.5,1,1.0,8.0
TEAM771,PRJ644,2023-08-06,68.1,0,0.0,8.0
TEAM772,PRJ150,2023-11-20,65.3,0,,8.0
TEAM774,PRJ299,2024-08-21,71.5,0,0.0,8.0
TEAM775,PRJ324,2023-02-14,72.9,0,0.0,8.0
TEAM777,PRJ159,2024-04-29,70.8,0,0.0,7.0
TEAM779,PRJ143,2023-12-29,85.5,1,1.0,7.0
TEAM780,PRJ132,2024-07-28,92.6,1,1.0,8.0
TEAM781,PRJ020,2024-03-19,76.9,0,0.0,8.0
TEAM782,PRJ481,2024-02-01,69.3,0,0.0,7.0
TEAM784,PRJ165,2024-01-15,70.5,0,0.0,7.0
TEAM785,PRJ773,2023-09-11,92.1,1,1.0,8.0
TEAM786,PRJ186,2024-04-19,57.9,0,,8.0
TEAM787,PRJ418,2023-12-01,72.0,0,,8.0
TEAM791,PRJ488,2024-04-24,68.1,0,0.0,8.0
TEAM792,PRJ123,2024-01-26,62.3,0,,8.0
TEAM793,PRJ204,2023-07-04,56.6,0,,6.0
TEAM794,PRJ286,2023-04-07,58.8,0,,8.0
TEAM795,PRJ497,2023-09-06,87.9,1,,7.0
TEAM797,PRJ511,2024-05-21,91.8,1,1.0,8.0
TEAM801,PRJ442,2024-07-07,70.0,0,0.0,8.0
TEAM802,PRJ519,2024-02-14,70.0,0,,8.0
TEAM803,PRJ329,2023-10-11,77.4,0,0.0,7.0
TEAM805,PRJ422,2024-01-31,94.4,1,1.0,8.0
TEAM806,PRJ346,2024-02-13,71.5,0,0.0,9.0
TEAM807,PRJ713,2024-08-23,72.7,0,0.0,7.0
TEAM809,PRJ509,2024-02-21,69.8,0,0.0,7.0
TEAM810,PRJ735,2024-05-21,89.1,1,1.0,8.0
TEAM813,PRJ643,2024-08-02,80.8,1,,8.0
TEAM814,PRJ654,2023-09-30,71.4,0,0.0,8.0
TEAM815,PRJ765,2024-03-17,75.5,0,0.0,8.0
TEAM818,PRJ574,2023-07-26,76.6,0,0.0,8.0
TEAM820,PRJ322,2024-03-01,88.7,1,,8.0
TEAM822,PRJ509,2024-02-25,75.4,0,0.0,7.0
TEAM823,PRJ224,2024-02-20,52.8,0,,8.0
TEAM825,PRJ285,2024-01-05,72.7,0,0.0,8.0
TEAM828,PRJ093,2023-02-21,92.4,1,1.0,8.0
TEAM829,PRJ035,2023-10-25,61.0,0,,6.0
TEAM830,PRJ103,2023-05-20,72.3,0,,7.0
TEAM831,PRJ465,2023-02-07,70.6,0,0.0,7.0
TEAM832,PRJ205,2024-04-28,92.4,1,1.0,8.0
TEAM833,PRJ328,2024-03-05,78.2,0,,8.0
TEAM834,PRJ289,2023-03-21,62.1,0,,6.0
TEAM837,PRJ015,2024-08-06,52.3,0,,7.0
TEAM840,PRJ255,2023-03-23,81.4,1,1.0,8.0
TEAM841,PRJ726,2023-05-01,85.2,1,1.0,8.0
TEAM843,PRJ136,2024-03-06,81.6,1,,7.0
TEAM844,PRJ136,2024-02-22,67.9,0,,7.0
TEAM845,PRJ131,2024-02-20,68.3,0,0.0,7.0
TEAM847,PRJ055,2023-12-09,61.1,0,,7.0
TEAM849,PRJ469,2023-07-24,70.7,0,0.0,7.0
TEAM851,PRJ427,2024-05-22,75.4,0,,8.0
TEAM854,PRJ465,2023-02-06,68.8,0,0.0,7.0
TEAM855,PRJ217,2023-10-09,70.5,0,0.0,8.0
TEAM857,PRJ663,2023-09-25,64.5,0,,9.0
TEAM859,PRJ275,2023-10-20,80.3,1,0.0,8.0
TEAM862,PRJ255,2023-03-26,86.2,1,1.0,8.0
TEAM863,PRJ523,2023-03-14,66.5,0,,6.0
TEAM865,PRJ403,2023-11-23,78.8,0,,7.0
TEAM866,PRJ639,2023-01-13,84.2,1,1.0,8.0
TEAM867,PRJ548,2024-01-12,68.3,0,,8.0
TEAM871,PRJ665,2024-04-11,77.8,0,0.0,7.0
TEAM872,PRJ486,2023-12-12,70.3,0,0.0,8.0
TEAM873,PRJ207,2023-05-24,68.1,0,,8.0
TEAM875,PRJ500,2024-02-24,55.3,0,,7.0
TEAM876,PRJ732,2024-04-18,71.8,0,0.0,7.0
TEAM878,PRJ295,2023-05-08,62.4,0,,8.0
TEAM880,PRJ741,2024-04-05,73.3,0,0.0,7.0
TEAM881,PRJ290,2024-02-02,73.7,0,0.0,7.0
TEAM885,PRJ155,2023-11-28,75.9,0,0.0,8.0
TEAM886,PRJ626,2023-09-11,71.8,0,0.0,7.0
TEAM888,PRJ126,2023-11-09,64.5,0,,7.0
TEAM889,PRJ294,2024-05-06,66.9,0,0.0,7.0
TEAM890,PRJ234,2023-11-21,66.2,0,0.0,7.0
TEAM892,PRJ403,2023-12-05,67.9,0,,7.0
TEAM893,PRJ430,2023-05-04,61.5,0,,7.0
TEAM894,PRJ541,2024-01-09,76.5,0,,8.0
TEAM896,PRJ743,2023-07-14,74.8,0,0.0,7.0
TEAM898,PRJ382,2024-04-22,85.2,1,1.0,7.0
TEAM899,PRJ587,2023-03-25,62.9,0,,7.0
TEAM901,PRJ732,2024-04-24,69.3,0,0.0,7.0
TEAM903,PRJ457,2024-04-08,53.5,0,,8.0
TEAM904,PRJ599,2023-07-29,92.2,1,1.0,8.0
TEAM905,PRJ497,2023-09-09,59.2,0,,7.0
TEAM906,PRJ712,2023-03-11,73.2,0,0.0,8.0
TEAM907,PRJ124,2023-07-24,58.9,0,,8.0
TEAM909,PRJ050,2023-04-22,66.2,0,0.0,7.0
TEAM913,PRJ239,2024-06-13,82.6,1,1.0,6.0
TEAM915,PRJ584,2023-10-03,68.7,0,0.0,7.0
TEAM916,PRJ282,2023-10-02,84.7,1,1.0,7.0
TEAM917,PRJ349,2023-04-12,89.2,1,1.0,8.0
TEAM919,PRJ061,2023-06-14,77.0,0,,8.0
TEAM920,PRJ328,2024-02-29,42.3,0,,8.0
TEAM921,PRJ246,2024-06-25,77.7,0,0.0,8.0
TEAM923,PRJ312,2023-02-22,74.2,0,0.0,7.0
TEAM925,PRJ494,2024-05-25,76.5,0,0.0,8.0
TEAM926,PRJ308,2024-07-14,67.0,0,,8.0
TEAM927,PRJ626,2023-09-10,71.7,0,0.0,7.0
TEAM929,PRJ005,2024-04-16,67.0,0,0.0,7.0
TEAM930,PRJ665,2024-04-19,72.8,0,0.0,7.0
TEAM931,PRJ362,2024-02-19,94.1,1,,
TEAM932,PRJ128,2024-05-28,55.0,0,,7.0
TEAM933,PRJ197,2024-03-23,76.7,0,,7.0
TEAM934,PRJ038,2023-08-30,82.2,1,,8.0
TEAM935,PRJ654,2023-09-28,77.7,0,0.0,8.0
TEAM937,PRJ197,2024-04-04,74.6,0,,7.0
TEAM939,PRJ331,2023-06-21,71.5,0,0.0,7.0
TEAM940,PRJ431,2024-06-02,30.3,0,,7.0
TEAM942,PRJ169,2024-07-15,75.5,0,0.0,7.0
TEAM945,PRJ035,2023-10-27,58.1,0,,6.0
TEAM946,PRJ057,2023-06-05,85.2,1,1.0,7.0
TEAM947,PRJ099,2023-09-02,77.2,0,,6.0
TEAM948,PRJ476,2023-02-11,90.0,1,1.0,8.0
TEAM950,PRJ587,2023-03-16,53.5,0,,7.0
TEAM951,PRJ141,2023-11-01,76.0,0,0.0,8.0
TEAM952,PRJ151,2023-03-28,69.5,0,0.0,7.0
TEAM954,PRJ684,2023-10-28,69.0,0,0.0,7.0
TEAM956,PRJ639,2023-01-04,83.7,1,1.0,8.0
TEAM957,PRJ076,2023-12-02,75.9,0,0.0,8.0
TEAM958,PRJ203,2024-05-06,85.7,1,1.0,8.0
TEAM959,PRJ023,2024-08-25,74.3,0,,7.0
TEAM960,PRJ389,2024-04-21,87.3,1,,8.0
TEAM961,PRJ246,2024-06-18,76.2,0,0.0,8.0
TEAM962,PRJ546,2024-05-19,75.1,0,0.0,7.0
TEAM964,PRJ215,2023-12-13,83.4,1,,8.0
TEAM965,PRJ770,2024-01-18,70.9,0,0.0,7.0
TEAM967,PRJ314,2024-05-03,51.4,0,,8.0
TEAM970,PRJ392,2023-01-24,73.0,0,0.0,7.0
TEAM973,PRJ771,2023-08-02,70.8,0,0.0,8.0
TEAM975,PRJ740,2024-02-15,69.8,0,0.0,7.0
TEAM977,PRJ756,2024-03-24,93.4,1,1.0,8.0
TEAM982,PRJ072,2023-07-02,59.0,0,,7.0
TEAM983,PRJ466,2024-08-02,83.1,1,1.0,8.0
TEAM985,PRJ211,2024-06-11,68.8,0,0.0,7.0
TEAM991,PRJ644,2023-08-04,69.4,0,0.0,8.0
TEAM992,PRJ378,2024-02-08,88.4,1,1.0,7.0
TEAM995,PRJ497,2023-09-05,65.9,0,,7.0
TEAM996,PRJ483,2024-06-05,76.1,0,0.0,8.0
TEAM999,PRJ651,2023-10-19,66.4,0,,8.0
TEAM1000,PRJ786,2024-02-02,89.9,1,,7.0
