team_id,team_name,project_id,formation_date,formation_method,team_lead_id,member_ids,team_size,role_distribution,seniority_mix,skill_diversity_score,experience_balance_score,collaborative_history_score,communication_compatibility,workload_balance_score,timezone_compatibility,predicted_success_rate,actual_performance_score,team_productivity_score,team_cohesion_score,conflict_incidents,collaboration_effectiveness,project_completed,completion_time_days,met_deadline,quality_rating,budget_adherence,stakeholder_satisfaction,team_efficiency_ratio,resource_utilization,skill_utilization_rate,improvement_opportunities,team_feedback_summary,lessons_learned,would_reform_team,team_status,dissolution_date,dissolution_reason,created_at,last_updated
TEAM001,Sprint Masters,PRJ015,2023-06-19,AI-Recommended,EMP041,"EMP029,EMP018,EMP096,EMP014,EMP088,EMP071",7,"{""Developer"": 0, ""Manager"": 0, ""Analyst"": 0, ""DevOps"": 0}","{""Junior"": 2, ""Mid"": 3, ""Senior"": 1, ""Lead"": 0}",53.3,76.5,70.0,88.1,63.3,72.1,64.0,60.1,40.0,8.4,1,8.3,True,253.2,True,5.8,94.9,6.6,0.89,56.3,69.8,2,"Some workload imbalance noted, but team adapted quickly",Regular retrospectives helped resolve conflicts early,True,Completed,2024-02-28,Project Complete,2023-06-19 12:15:00,2024-01-25 13:00:00
TEAM002,DevOps Warriors,PRJ012,2023-08-01,AI-Recommended,EMP053,"EMP045,EMP079,EMP034",4,"{""Developer"": 0, ""Analyst"": 1, ""DevOps"": 1, ""Designer"": 0}","{""Junior"": 2, ""Mid"": 1, ""Senior"": 1, ""Lead"": 0}",79.0,73.7,55.7,67.2,86.2,84.4,63.1,58.7,71.9,6.5,3,7.3,True,98.8,True,7.3,104.7,6.0,1.16,100.0,93.5,3,Skill balance was ideal for the project requirements,Earlier risk identification would have prevented delays,True,Completed,2023-10-26,Reorganization,2023-08-01 13:30:00,2024-03-02 18:30:00
TEAM003,Analytics Crew,PRJ010,2023-12-28,Hybrid,EMP085,"EMP095,EMP032,EMP021,EMP060",5,"{""Analyst"": 1, ""QA"": 0, ""Designer"": 0, ""Manager"": 0}","{""Junior"": 1, ""Mid"": 2, ""Senior"": 2, ""Lead"": 0}",73.3,84.3,46.8,54.4,83.6,71.9,53.1,,55.7,5.7,0,7.5,False,,,,,,1.09,92.7,89.6,4,Skill balance was ideal for the project requirements,Async communication tools reduced meeting overhead,,Active,,,2023-12-28 18:45:00,2024-07-17 18:45:00
TEAM004,Cloud Ninjas,PRJ019,2024-03-07,AI-Recommended,EMP041,"EMP097,EMP073,EMP070,EMP034",5,"{""DevOps"": 1, ""Manager"": 1, ""Analyst"": 0, ""QA"": 0}","{""Junior"": 2, ""Mid"": 2, ""Senior"": 1, ""Lead"": 0}",81.3,50.9,84.8,72.7,65.8,97.7,59.4,,79.7,7.6,2,6.1,False,,,,,,0.99,93.7,88.3,1,"Some workload imbalance noted, but team adapted quickly",Clear role definitions improved efficiency significantly,,Completed,2024-06-24,Project Complete,2024-03-07 14:45:00,2025-01-06 15:30:00
TEAM005,AI Task Force,PRJ071,2023-03-17,Hybrid,EMP021,"EMP089,EMP070",3,"{""QA"": 1, ""DevOps"": 1, ""Developer"": 0}","{""Junior"": 1, ""Mid"": 1, ""Senior"": 2, ""Lead"": 0}",100.0,59.1,57.8,74.2,50.7,95.6,84.6,,68.3,6.5,0,5.5,False,,,,,,0.88,90.9,75.2,0,Excellent cross-functional coordination and knowledge sharing,Async communication tools reduced meeting overhead,,Active,,,2023-03-17 10:30:00,2023-08-29 16:00:00
TEAM006,Titan Squad,PRJ077,2023-02-17,Hybrid,EMP004,"EMP016,EMP048,EMP041,EMP032,EMP009,EMP074,EMP012,EMP095,EMP064",10,"{""Developer"": 1, ""Manager"": 0, ""Designer"": 1, ""DevOps"": 1}","{""Junior"": 0, ""Mid"": 3, ""Senior"": 1, ""Lead"": 1}",63.6,79.0,85.8,78.3,76.7,100.0,74.5,68.7,82.8,6.9,1,6.9,True,69.6,True,9.1,96.5,4.3,1.05,77.3,74.2,3,Skill balance was ideal for the project requirements,Need daily standups for better alignment,False,Completed,2023-04-29,Project Complete,2023-02-17 17:15:00,2024-10-11 11:00:00
TEAM007,Nexus Crew,PRJ010,2023-12-30,Hybrid,EMP036,"EMP009,EMP005",3,"{""QA"": 1, ""Developer"": 1, ""Designer"": 0}","{""Junior"": 2, ""Mid"": 1, ""Senior"": 2, ""Lead"": 0}",73.2,43.7,48.0,93.3,71.7,54.9,57.0,,54.1,7.3,1,6.8,False,,,,,,0.9,82.0,84.2,3,Strong technical execution but documentation needs improvement,Clear role definitions improved efficiency significantly,,Active,,,2023-12-30 18:45:00,2024-06-28 14:45:00
TEAM008,AI Task Force 2,PRJ060,2023-11-21,Manual,EMP018,"EMP008,EMP053",3,"{""DevOps"": 0, ""QA"": 0, ""Developer"": 0}","{""Junior"": 2, ""Mid"": 2, ""Senior"": 1, ""Lead"": 1}",66.1,76.8,64.9,85.0,54.8,68.4,82.8,,56.8,9.0,0,9.0,False,,,,,,1.21,71.4,79.0,3,Strong technical execution but documentation needs improvement,,,Disbanded,2024-06-04,Project Complete,2023-11-21 16:00:00,2023-12-16 18:00:00
TEAM009,Beta Crew,PRJ012,2023-08-09,Manual,EMP030,"EMP054,EMP064,EMP063,EMP028,EMP053",6,"{""Developer"": 1, ""Designer"": 1, ""Analyst"": 1, ""DevOps"": 1}","{""Junior"": 1, ""Mid"": 3, ""Senior"": 2, ""Lead"": 0}",95.6,84.2,65.2,70.2,81.7,61.7,79.5,60.2,82.1,7.0,0,6.8,True,67.9,True,6.5,95.7,8.2,1.16,88.3,95.7,0,"High cohesion team, delivered above expectations",Earlier risk identification would have prevented delays,False,Completed,2023-10-26,Reorganization,2023-08-09 08:00:00,2024-02-15 09:00:00
TEAM010,DevOps Warriors 2,PRJ031,2024-01-21,Manual,EMP091,"EMP032,EMP075,EMP077",4,"{""Developer"": 1, ""Manager"": 1, ""DevOps"": 0, ""Designer"": 1}","{""Junior"": 0, ""Mid"": 2, ""Senior"": 2, ""Lead"": 0}",100.0,51.8,86.4,91.9,59.0,89.3,89.0,,71.2,8.3,1,7.5,False,,,,,,0.82,94.6,95.2,2,Skill balance was ideal for the project requirements,Clear role definitions improved efficiency significantly,,Active,,,2024-01-21 08:45:00,2024-12-04 17:00:00
TEAM011,Apex Unit,PRJ010,2023-12-27,AI-Recommended,EMP081,"EMP034,EMP017,EMP045,EMP009,EMP032",6,"{""QA"": 1, ""DevOps"": 0, ""Designer"": 1, ""Analyst"": 0}","{""Junior"": 0, ""Mid"": 2, ""Senior"": 1, ""Lead"": 0}",58.7,56.2,78.9,91.5,78.4,94.1,59.9,,70.0,5.4,1,6.4,False,,,,,,1.13,79.1,93.7,1,Communication gaps slowed progress in early sprints,Regular retrospectives helped resolve conflicts early,,Completed,2024-03-17,Reorganization,2023-12-27 11:30:00,2024-09-10 15:30:00
TEAM012,Frontend Force,PRJ007,2024-02-19,AI-Recommended,EMP043,"EMP006,EMP001,EMP044,EMP100,EMP017,EMP083,EMP034,EMP021",9,"{""DevOps"": 0, ""Analyst"": 0, ""Manager"": 0, ""QA"": 0}","{""Junior"": 2, ""Mid"": 1, ""Senior"": 2, ""Lead"": 0}",78.1,52.3,64.4,62.5,86.7,80.6,70.1,,66.3,8.2,0,6.8,False,,,,,,1.12,94.5,73.6,0,Great collaboration and clear communication throughout,Regular retrospectives helped resolve conflicts early,,Completed,2024-04-10,Reorganization,2024-02-19 11:15:00,2025-01-25 09:30:00
TEAM013,Alpha Squad,PRJ072,2023-01-15,Manual,EMP097,"EMP096,EMP020,EMP031,EMP021,EMP023,EMP053,EMP004,EMP095",9,"{""QA"": 0, ""Analyst"": 0, ""Designer"": 1, ""Manager"": 0}","{""Junior"": 1, ""Mid"": 1, ""Senior"": 1, ""Lead"": 1}",80.7,73.3,76.3,97.9,75.5,67.9,86.8,,68.7,8.3,0,8.6,False,,,,,,0.86,98.6,89.8,1,Communication gaps slowed progress in early sprints,Cross-training team members reduced single points of failure,,Disbanded,2023-04-26,Project Complete,2023-01-15 13:30:00,2023-03-27 12:30:00
TEAM014,Core Team,PRJ066,2024-01-26,Hybrid,EMP052,"EMP004,EMP015,EMP034,EMP023,EMP076,EMP005,EMP014,EMP078,EMP057,EMP045",11,"{""DevOps"": 0, ""QA"": 1, ""Analyst"": 0, ""Manager"": 1}","{""Junior"": 0, ""Mid"": 3, ""Senior"": 2, ""Lead"": 0}",60.9,72.3,80.7,93.7,72.1,100.0,85.8,,71.3,7.4,0,5.9,False,,,,,,0.77,84.0,66.9,4,Communication gaps slowed progress in early sprints,Regular retrospectives helped resolve conflicts early,,Active,,,2024-01-26 14:00:00,2024-12-31 13:30:00
TEAM015,Cloud Ninjas 2,PRJ016,2023-11-19,AI-Recommended,EMP081,"EMP040,EMP087,EMP053,EMP042,EMP052,EMP091",7,"{""QA"": 1, ""Manager"": 1, ""Designer"": 0, ""Developer"": 1}","{""Junior"": 1, ""Mid"": 3, ""Senior"": 1, ""Lead"": 1}",43.2,77.0,57.5,76.0,58.6,75.0,93.8,,69.8,7.9,0,5.8,False,,,,,,1.36,100.0,95.7,3,Skill balance was ideal for the project requirements,,,On Hold,,,2023-11-19 15:45:00,2024-10-29 11:45:00
TEAM016,DevOps Warriors 3,PRJ022,2023-01-20,AI-Recommended,EMP044,"EMP067,EMP086,EMP083",4,"{""Manager"": 1, ""QA"": 0, ""Developer"": 0, ""Analyst"": 0}","{""Junior"": 0, ""Mid"": 1, ""Senior"": 1, ""Lead"": 1}",82.4,86.7,53.7,69.2,47.0,68.4,95.3,,63.3,6.8,1,7.7,False,,,,,,0.76,93.3,94.5,0,"Some workload imbalance noted, but team adapted quickly",Async communication tools reduced meeting overhead,,Active,,,2023-01-20 14:45:00,2024-03-04 11:15:00
TEAM017,Security Squad,PRJ001,2023-10-13,Hybrid,EMP066,"EMP029,EMP023,EMP091",4,"{""Manager"": 0, ""Analyst"": 0, ""Developer"": 1, ""QA"": 0}","{""Junior"": 1, ""Mid"": 3, ""Senior"": 2, ""Lead"": 1}",75.7,95.1,41.1,99.0,61.0,60.8,68.7,,94.2,7.2,1,6.2,False,,,,,,0.81,80.7,52.1,5,,,,Completed,2023-12-13,Reorganization,2023-10-13 10:45:00,2024-05-30 12:15:00
TEAM018,Nexus Crew 2,PRJ036,2023-07-26,AI-Recommended,EMP077,"EMP082,EMP031,EMP036,EMP057,EMP010,EMP093,EMP037,EMP035,EMP043,EMP041",11,"{""Manager"": 0, ""Developer"": 1, ""Designer"": 0, ""DevOps"": 0}","{""Junior"": 0, ""Mid"": 2, ""Senior"": 2, ""Lead"": 1}",50.5,70.2,56.6,75.8,100.0,86.1,84.7,,65.2,7.3,0,8.1,False,,,,,,1.02,59.2,94.6,3,"Some workload imbalance noted, but team adapted quickly",Cross-training team members reduced single points of failure,,Completed,2023-08-24,Project Complete,2023-07-26 17:00:00,2024-08-18 15:00:00
TEAM019,Delta Force,PRJ046,2023-12-17,AI-Recommended,EMP062,"EMP070,EMP097,EMP096,EMP071,EMP079,EMP029,EMP064,EMP035",9,"{""Analyst"": 1, ""DevOps"": 1, ""Developer"": 0, ""Designer"": 1}","{""Junior"": 0, ""Mid"": 3, ""Senior"": 1, ""Lead"": 1}",80.3,73.0,72.9,73.6,64.7,83.1,84.4,,61.5,6.4,1,6.9,False,,,,,,1.14,99.4,82.7,5,"Some workload imbalance noted, but team adapted quickly",Earlier risk identification would have prevented delays,,Disbanded,2024-02-20,Project Complete,2023-12-17 15:15:00,2024-01-11 12:45:00
TEAM020,Research Collective,PRJ042,2024-01-13,Manual,EMP047,"EMP044,EMP099,EMP050,EMP036,EMP098,EMP055,EMP033,EMP011,EMP062",10,"{""Developer"": 0, ""Manager"": 0, ""DevOps"": 0, ""Designer"": 0}","{""Junior"": 0, ""Mid"": 1, ""Senior"": 1, ""Lead"": 0}",78.7,79.7,52.2,51.8,53.7,70.0,88.3,,89.7,6.6,0,6.8,False,,,,,,1.04,82.1,90.1,3,Communication gaps slowed progress in early sprints,,,Disbanded,2024-07-14,Project Complete,2024-01-13 12:30:00,2024-04-07 17:00:00
TEAM021,Delta Force 2,PRJ021,2023-06-12,Manual,EMP093,"EMP004,EMP040,EMP074",4,"{""DevOps"": 0, ""Analyst"": 0, ""Manager"": 0, ""QA"": 0}","{""Junior"": 2, ""Mid"": 2, ""Senior"": 1, ""Lead"": 0}",66.4,84.0,60.1,67.0,100.0,96.0,46.9,,61.7,8.8,0,5.9,False,,,,,,1.12,90.0,68.9,3,,Regular retrospectives helped resolve conflicts early,,Completed,2023-06-28,Reorganization,2023-06-12 08:45:00,2024-10-25 09:45:00
TEAM022,Nexus Crew 3,PRJ047,2024-05-04,AI-Recommended,EMP025,"EMP057,EMP023,EMP095,EMP068,EMP085,EMP036,EMP080,EMP070,EMP063",10,"{""Analyst"": 0, ""DevOps"": 0, ""QA"": 1, ""Designer"": 1}","{""Junior"": 0, ""Mid"": 2, ""Senior"": 2, ""Lead"": 1}",69.9,67.7,79.5,83.0,92.4,73.5,74.9,,75.8,8.3,2,8.7,False,,,,,,0.93,74.0,95.7,1,Skill balance was ideal for the project requirements,Pair programming improved code quality noticeably,,Completed,2025-01-16,Reorganization,2024-05-04 13:30:00,2024-09-22 16:00:00
TEAM023,Frontend Force 2,PRJ067,2023-12-05,Hybrid,EMP041,"EMP094,EMP054,EMP064",4,"{""Manager"": 1, ""Designer"": 1, ""Analyst"": 0, ""QA"": 0}","{""Junior"": 1, ""Mid"": 1, ""Senior"": 2, ""Lead"": 0}",39.4,94.0,59.6,74.9,61.8,79.3,89.8,,78.8,7.8,0,7.4,False,,,,,,0.78,71.9,73.5,4,"High cohesion team, delivered above expectations",Regular retrospectives helped resolve conflicts early,,On Hold,,,2023-12-05 14:30:00,2024-06-02 15:30:00
TEAM024,Vortex Team,PRJ040,2024-02-13,Manual,EMP021,"EMP094,EMP026,EMP042,EMP016,EMP097",6,"{""Manager"": 1, ""Designer"": 1, ""DevOps"": 1, ""Developer"": 0}","{""Junior"": 0, ""Mid"": 2, ""Senior"": 1, ""Lead"": 1}",76.9,73.0,82.7,81.2,72.8,100.0,77.7,,62.0,9.6,0,8.7,False,,,,,,1.27,80.7,90.7,0,Great collaboration and clear communication throughout,Need daily standups for better alignment,,Completed,2024-08-04,Project Complete,2024-02-13 16:30:00,2025-02-04 10:45:00
TEAM025,Delta Force 3,PRJ014,2024-05-22,Manual,EMP091,"EMP037,EMP061",3,"{""Analyst"": 0, ""DevOps"": 0, ""QA"": 1}","{""Junior"": 1, ""Mid"": 1, ""Senior"": 1, ""Lead"": 1}",67.6,53.0,83.6,51.5,43.3,85.4,80.0,86.6,83.6,9.1,1,8.1,True,215.9,False,7.4,99.1,7.2,1.04,68.8,82.4,4,Strong technical execution but documentation needs improvement,Cross-training team members reduced single points of failure,True,Completed,2024-12-06,Reorganization,2024-05-22 17:15:00,2025-02-13 14:45:00
TEAM026,Velocity Squad,PRJ057,2023-08-25,Hybrid,EMP066,"EMP040,EMP074,EMP081,EMP008,EMP080,EMP096,EMP013,EMP099,EMP027,EMP082,EMP028",12,"{""QA"": 0, ""Developer"": 2, ""Designer"": 0, ""Manager"": 0}","{""Junior"": 0, ""Mid"": 2, ""Senior"": 2, ""Lead"": 1}",68.7,37.7,48.8,73.6,71.2,83.9,76.2,,89.2,7.6,0,6.9,False,,,,,,0.76,65.6,85.0,1,Excellent cross-functional coordination and knowledge sharing,,,Completed,2024-05-23,Reorganization,2023-08-25 09:15:00,2024-05-21 18:15:00
TEAM027,Analytics Crew 2,PRJ055,2023-01-20,AI-Recommended,EMP036,"EMP084,EMP020,EMP035,EMP019,EMP010,EMP008,EMP022,EMP041,EMP078,EMP097",11,"{""Manager"": 1, ""QA"": 1, ""Analyst"": 1, ""Developer"": 1}","{""Junior"": 2, ""Mid"": 3, ""Senior"": 2, ""Lead"": 1}",57.6,67.7,69.4,100.0,73.7,100.0,74.4,,84.1,8.5,0,7.5,False,,,,,,0.85,78.8,97.4,0,"Some workload imbalance noted, but team adapted quickly",Regular retrospectives helped resolve conflicts early,,Active,,,2023-01-20 17:30:00,2023-02-15 09:15:00
TEAM028,Backend Crew,PRJ074,2024-05-17,Manual,EMP043,"EMP075,EMP006",3,"{""Designer"": 1, ""Analyst"": 0, ""Manager"": 1}","{""Junior"": 2, ""Mid"": 2, ""Senior"": 1, ""Lead"": 1}",83.2,47.8,91.0,86.5,69.9,83.0,41.6,,61.2,8.9,0,8.5,False,,,,,,1.05,81.8,88.4,2,Strong technical execution but documentation needs improvement,Earlier risk identification would have prevented delays,,Active,,,2024-05-17 13:45:00,2025-01-25 12:45:00
TEAM029,Analytics Crew 3,PRJ071,2023-03-04,AI-Recommended,EMP017,"EMP042,EMP034,EMP043,EMP015,EMP100,EMP053,EMP067,EMP001,EMP086",10,"{""Manager"": 0, ""Analyst"": 1, ""DevOps"": 1, ""Developer"": 1}","{""Junior"": 0, ""Mid"": 1, ""Senior"": 2, ""Lead"": 0}",69.9,77.6,85.2,56.3,70.2,78.9,56.6,,74.8,8.2,2,7.0,False,,,,,,1.31,78.2,72.2,3,"High cohesion team, delivered above expectations",Clear role definitions improved efficiency significantly,,Active,,,2023-03-04 08:15:00,2025-02-27 10:30:00
TEAM030,Mobile Team,PRJ071,2023-03-04,Manual,EMP062,"EMP012,EMP029,EMP015,EMP060,EMP016,EMP084,EMP020,EMP065,EMP093,EMP038",11,"{""Manager"": 1, ""QA"": 0, ""Analyst"": 1, ""Designer"": 0}","{""Junior"": 1, ""Mid"": 1, ""Senior"": 1, ""Lead"": 0}",62.9,60.6,54.9,56.4,69.1,80.9,40.0,,66.6,7.3,0,7.9,False,,,,,,1.18,92.2,69.9,3,,Pair programming improved code quality noticeably,,Completed,2023-05-18,Reorganization,2023-03-04 08:30:00,2024-01-03 17:45:00
TEAM031,Omega Unit,PRJ020,2024-02-08,Manual,EMP076,"EMP045,EMP043,EMP071,EMP099,EMP070,EMP049,EMP059,EMP042,EMP025,EMP091",11,"{""Designer"": 1, ""Manager"": 0, ""Analyst"": 1, ""Developer"": 1}","{""Junior"": 2, ""Mid"": 2, ""Senior"": 2, ""Lead"": 0}",61.8,54.8,100.0,71.0,62.6,47.1,83.9,,54.2,7.2,0,8.5,False,,,,,,0.85,83.0,97.8,0,,Regular retrospectives helped resolve conflicts early,,Active,,,2024-02-08 09:45:00,2024-03-30 16:45:00
TEAM032,Design Dream Team,PRJ002,2023-04-02,Manual,EMP062,"EMP085,EMP020,EMP010,EMP061",5,"{""QA"": 0, ""DevOps"": 1, ""Analyst"": 1, ""Manager"": 1}","{""Junior"": 2, ""Mid"": 3, ""Senior"": 2, ""Lead"": 0}",33.1,69.4,64.1,61.2,62.2,68.4,67.1,76.1,85.8,8.6,0,8.1,True,287.6,True,6.6,100.0,10.0,1.15,76.7,98.6,1,Strong technical execution but documentation needs improvement,,True,Completed,2023-12-22,Project Complete,2023-04-02 10:30:00,2023-05-01 08:30:00
TEAM033,Analytics Crew 4,PRJ008,2023-07-11,Manual,EMP054,"EMP057,EMP019,EMP032,EMP069,EMP053,EMP074,EMP089",8,"{""Designer"": 1, ""DevOps"": 0, ""Manager"": 1, ""Developer"": 0}","{""Junior"": 0, ""Mid"": 2, ""Senior"": 2, ""Lead"": 1}",90.9,53.7,30.6,87.2,72.4,81.9,66.9,,64.7,6.6,0,6.5,False,,,,,,0.94,77.0,67.2,0,Excellent cross-functional coordination and knowledge sharing,Earlier risk identification would have prevented delays,,Disbanded,2023-11-14,Reorganization,2023-07-11 09:45:00,2024-06-28 17:30:00
TEAM034,Sprint Masters 2,PRJ055,2023-01-30,Manual,EMP073,"EMP039,EMP026,EMP050,EMP062,EMP014,EMP031",7,"{""Analyst"": 1, ""Manager"": 1, ""QA"": 0, ""DevOps"": 1}","{""Junior"": 1, ""Mid"": 1, ""Senior"": 1, ""Lead"": 1}",61.8,37.0,77.3,80.1,70.7,83.6,75.8,,57.9,6.5,2,7.9,False,,,,,,1.03,100.0,99.1,2,Communication gaps slowed progress in early sprints,Regular retrospectives helped resolve conflicts early,,Active,,,2023-01-30 11:15:00,2024-10-26 12:15:00
TEAM035,Analytics Crew 5,PRJ013,2024-01-18,Hybrid,EMP046,"EMP058,EMP005",3,"{""Manager"": 0, ""QA"": 1, ""Designer"": 1}","{""Junior"": 2, ""Mid"": 2, ""Senior"": 1, ""Lead"": 0}",61.5,58.0,70.0,39.4,65.1,75.4,50.7,,79.2,5.7,0,7.6,False,,,,,,1.42,62.7,76.1,4,Skill balance was ideal for the project requirements,Pair programming improved code quality noticeably,,Active,,,2024-01-18 10:30:00,2024-09-20 12:30:00
TEAM036,Mobile Team 2,PRJ015,2023-06-26,Manual,EMP025,"EMP098,EMP030,EMP088",4,"{""DevOps"": 1, ""Analyst"": 0, ""QA"": 1, ""Developer"": 0}","{""Junior"": 1, ""Mid"": 2, ""Senior"": 2, ""Lead"": 1}",63.9,63.6,78.7,89.4,83.6,69.1,100.0,48.2,60.6,7.4,2,7.4,True,219.3,False,8.2,119.0,7.4,1.02,74.9,85.6,0,Strong technical execution but documentation needs improvement,,True,Completed,2024-02-28,Reorganization,2023-06-26 12:45:00,2023-10-23 10:00:00
TEAM037,DevOps Warriors 4,PRJ005,2023-07-27,Manual,EMP021,"EMP013,EMP032,EMP070,EMP018,EMP051,EMP060,EMP049,EMP087,EMP097",10,"{""DevOps"": 0, ""Manager"": 1, ""Analyst"": 0, ""QA"": 1}","{""Junior"": 2, ""Mid"": 2, ""Senior"": 2, ""Lead"": 0}",78.2,86.5,25.3,79.7,67.9,94.2,68.5,,86.2,6.3,1,4.6,False,,,,,,1.16,71.9,57.5,1,Communication gaps slowed progress in early sprints,Regular retrospectives helped resolve conflicts early,,Disbanded,2023-10-18,Reorganization,2023-07-27 09:30:00,2025-02-03 18:30:00
TEAM038,Sprint Masters 3,PRJ008,2023-07-13,AI-Recommended,EMP033,"EMP016,EMP060,EMP012,EMP086,EMP028,EMP084",7,"{""DevOps"": 1, ""Manager"": 0, ""Developer"": 0, ""Analyst"": 0}","{""Junior"": 0, ""Mid"": 3, ""Senior"": 1, ""Lead"": 0}",70.2,84.5,66.7,63.5,76.3,82.5,80.0,,55.8,6.7,1,7.9,False,,,,,,1.19,93.6,79.1,1,"Team worked well under pressure, met all major milestones",Need daily standups for better alignment,,Disbanded,2023-11-14,Reorganization,2023-07-13 12:15:00,2023-11-23 16:30:00
TEAM039,Sprint Masters 4,PRJ023,2024-03-22,Manual,EMP024,"EMP002,EMP047",3,"{""Designer"": 0, ""Manager"": 0, ""QA"": 1}","{""Junior"": 0, ""Mid"": 1, ""Senior"": 2, ""Lead"": 0}",53.6,60.6,92.2,80.2,66.8,92.4,90.0,,61.8,6.6,1,6.6,False,,,,,,1.14,93.7,96.0,3,Skill balance was ideal for the project requirements,Clear role definitions improved efficiency significantly,,Completed,2024-10-08,Reorganization,2024-03-22 15:15:00,2025-01-30 08:30:00
TEAM040,Data Squad,PRJ059,2024-03-08,Manual,EMP006,"EMP063,EMP053",3,"{""Analyst"": 1, ""Developer"": 0, ""DevOps"": 0}","{""Junior"": 1, ""Mid"": 3, ""Senior"": 1, ""Lead"": 0}",85.1,57.2,55.8,77.2,84.5,66.6,39.5,,70.5,10.0,1,7.1,False,,,,,,1.01,100.0,85.7,4,,Pair programming improved code quality noticeably,,Completed,2024-03-22,Reorganization,2024-03-08 15:45:00,2024-04-27 09:15:00
TEAM041,Agile Avengers,PRJ056,2024-04-20,AI-Recommended,EMP062,"EMP044,EMP059,EMP052,EMP054,EMP095",6,"{""Developer"": 1, ""QA"": 1, ""Analyst"": 0, ""Designer"": 1}","{""Junior"": 0, ""Mid"": 1, ""Senior"": 1, ""Lead"": 0}",73.8,56.0,40.9,99.5,74.8,81.5,70.7,,78.9,10.0,0,7.9,False,,,,,,0.91,80.4,91.9,5,Skill balance was ideal for the project requirements,Earlier risk identification would have prevented delays,,Active,,,2024-04-20 16:00:00,2025-02-14 16:30:00
TEAM042,Strategy Unit,PRJ016,2023-11-14,Manual,EMP066,"EMP094,EMP007,EMP037,EMP078,EMP040,EMP046,EMP014",8,"{""Manager"": 1, ""DevOps"": 0, ""Designer"": 0, ""Developer"": 1}","{""Junior"": 2, ""Mid"": 2, ""Senior"": 1, ""Lead"": 1}",61.3,83.9,23.2,72.0,81.4,99.1,60.5,,47.0,6.9,1,5.9,False,,,,,,0.98,81.9,60.9,3,Excellent cross-functional coordination and knowledge sharing,Need daily standups for better alignment,,Completed,2024-09-09,Project Complete,2023-11-14 10:30:00,2024-11-07 12:30:00
TEAM043,Strategy Unit 2,PRJ045,2023-02-13,Hybrid,EMP025,"EMP074,EMP086,EMP053,EMP009",5,"{""Designer"": 0, ""Developer"": 1, ""Manager"": 1, ""QA"": 1}","{""Junior"": 1, ""Mid"": 1, ""Senior"": 2, ""Lead"": 1}",86.2,46.2,46.7,81.7,60.0,77.5,72.0,,70.2,6.3,1,7.5,False,,,,,,0.88,90.1,76.5,4,Strong technical execution but documentation needs improvement,Need daily standups for better alignment,,Active,,,2023-02-13 10:15:00,2024-11-06 08:00:00
TEAM044,Gamma Team,PRJ035,2023-09-21,Manual,EMP077,"EMP079,EMP057,EMP054,EMP035,EMP028,EMP098,EMP066,EMP015",9,"{""QA"": 1, ""Analyst"": 1, ""Developer"": 0, ""Designer"": 0}","{""Junior"": 1, ""Mid"": 3, ""Senior"": 1, ""Lead"": 0}",72.3,100.0,45.1,93.1,32.1,48.8,54.6,56.5,76.6,7.6,2,7.0,True,220.4,True,7.4,106.3,8.5,0.8,77.7,77.1,2,"Some workload imbalance noted, but team adapted quickly",Earlier risk identification would have prevented delays,False,Completed,2024-04-05,Reorganization,2023-09-21 10:45:00,2024-05-13 16:30:00
TEAM045,Security Squad 2,PRJ010,2023-12-25,AI-Recommended,EMP066,"EMP003,EMP059",3,"{""Developer"": 1, ""QA"": 1, ""Analyst"": 1}","{""Junior"": 0, ""Mid"": 2, ""Senior"": 1, ""Lead"": 1}",68.7,72.4,52.3,65.5,73.5,78.0,79.0,,53.3,6.7,0,7.0,False,,,,,,1.12,70.7,81.1,4,Skill balance was ideal for the project requirements,Clear role definitions improved efficiency significantly,,Completed,2024-03-17,Reorganization,2023-12-25 14:00:00,2024-04-27 14:45:00
TEAM046,Phoenix Team,PRJ068,2023-08-01,AI-Recommended,EMP046,"EMP097,EMP044,EMP029,EMP043,EMP022,EMP010,EMP067,EMP083",9,"{""Developer"": 1, ""Manager"": 0, ""Designer"": 0, ""Analyst"": 0}","{""Junior"": 0, ""Mid"": 2, ""Senior"": 1, ""Lead"": 0}",73.8,62.8,48.1,53.3,98.5,61.4,60.6,,86.4,4.9,1,8.2,False,,,,,,0.79,97.0,49.8,5,"High cohesion team, delivered above expectations",,,Completed,2023-11-12,Project Complete,2023-08-01 17:45:00,2025-03-01 18:30:00
TEAM047,Backend Crew 2,PRJ041,2023-05-12,Manual,EMP011,"EMP062,EMP058,EMP082,EMP040,EMP037,EMP077,EMP008,EMP047,EMP066",10,"{""Developer"": 0, ""QA"": 0, ""Analyst"": 1, ""Designer"": 1}","{""Junior"": 0, ""Mid"": 3, ""Senior"": 1, ""Lead"": 1}",84.6,71.6,59.0,92.5,100.0,90.1,63.3,67.1,57.3,7.3,1,5.3,True,20.3,True,8.3,124.1,8.4,0.93,88.3,99.1,3,,Earlier risk identification would have prevented delays,True,Completed,2023-05-30,Project Complete,2023-05-12 08:45:00,2023-08-25 13:00:00
TEAM048,Growth Squad,PRJ065,2023-05-07,Manual,EMP005,"EMP033,EMP092,EMP058,EMP069",5,"{""Manager"": 1, ""DevOps"": 1, ""Designer"": 1, ""Analyst"": 1}","{""Junior"": 1, ""Mid"": 3, ""Senior"": 1, ""Lead"": 1}",93.6,69.8,79.5,80.0,36.5,74.8,74.8,,47.9,8.0,0,5.5,False,,,,,,0.88,98.1,66.5,0,"Some workload imbalance noted, but team adapted quickly",Pair programming improved code quality noticeably,,Active,,,2023-05-07 12:15:00,2024-04-12 09:15:00
TEAM049,Titan Squad 2,PRJ045,2023-02-17,AI-Recommended,EMP024,"EMP078,EMP092,EMP011,EMP041,EMP073,EMP050,EMP084,EMP044",9,"{""Designer"": 1, ""Manager"": 1, ""Developer"": 0, ""QA"": 1}","{""Junior"": 1, ""Mid"": 1, ""Senior"": 1, ""Lead"": 1}",100.0,67.7,66.7,77.3,81.1,57.2,71.9,,58.8,5.0,2,8.5,False,,,,,,0.95,84.9,80.3,3,"Team worked well under pressure, met all major milestones",Earlier risk identification would have prevented delays,,Completed,2023-06-10,Project Complete,2023-02-17 09:30:00,2023-05-31 16:00:00
TEAM050,Analytics Crew 6,PRJ044,2024-03-20,AI-Recommended,EMP024,"EMP078,EMP050,EMP020,EMP021,EMP025,EMP090,EMP100,EMP081,EMP022,EMP094,EMP058",12,"{""Developer"": 2, ""Analyst"": 0, ""QA"": 1, ""Manager"": 2}","{""Junior"": 1, ""Mid"": 3, ""Senior"": 2, ""Lead"": 0}",65.0,50.2,57.8,81.5,80.0,63.7,85.0,,43.3,8.7,0,5.7,False,,,,,,0.97,94.8,79.6,2,Communication gaps slowed progress in early sprints,Regular retrospectives helped resolve conflicts early,,Completed,2024-09-01,Reorganization,2024-03-20 18:45:00,2024-11-11 12:45:00
TEAM051,Analytics Crew 7,PRJ065,2023-05-05,Hybrid,EMP030,"EMP026,EMP079,EMP018,EMP034,EMP007,EMP084,EMP063,EMP049",9,"{""Manager"": 0, ""Developer"": 0, ""DevOps"": 1, ""Designer"": 1}","{""Junior"": 2, ""Mid"": 1, ""Senior"": 2, ""Lead"": 0}",89.3,86.9,56.8,83.2,49.1,79.1,83.5,,69.9,7.8,2,7.0,False,,,,,,1.17,81.0,71.9,1,Skill balance was ideal for the project requirements,Need daily standups for better alignment,,Disbanded,2023-11-16,Reorganization,2023-05-05 14:00:00,2024-06-13 16:30:00
TEAM052,Nexus Crew 4,PRJ031,2024-01-21,Manual,EMP054,"EMP029,EMP004,EMP041",4,"{""Developer"": 0, ""QA"": 1, ""Designer"": 1, ""DevOps"": 0}","{""Junior"": 2, ""Mid"": 2, ""Senior"": 2, ""Lead"": 0}",83.3,52.3,74.0,61.4,91.2,76.1,73.9,,73.8,4.7,2,6.5,False,,,,,,1.16,92.4,81.7,0,"Team worked well under pressure, met all major milestones",Cross-training team members reduced single points of failure,,Completed,2024-08-17,Reorganization,2024-01-21 09:30:00,2024-05-21 12:00:00
TEAM053,Delta Force 4,PRJ007,2024-02-21,Manual,EMP097,"EMP059,EMP009,EMP015,EMP064,EMP077,EMP069,EMP003,EMP081",9,"{""Manager"": 0, ""DevOps"": 1, ""Designer"": 1, ""QA"": 0}","{""Junior"": 2, ""Mid"": 2, ""Senior"": 1, ""Lead"": 1}",80.7,72.7,87.0,66.1,64.4,42.7,84.9,,72.4,5.0,0,5.2,False,,,,,,0.87,91.5,74.1,5,,Regular retrospectives helped resolve conflicts early,,Active,,,2024-02-21 09:00:00,2024-09-07 15:00:00
TEAM054,Beta Crew 2,PRJ050,2024-01-01,Manual,EMP004,"EMP047,EMP010,EMP046,EMP032,EMP095,EMP086",7,"{""DevOps"": 0, ""Developer"": 1, ""QA"": 1, ""Manager"": 0}","{""Junior"": 2, ""Mid"": 2, ""Senior"": 2, ""Lead"": 0}",57.9,44.9,43.3,61.1,82.2,77.5,60.4,100.0,65.4,8.7,0,9.2,True,237.8,True,5.7,100.9,6.9,0.91,88.7,69.9,2,Great collaboration and clear communication throughout,Regular retrospectives helped resolve conflicts early,True,Completed,2024-07-31,Project Complete,2024-01-01 12:45:00,2025-02-21 16:45:00
TEAM055,Strategy Unit 3,PRJ033,2024-02-15,Manual,EMP044,"EMP047,EMP007,EMP085,EMP043,EMP035",6,"{""Developer"": 1, ""QA"": 1, ""Analyst"": 1, ""Designer"": 0}","{""Junior"": 1, ""Mid"": 3, ""Senior"": 2, ""Lead"": 1}",64.4,55.6,79.3,88.6,77.2,74.4,62.1,63.1,100.0,8.4,0,6.3,True,339.1,True,7.8,95.6,8.2,1.08,95.0,66.9,0,"Team worked well under pressure, met all major milestones",Pair programming improved code quality noticeably,True,Completed,2024-12-11,Reorganization,2024-02-15 13:00:00,2024-03-26 13:30:00
TEAM056,Beta Crew 3,PRJ040,2024-02-16,AI-Recommended,EMP066,"EMP022,EMP090,EMP057,EMP045,EMP058,EMP006,EMP095,EMP046,EMP080,EMP056,EMP036",12,"{""DevOps"": 2, ""Developer"": 1, ""Manager"": 1, ""QA"": 2}","{""Junior"": 2, ""Mid"": 3, ""Senior"": 1, ""Lead"": 0}",71.6,84.4,47.9,64.1,71.9,90.4,57.1,,19.3,6.1,0,8.7,False,,,,,,1.05,97.9,63.3,4,"Team worked well under pressure, met all major milestones",Clear role definitions improved efficiency significantly,,Completed,2024-08-04,Reorganization,2024-02-16 11:30:00,2024-08-19 14:00:00
TEAM057,Velocity Squad 2,PRJ078,2023-02-06,Manual,EMP054,"EMP048,EMP058,EMP099,EMP010,EMP075,EMP018,EMP069,EMP047,EMP051",10,"{""QA"": 0, ""DevOps"": 0, ""Designer"": 1, ""Developer"": 1}","{""Junior"": 2, ""Mid"": 1, ""Senior"": 2, ""Lead"": 1}",73.6,76.3,81.8,80.5,78.1,90.7,79.0,,80.0,8.5,1,9.1,False,,,,,,0.9,87.8,73.2,1,"High cohesion team, delivered above expectations",Async communication tools reduced meeting overhead,,Completed,2023-04-16,Reorganization,2023-02-06 09:15:00,2023-04-22 15:15:00
TEAM058,DevOps Warriors 5,PRJ057,2023-08-22,Manual,EMP053,"EMP092,EMP009,EMP072,EMP071,EMP038,EMP039,EMP021",8,"{""DevOps"": 0, ""Designer"": 0, ""QA"": 0, ""Analyst"": 0}","{""Junior"": 0, ""Mid"": 2, ""Senior"": 1, ""Lead"": 1}",57.5,77.9,72.2,72.1,72.1,92.3,51.1,,68.3,7.3,1,8.2,False,,,,,,0.8,99.9,80.8,2,,Earlier risk identification would have prevented delays,,Active,,,2023-08-22 17:00:00,2023-10-28 12:45:00
TEAM059,AI Task Force 3,PRJ062,2024-04-17,Hybrid,EMP062,"EMP075,EMP010,EMP017,EMP041,EMP084,EMP058,EMP060,EMP089",9,"{""Manager"": 0, ""QA"": 0, ""Designer"": 1, ""DevOps"": 0}","{""Junior"": 0, ""Mid"": 3, ""Senior"": 1, ""Lead"": 1}",78.1,72.7,86.8,56.3,74.6,86.1,69.4,67.3,69.3,7.4,0,5.1,True,195.5,True,8.8,94.2,7.7,1.06,75.7,76.3,4,Communication gaps slowed progress in early sprints,Pair programming improved code quality noticeably,False,Completed,2024-10-12,Reorganization,2024-04-17 10:30:00,2025-02-25 16:00:00
TEAM060,QA Guardians,PRJ065,2023-05-07,AI-Recommended,EMP093,"EMP075,EMP020,EMP022,EMP085",5,"{""Manager"": 0, ""DevOps"": 0, ""QA"": 0, ""Analyst"": 0}","{""Junior"": 2, ""Mid"": 3, ""Senior"": 2, ""Lead"": 0}",39.5,48.2,57.7,59.0,69.3,89.7,85.8,,83.7,8.9,1,7.0,False,,,,,,0.83,80.6,86.2,3,,Pair programming improved code quality noticeably,,Completed,2023-11-16,Project Complete,2023-05-07 18:30:00,2024-09-12 11:45:00
TEAM061,Vortex Team 2,PRJ039,2023-09-28,AI-Recommended,EMP006,"EMP022,EMP058,EMP055",4,"{""Analyst"": 0, ""DevOps"": 1, ""Designer"": 1, ""Manager"": 1}","{""Junior"": 1, ""Mid"": 1, ""Senior"": 2, ""Lead"": 0}",83.5,69.1,52.2,66.3,73.1,76.6,85.3,,63.2,7.9,0,7.3,False,,,,,,1.04,79.2,87.2,3,"High cohesion team, delivered above expectations",Async communication tools reduced meeting overhead,,Disbanded,2023-12-22,Project Complete,2023-09-28 10:00:00,2023-11-18 12:45:00
TEAM062,Beta Crew 4,PRJ079,2023-09-28,Hybrid,EMP030,"EMP043,EMP075,EMP094,EMP042,EMP025",6,"{""Designer"": 1, ""Analyst"": 1, ""Manager"": 0, ""DevOps"": 0}","{""Junior"": 1, ""Mid"": 3, ""Senior"": 2, ""Lead"": 0}",80.8,58.8,70.8,91.2,79.4,64.5,71.3,,73.2,6.2,0,5.7,False,,,,,,0.95,73.1,77.8,2,Excellent cross-functional coordination and knowledge sharing,,,Completed,2024-07-20,Project Complete,2023-09-28 17:45:00,2024-07-16 16:00:00
TEAM063,Frontend Force 3,PRJ014,2024-05-15,Manual,EMP042,"EMP095,EMP048,EMP099,EMP053",5,"{""QA"": 0, ""Developer"": 1, ""Analyst"": 1, ""Manager"": 0}","{""Junior"": 1, ""Mid"": 3, ""Senior"": 2, ""Lead"": 1}",60.5,85.9,60.0,74.7,69.4,69.7,100.0,66.1,87.3,5.8,1,7.7,True,218.1,False,8.2,99.7,6.8,0.96,77.2,100.0,0,Skill balance was ideal for the project requirements,Regular retrospectives helped resolve conflicts early,True,Completed,2024-12-06,Reorganization,2024-05-15 10:15:00,2025-01-30 14:00:00
TEAM064,Frontend Force 4,PRJ006,2023-01-09,AI-Recommended,EMP052,"EMP062,EMP068,EMP060,EMP020",5,"{""Manager"": 1, ""DevOps"": 0, ""Designer"": 1, ""Analyst"": 1}","{""Junior"": 2, ""Mid"": 2, ""Senior"": 2, ""Lead"": 1}",69.7,59.7,65.7,71.5,70.7,77.3,61.8,,70.7,5.8,0,8.5,False,,,,,,1.09,76.1,72.2,0,Skill balance was ideal for the project requirements,Clear role definitions improved efficiency significantly,,Active,,,2023-01-09 14:30:00,2025-01-20 18:00:00
TEAM065,Velocity Squad 3,PRJ077,2023-02-19,AI-Recommended,EMP093,"EMP074,EMP030,EMP094,EMP007,EMP075,EMP062",7,"{""Designer"": 0, ""Manager"": 0, ""Analyst"": 0, ""Developer"": 0}","{""Junior"": 0, ""Mid"": 2, ""Senior"": 2, ""Lead"": 1}",97.2,77.0,72.1,83.9,63.3,96.3,73.6,86.3,71.4,8.9,1,7.8,True,68.6,True,10.0,95.6,7.7,0.85,75.6,86.0,3,Communication gaps slowed progress in early sprints,Regular retrospectives helped resolve conflicts early,False,Completed,2023-04-29,Project Complete,2023-02-19 18:45:00,2024-08-10 14:30:00
TEAM066,Apex Unit 2,PRJ023,2024-03-28,AI-Recommended,EMP052,"EMP071,EMP046,EMP088,EMP100,EMP094,EMP089,EMP084,EMP090,EMP034,EMP080",11,"{""Analyst"": 1, ""Designer"": 0, ""Manager"": 1, ""DevOps"": 1}","{""Junior"": 2, ""Mid"": 1, ""Senior"": 2, ""Lead"": 1}",86.9,58.9,78.6,60.3,80.5,72.5,75.0,,83.3,7.1,0,8.4,False,,,,,,1.13,59.6,66.3,4,Strong technical execution but documentation needs improvement,Cross-training team members reduced single points of failure,,Completed,2024-10-08,Reorganization,2024-03-28 14:30:00,2024-06-10 12:00:00
TEAM067,Beta Crew 5,PRJ037,2024-01-02,Hybrid,EMP053,"EMP058,EMP085,EMP033",4,"{""DevOps"": 1, ""Analyst"": 1, ""Designer"": 0, ""Developer"": 0}","{""Junior"": 2, ""Mid"": 3, ""Senior"": 1, ""Lead"": 0}",46.6,100.0,63.1,98.2,47.5,71.4,83.2,,70.5,7.9,2,5.8,False,,,,,,1.21,91.3,83.2,1,Strong technical execution but documentation needs improvement,Cross-training team members reduced single points of failure,,Completed,2024-03-26,Project Complete,2024-01-02 13:45:00,2024-02-22 18:15:00
TEAM068,Cloud Ninjas 3,PRJ001,2023-10-07,Manual,EMP062,"EMP085,EMP061,EMP063,EMP026",5,"{""QA"": 0, ""DevOps"": 0, ""Manager"": 0, ""Analyst"": 0}","{""Junior"": 0, ""Mid"": 2, ""Senior"": 1, ""Lead"": 0}",59.7,76.5,59.8,53.5,71.2,77.6,86.9,,36.7,7.5,3,5.9,False,,,,,,1.05,86.5,76.9,3,"High cohesion team, delivered above expectations",Earlier risk identification would have prevented delays,,Active,,,2023-10-07 12:00:00,2023-10-16 12:00:00
TEAM069,Data Squad 2,PRJ043,2023-08-18,AI-Recommended,EMP085,"EMP068,EMP064,EMP018,EMP065,EMP060,EMP035,EMP025,EMP015,EMP043",10,"{""Designer"": 0, ""Analyst"": 0, ""QA"": 1, ""Manager"": 1}","{""Junior"": 2, ""Mid"": 3, ""Senior"": 1, ""Lead"": 0}",86.6,62.1,37.0,71.5,40.6,83.8,68.4,90.3,82.4,5.4,1,6.3,True,81.3,True,8.2,110.2,9.0,1.18,80.9,82.7,2,"Team worked well under pressure, met all major milestones",Earlier risk identification would have prevented delays,True,Completed,2023-11-08,Project Complete,2023-08-18 15:30:00,2024-04-28 08:30:00
TEAM070,Omega Unit 2,PRJ050,2023-12-30,Manual,EMP043,"EMP044,EMP039,EMP076,EMP094,EMP075,EMP002,EMP034,EMP085,EMP048",10,"{""DevOps"": 0, ""Designer"": 1, ""Developer"": 1, ""QA"": 0}","{""Junior"": 1, ""Mid"": 3, ""Senior"": 2, ""Lead"": 0}",89.5,67.4,55.1,75.6,61.7,78.0,57.5,70.3,79.8,6.4,2,7.3,True,209.4,False,7.8,105.4,7.3,1.16,56.8,100.0,1,Skill balance was ideal for the project requirements,Cross-training team members reduced single points of failure,True,Completed,2024-07-31,Reorganization,2023-12-30 16:45:00,2025-01-20 16:15:00
TEAM071,Research Collective 2,PRJ032,2023-11-30,Manual,EMP017,"EMP069,EMP059,EMP092,EMP048,EMP010,EMP074,EMP015,EMP008,EMP072,EMP066,EMP027",12,"{""Manager"": 1, ""DevOps"": 2, ""Designer"": 1, ""Developer"": 0}","{""Junior"": 2, ""Mid"": 1, ""Senior"": 2, ""Lead"": 0}",55.9,81.0,70.0,66.5,88.1,77.5,79.7,60.2,73.6,9.8,0,8.5,True,153.0,False,8.0,94.6,7.6,1.03,87.4,64.0,3,"High cohesion team, delivered above expectations",Pair programming improved code quality noticeably,False,Completed,2024-05-24,Reorganization,2023-11-30 08:45:00,2024-04-08 08:15:00
TEAM072,AI Task Force 4,PRJ075,2023-02-23,AI-Recommended,EMP066,"EMP045,EMP091",3,"{""Developer"": 0, ""Manager"": 1, ""DevOps"": 0}","{""Junior"": 1, ""Mid"": 2, ""Senior"": 1, ""Lead"": 0}",80.0,61.2,70.3,88.1,68.2,85.1,92.1,80.9,78.6,5.0,3,6.2,True,54.9,True,8.9,106.8,8.4,1.1,97.5,74.6,3,"Some workload imbalance noted, but team adapted quickly",Cross-training team members reduced single points of failure,True,Completed,2023-04-15,Reorganization,2023-02-23 09:15:00,2024-12-23 13:00:00
TEAM073,Beta Crew 6,PRJ023,2024-03-29,AI-Recommended,EMP082,"EMP017,EMP095,EMP029,EMP001,EMP098,EMP003,EMP039,EMP060",9,"{""DevOps"": 1, ""Manager"": 0, ""Analyst"": 0, ""QA"": 1}","{""Junior"": 1, ""Mid"": 1, ""Senior"": 2, ""Lead"": 0}",50.8,49.0,49.1,95.2,48.7,75.4,53.9,,59.6,7.4,2,6.5,False,,,,,,1.16,100.0,48.8,5,"Some workload imbalance noted, but team adapted quickly",Need daily standups for better alignment,,Disbanded,2024-10-08,Project Complete,2024-03-29 11:15:00,2024-05-02 09:00:00
TEAM074,Security Squad 3,PRJ058,2023-10-17,AI-Recommended,EMP041,"EMP096,EMP006",3,"{""Analyst"": 0, ""DevOps"": 0, ""Designer"": 0}","{""Junior"": 2, ""Mid"": 2, ""Senior"": 1, ""Lead"": 1}",59.8,65.6,64.6,60.0,49.0,100.0,46.5,,100.0,8.1,1,8.1,False,,,,,,1.09,79.0,83.1,5,Skill balance was ideal for the project requirements,Async communication tools reduced meeting overhead,,On Hold,,,2023-10-17 12:15:00,2024-09-19 16:15:00
TEAM075,QA Guardians 2,PRJ053,2023-05-18,Manual,EMP006,"EMP073,EMP077,EMP096,EMP024,EMP082,EMP088",7,"{""Analyst"": 1, ""Manager"": 1, ""DevOps"": 1, ""Developer"": 1}","{""Junior"": 1, ""Mid"": 1, ""Senior"": 2, ""Lead"": 1}",67.2,79.7,64.4,62.6,58.9,65.2,85.6,,59.4,4.7,0,7.8,False,,,,,,1.23,91.3,70.2,4,Communication gaps slowed progress in early sprints,Async communication tools reduced meeting overhead,,Active,,,2023-05-18 12:15:00,2024-09-03 08:45:00
TEAM076,Mobile Team 3,PRJ054,2024-04-04,Manual,EMP024,"EMP051,EMP033,EMP034,EMP028,EMP044,EMP084,EMP011,EMP059,EMP049,EMP012",11,"{""Manager"": 1, ""Designer"": 0, ""Developer"": 0, ""DevOps"": 0}","{""Junior"": 2, ""Mid"": 3, ""Senior"": 1, ""Lead"": 1}",46.2,58.4,74.9,99.0,75.3,82.4,58.9,,87.6,7.1,0,6.6,False,,,,,,1.01,87.7,79.8,2,Great collaboration and clear communication throughout,Async communication tools reduced meeting overhead,,Completed,2024-04-16,Reorganization,2024-04-04 11:00:00,2024-12-05 11:15:00
TEAM077,Beta Crew 7,PRJ051,2023-06-22,Hybrid,EMP086,"EMP042,EMP037,EMP049,EMP060,EMP069",6,"{""DevOps"": 1, ""QA"": 1, ""Manager"": 1, ""Designer"": 0}","{""Junior"": 2, ""Mid"": 2, ""Senior"": 2, ""Lead"": 0}",65.7,77.6,74.0,58.1,89.2,75.5,68.1,,78.5,8.2,0,6.5,False,,,,,,1.12,75.3,100.0,3,Communication gaps slowed progress in early sprints,Earlier risk identification would have prevented delays,,Active,,,2023-06-22 08:30:00,2025-01-08 17:45:00
TEAM078,Security Squad 4,PRJ038,2023-10-06,AI-Recommended,EMP052,"EMP030,EMP049,EMP074,EMP032,EMP065",6,"{""Manager"": 1, ""QA"": 1, ""DevOps"": 0, ""Designer"": 1}","{""Junior"": 0, ""Mid"": 1, ""Senior"": 2, ""Lead"": 0}",57.6,100.0,42.7,81.8,61.0,74.7,78.3,90.1,95.1,5.2,0,7.6,True,321.3,False,9.4,79.8,7.9,1.0,87.0,68.0,0,Great collaboration and clear communication throughout,Cross-training team members reduced single points of failure,True,Completed,2024-07-31,Project Complete,2023-10-06 10:15:00,2023-12-14 10:00:00
TEAM079,Titan Squad 3,PRJ028,2023-10-16,AI-Recommended,EMP054,"EMP008,EMP081,EMP083,EMP087,EMP080,EMP063,EMP086,EMP064,EMP003",10,"{""Developer"": 0, ""Manager"": 1, ""Analyst"": 1, ""DevOps"": 0}","{""Junior"": 2, ""Mid"": 3, ""Senior"": 2, ""Lead"": 0}",84.6,87.5,70.4,68.1,47.7,88.5,56.6,,58.0,6.4,0,7.1,False,,,,,,0.89,82.4,69.9,0,Communication gaps slowed progress in early sprints,Pair programming improved code quality noticeably,,Completed,2024-02-08,Project Complete,2023-10-16 13:30:00,2024-11-26 14:00:00
TEAM080,Titan Squad 4,PRJ048,2023-12-02,Hybrid,EMP091,"EMP032,EMP090,EMP029,EMP039,EMP088,EMP011,EMP084,EMP099,EMP005",10,"{""Developer"": 1, ""Analyst"": 0, ""Manager"": 0, ""Designer"": 0}","{""Junior"": 0, ""Mid"": 2, ""Senior"": 2, ""Lead"": 1}",80.5,78.5,100.0,59.8,53.5,90.4,99.3,,64.4,9.4,1,7.4,False,,,,,,0.9,70.1,86.2,0,Communication gaps slowed progress in early sprints,,,Completed,2023-12-16,Project Complete,2023-12-02 12:00:00,2024-01-09 18:30:00
TEAM081,Data Squad 3,PRJ070,2023-09-16,Manual,EMP032,"EMP042,EMP003",3,"{""Designer"": 1, ""Manager"": 0, ""DevOps"": 1}","{""Junior"": 0, ""Mid"": 3, ""Senior"": 1, ""Lead"": 1}",93.8,67.7,88.7,59.2,64.0,58.9,73.0,,78.9,7.3,1,8.8,False,,,,,,0.89,84.7,71.1,4,"Team worked well under pressure, met all major milestones",Clear role definitions improved efficiency significantly,,Disbanded,2023-12-21,Reorganization,2023-09-16 16:30:00,2023-11-09 09:45:00
TEAM082,Delta Force 5,PRJ030,2023-12-30,Hybrid,EMP052,"EMP079,EMP100,EMP080",4,"{""Manager"": 1, ""Analyst"": 1, ""QA"": 1, ""Developer"": 0}","{""Junior"": 1, ""Mid"": 3, ""Senior"": 2, ""Lead"": 1}",75.4,57.0,49.0,65.8,68.4,81.3,81.9,,56.1,5.1,0,9.9,False,,,,,,0.83,92.0,78.4,4,Excellent cross-functional coordination and knowledge sharing,Async communication tools reduced meeting overhead,,Completed,2024-04-24,Reorganization,2023-12-30 09:00:00,2024-05-15 10:45:00
TEAM083,Alpha Squad 2,PRJ020,2024-02-12,Hybrid,EMP047,"EMP048,EMP014,EMP012,EMP001,EMP040,EMP058,EMP099,EMP035",9,"{""Developer"": 1, ""Designer"": 1, ""DevOps"": 1, ""Analyst"": 0}","{""Junior"": 0, ""Mid"": 1, ""Senior"": 2, ""Lead"": 0}",64.2,78.5,57.1,90.2,80.5,89.0,64.9,,64.7,5.7,1,6.9,False,,,,,,0.84,97.8,78.7,2,Excellent cross-functional coordination and knowledge sharing,Cross-training team members reduced single points of failure,,Disbanded,2024-05-07,Reorganization,2024-02-12 14:00:00,2025-02-17 16:15:00
TEAM084,Strategy Unit 4,PRJ074,2024-05-16,Manual,EMP056,"EMP022,EMP018,EMP035,EMP039",5,"{""QA"": 0, ""Analyst"": 1, ""Designer"": 1, ""Developer"": 1}","{""Junior"": 1, ""Mid"": 2, ""Senior"": 1, ""Lead"": 1}",72.6,100.0,59.6,66.5,79.9,42.1,72.9,,62.8,5.9,0,7.9,False,,,,,,1.01,60.4,69.6,1,Communication gaps slowed progress in early sprints,,,Completed,2024-11-28,Reorganization,2024-05-16 09:15:00,2024-10-18 08:45:00
TEAM085,Research Collective 3,PRJ043,2023-08-27,AI-Recommended,EMP056,"EMP043,EMP058,EMP057,EMP085,EMP078,EMP018,EMP039,EMP042,EMP079,EMP090,EMP026",12,"{""Analyst"": 1, ""QA"": 1, ""Designer"": 2, ""DevOps"": 2}","{""Junior"": 2, ""Mid"": 2, ""Senior"": 1, ""Lead"": 1}",74.2,60.9,74.7,58.3,57.5,86.3,62.4,72.1,66.7,6.7,1,6.9,True,72.1,False,6.8,103.6,6.7,1.0,73.3,58.1,4,"Team worked well under pressure, met all major milestones",Need daily standups for better alignment,True,Completed,2023-11-08,Project Complete,2023-08-27 15:15:00,2024-11-17 12:00:00
TEAM086,Phoenix Team 2,PRJ053,2023-05-24,AI-Recommended,EMP024,"EMP083,EMP040,EMP032,EMP034,EMP086,EMP020,EMP093,EMP056,EMP050",10,"{""Developer"": 1, ""Analyst"": 1, ""Manager"": 0, ""QA"": 1}","{""Junior"": 2, ""Mid"": 3, ""Senior"": 1, ""Lead"": 0}",83.7,57.4,61.2,73.3,86.8,72.4,55.6,,84.9,6.8,1,8.4,False,,,,,,1.11,81.6,75.7,5,Great collaboration and clear communication throughout,Cross-training team members reduced single points of failure,,Completed,2023-07-11,Reorganization,2023-05-24 13:45:00,2023-09-09 08:00:00
TEAM087,Cloud Ninjas 4,PRJ034,2023-06-14,Manual,EMP082,"EMP072,EMP075,EMP090,EMP074,EMP029,EMP058,EMP048,EMP051,EMP060,EMP100",11,"{""DevOps"": 0, ""Manager"": 1, ""Designer"": 0, ""Analyst"": 1}","{""Junior"": 1, ""Mid"": 1, ""Senior"": 1, ""Lead"": 0}",82.9,60.8,67.0,60.5,57.1,79.5,44.6,,96.8,5.6,0,7.3,False,,,,,,1.18,71.6,48.1,2,Communication gaps slowed progress in early sprints,,,Completed,2023-11-23,Reorganization,2023-06-14 13:45:00,2023-09-21 15:45:00
TEAM088,Research Collective 4,PRJ041,2023-05-11,AI-Recommended,EMP005,"EMP092,EMP016,EMP003,EMP045,EMP084,EMP015",7,"{""DevOps"": 0, ""Designer"": 0, ""Manager"": 1, ""QA"": 1}","{""Junior"": 1, ""Mid"": 1, ""Senior"": 2, ""Lead"": 0}",63.3,76.0,68.7,89.9,55.2,56.0,66.3,71.8,86.0,9.0,1,8.8,True,18.8,True,7.9,109.6,6.7,1.03,67.7,78.8,1,Great collaboration and clear communication throughout,Async communication tools reduced meeting overhead,True,Completed,2023-05-30,Reorganization,2023-05-11 11:30:00,2023-07-14 17:00:00
TEAM089,Core Team 2,PRJ069,2024-04-26,AI-Recommended,EMP047,"EMP026,EMP060,EMP015,EMP034,EMP087,EMP064,EMP069",8,"{""DevOps"": 1, ""QA"": 0, ""Analyst"": 1, ""Manager"": 1}","{""Junior"": 1, ""Mid"": 3, ""Senior"": 1, ""Lead"": 1}",66.6,73.3,69.3,69.1,60.0,99.5,58.3,,49.4,8.1,2,8.7,False,,,,,,0.93,76.8,81.7,4,"Team worked well under pressure, met all major milestones",Regular retrospectives helped resolve conflicts early,,Disbanded,2025-01-05,Project Complete,2024-04-26 09:15:00,2024-09-29 09:15:00
TEAM090,AI Task Force 5,PRJ048,2023-12-07,Manual,EMP081,"EMP050,EMP054,EMP077,EMP018",5,"{""Manager"": 1, ""Analyst"": 0, ""DevOps"": 0, ""Developer"": 1}","{""Junior"": 1, ""Mid"": 1, ""Senior"": 1, ""Lead"": 1}",59.4,80.5,88.6,58.7,64.5,84.2,59.0,,77.0,8.8,2,6.6,False,,,,,,1.01,99.5,100.0,4,Skill balance was ideal for the project requirements,Need daily standups for better alignment,,Completed,2023-12-16,Project Complete,2023-12-07 15:15:00,2024-03-15 14:45:00
TEAM091,Growth Squad 2,PRJ053,2023-05-24,Hybrid,EMP062,"EMP092,EMP057,EMP064,EMP022,EMP011,EMP074,EMP004,EMP099,EMP029",10,"{""QA"": 1, ""Developer"": 0, ""DevOps"": 1, ""Manager"": 1}","{""Junior"": 2, ""Mid"": 3, ""Senior"": 1, ""Lead"": 0}",57.2,77.0,75.0,72.3,63.1,60.8,47.7,,40.7,8.0,0,7.5,False,,,,,,0.93,78.0,80.7,4,Great collaboration and clear communication throughout,,,Completed,2023-07-11,Reorganization,2023-05-24 16:15:00,2024-08-01 09:15:00
TEAM092,Security Squad 5,PRJ039,2023-10-04,Manual,EMP069,"EMP034,EMP045",3,"{""Developer"": 0, ""Analyst"": 0, ""DevOps"": 1}","{""Junior"": 2, ""Mid"": 3, ""Senior"": 2, ""Lead"": 0}",67.5,76.3,69.8,85.9,59.8,98.2,70.0,,80.4,8.2,1,6.1,False,,,,,,1.08,85.9,78.4,1,Communication gaps slowed progress in early sprints,Need daily standups for better alignment,,On Hold,,,2023-10-04 17:30:00,2024-07-17 17:15:00
TEAM093,Innovation Lab,PRJ042,2024-01-21,Manual,EMP044,"EMP075,EMP035,EMP067,EMP088,EMP013,EMP018",7,"{""Analyst"": 0, ""Developer"": 0, ""QA"": 0, ""DevOps"": 0}","{""Junior"": 2, ""Mid"": 2, ""Senior"": 1, ""Lead"": 1}",68.6,70.8,79.6,82.5,72.5,57.6,78.9,,78.1,10.0,0,8.6,False,,,,,,0.72,82.9,100.0,4,"Some workload imbalance noted, but team adapted quickly",Cross-training team members reduced single points of failure,,Disbanded,2024-07-14,Reorganization,2024-01-21 15:00:00,2024-12-10 09:45:00
TEAM094,Omega Unit 3,PRJ066,2024-01-31,AI-Recommended,EMP054,"EMP060,EMP064,EMP042,EMP076,EMP001,EMP095",7,"{""Developer"": 1, ""Analyst"": 0, ""QA"": 1, ""DevOps"": 0}","{""Junior"": 1, ""Mid"": 2, ""Senior"": 2, ""Lead"": 1}",79.4,63.3,73.6,71.7,71.7,92.4,59.0,,86.0,6.7,0,7.6,False,,,,,,0.79,90.6,96.8,4,"High cohesion team, delivered above expectations",Regular retrospectives helped resolve conflicts early,,Active,,,2024-01-31 18:00:00,2024-02-23 09:45:00
TEAM095,Velocity Squad 4,PRJ003,2023-01-14,AI-Recommended,EMP069,"EMP059,EMP001,EMP055,EMP026",5,"{""DevOps"": 1, ""Designer"": 0, ""QA"": 1, ""Developer"": 1}","{""Junior"": 0, ""Mid"": 2, ""Senior"": 1, ""Lead"": 0}",74.2,92.4,38.9,60.6,65.2,67.7,60.6,43.7,81.7,7.6,0,5.3,True,130.3,False,9.3,120.2,6.6,1.17,75.1,80.4,5,Communication gaps slowed progress in early sprints,,False,Completed,2023-05-13,Project Complete,2023-01-14 09:15:00,2024-09-12 11:45:00
TEAM096,Innovation Lab 2,PRJ002,2023-03-22,AI-Recommended,EMP021,"EMP056,EMP090,EMP017,EMP063,EMP010,EMP031,EMP051",8,"{""Developer"": 1, ""DevOps"": 1, ""Manager"": 0, ""Designer"": 1}","{""Junior"": 0, ""Mid"": 3, ""Senior"": 1, ""Lead"": 0}",57.5,73.8,52.6,99.2,100.0,100.0,85.4,64.3,84.8,7.2,0,8.9,True,296.3,True,8.9,92.2,8.6,1.1,48.7,88.4,5,"Some workload imbalance noted, but team adapted quickly",,True,Completed,2023-12-22,Project Complete,2023-03-22 11:00:00,2023-07-02 10:00:00
TEAM097,Data Squad 4,PRJ076,2023-04-08,Manual,EMP053,"EMP056,EMP041,EMP018,EMP032,EMP036,EMP084,EMP011,EMP072",9,"{""Manager"": 0, ""DevOps"": 1, ""QA"": 0, ""Analyst"": 0}","{""Junior"": 2, ""Mid"": 2, ""Senior"": 2, ""Lead"": 0}",57.4,70.1,73.6,57.2,74.8,88.7,98.1,,52.9,6.7,1,7.6,False,,,,,,1.17,78.3,93.6,1,Strong technical execution but documentation needs improvement,Async communication tools reduced meeting overhead,,Completed,2023-09-13,Reorganization,2023-04-08 15:00:00,2024-09-29 08:30:00
TEAM098,Delta Force 6,PRJ041,2023-05-12,Manual,EMP091,"EMP054,EMP047,EMP070,EMP088,EMP023,EMP099,EMP061,EMP100",9,"{""Developer"": 1, ""DevOps"": 0, ""Manager"": 0, ""Analyst"": 0}","{""Junior"": 1, ""Mid"": 3, ""Senior"": 2, ""Lead"": 1}",40.9,52.2,43.9,68.1,83.6,51.6,74.4,87.5,71.5,6.7,0,7.8,True,19.3,True,7.4,116.7,6.2,0.99,84.5,73.1,1,,Async communication tools reduced meeting overhead,True,Completed,2023-05-30,Reorganization,2023-05-12 10:30:00,2024-06-15 17:00:00
TEAM099,Agile Avengers 2,PRJ040,2024-02-20,AI-Recommended,EMP041,"EMP008,EMP032,EMP012,EMP057,EMP015,EMP060,EMP080,EMP079",9,"{""Developer"": 0, ""QA"": 0, ""Designer"": 0, ""DevOps"": 0}","{""Junior"": 1, ""Mid"": 2, ""Senior"": 2, ""Lead"": 0}",83.5,82.9,71.4,60.7,77.9,71.4,76.9,,69.7,5.9,0,6.2,False,,,,,,1.05,79.3,67.1,5,Strong technical execution but documentation needs improvement,Need daily standups for better alignment,,Disbanded,2024-08-04,Reorganization,2024-02-20 13:45:00,2024-07-08 16:00:00
TEAM100,Phoenix Team 3,PRJ034,2023-06-22,AI-Recommended,EMP011,"EMP065,EMP060,EMP067,EMP048,EMP008,EMP074,EMP023,EMP049,EMP022,EMP034,EMP100",12,"{""Developer"": 2, ""Manager"": 2, ""DevOps"": 0, ""Analyst"": 0}","{""Junior"": 0, ""Mid"": 1, ""Senior"": 1, ""Lead"": 1}",56.2,64.6,64.7,76.3,55.0,53.6,57.6,,71.5,7.3,0,8.1,False,,,,,,1.01,80.7,70.1,1,Great collaboration and clear communication throughout,Cross-training team members reduced single points of failure,,Active,,,2023-06-22 11:30:00,2024-03-02 14:30:00
